case_id,crop,harvest_year,source_group_id,split
yang2024_wheat_2015_2016_W0,wheat,2016,Wuqiao-2016,calibration
yang2024_maize_2015_2016_W0,maize,2016,Wuqiao-2016,calibration
yang2024_wheat_2015_2016_W1,wheat,2016,Wuqiao-2016,calibration
yang2024_maize_2015_2016_W1,maize,2016,Wuqiao-2016,calibration
yang2024_wheat_2015_2016_W2,wheat,2016,Wuqiao-2016,calibration
yang2024_maize_2015_2016_W2,maize,2016,Wuqiao-2016,calibration
yang2024_wheat_2015_2016_W3,wheat,2016,Wuqiao-2016,calibration
yang2024_maize_2015_2016_W3,maize,2016,Wuqiao-2016,calibration
yang2024_wheat_2016_2017_W0,wheat,2017,Wuqiao-2017,calibration
yang2024_maize_2016_2017_W0,maize,2017,Wuqiao-2017,calibration
yang2024_wheat_2016_2017_W1,wheat,2017,Wuqiao-2017,calibration
yang2024_maize_2016_2017_W1,maize,2017,Wuqiao-2017,calibration
yang2024_wheat_2016_2017_W2,wheat,2017,Wuqiao-2017,calibration
yang2024_maize_2016_2017_W2,maize,2017,Wuqiao-2017,calibration
yang2024_wheat_2016_2017_W3,wheat,2017,Wuqiao-2017,calibration
yang2024_maize_2016_2017_W3,maize,2017,Wuqiao-2017,calibration
yang2024_wheat_2017_2018_W0,wheat,2018,Wuqiao-2018,calibration
yang2024_maize_2017_2018_W0,maize,2018,Wuqiao-2018,calibration
yang2024_wheat_2017_2018_W1,wheat,2018,Wuqiao-2018,calibration
yang2024_maize_2017_2018_W1,maize,2018,Wuqiao-2018,calibration
yang2024_wheat_2017_2018_W2,wheat,2018,Wuqiao-2018,calibration
yang2024_maize_2017_2018_W2,maize,2018,Wuqiao-2018,calibration
yang2024_wheat_2017_2018_W3,wheat,2018,Wuqiao-2018,calibration
yang2024_maize_2017_2018_W3,maize,2018,Wuqiao-2018,calibration
yang2024_wheat_2018_2019_W0,wheat,2019,Wuqiao-2019,validation
yang2024_maize_2018_2019_W0,maize,2019,Wuqiao-2019,validation
yang2024_wheat_2018_2019_W1,wheat,2019,Wuqiao-2019,validation
yang2024_maize_2018_2019_W1,maize,2019,Wuqiao-2019,validation
yang2024_wheat_2018_2019_W2,wheat,2019,Wuqiao-2019,validation
yang2024_maize_2018_2019_W2,maize,2019,Wuqiao-2019,validation
yang2024_wheat_2018_2019_W3,wheat,2019,Wuqiao-2019,validation
yang2024_maize_2018_2019_W3,maize,2019,Wuqiao-2019,validation
