case_id,site,crop,split,source_group_id,harvest_year,treatment,variable,value
yang2024_maize_2015_2016_W0,Wuqiao,maize,calibration,Wuqiao-2016,2016.0,W0,seasonal_et,248.0
yang2024_maize_2015_2016_W0,Wuqiao,maize,calibration,Wuqiao-2016,2016.0,W0,yield,10655.056179775267
yang2024_maize_2015_2016_W1,Wuqiao,maize,calibration,Wuqiao-2016,2016.0,W1,seasonal_et,294.0
yang2024_maize_2015_2016_W1,Wuqiao,maize,calibration,Wuqiao-2016,2016.0,W1,yield,11388.202247190997
yang2024_maize_2015_2016_W2,Wuqiao,maize,calibration,Wuqiao-2016,2016.0,W2,seasonal_et,346.0
yang2024_maize_2015_2016_W2,Wuqiao,maize,calibration,Wuqiao-2016,2016.0,W2,yield,10264.04494382021
yang2024_maize_2015_2016_W3,Wuqiao,maize,calibration,Wuqiao-2016,2016.0,W3,seasonal_et,356.0
yang2024_maize_2015_2016_W3,Wuqiao,maize,calibration,Wuqiao-2016,2016.0,W3,yield,10361.797752808972
yang2024_maize_2016_2017_W0,Wuqiao,maize,calibration,Wuqiao-2017,2017.0,W0,seasonal_et,341.0
yang2024_maize_2016_2017_W0,Wuqiao,maize,calibration,Wuqiao-2017,2017.0,W0,yield,10997.191011235942
yang2024_maize_2016_2017_W1,Wuqiao,maize,calibration,Wuqiao-2017,2017.0,W1,seasonal_et,239.0
yang2024_maize_2016_2017_W1,Wuqiao,maize,calibration,Wuqiao-2017,2017.0,W1,yield,10117.415730337065
yang2024_maize_2016_2017_W2,Wuqiao,maize,calibration,Wuqiao-2017,2017.0,W2,seasonal_et,175.0
yang2024_maize_2016_2017_W2,Wuqiao,maize,calibration,Wuqiao-2017,2017.0,W2,yield,11730.33707865167
yang2024_maize_2016_2017_W3,Wuqiao,maize,calibration,Wuqiao-2017,2017.0,W3,seasonal_et,270.0
yang2024_maize_2016_2017_W3,Wuqiao,maize,calibration,Wuqiao-2017,2017.0,W3,yield,10997.191011235942
yang2024_maize_2017_2018_W0,Wuqiao,maize,calibration,Wuqiao-2018,2018.0,W0,seasonal_et,289.0
yang2024_maize_2017_2018_W0,Wuqiao,maize,calibration,Wuqiao-2018,2018.0,W0,yield,10655.056179775267
yang2024_maize_2017_2018_W1,Wuqiao,maize,calibration,Wuqiao-2018,2018.0,W1,seasonal_et,300.0
yang2024_maize_2017_2018_W1,Wuqiao,maize,calibration,Wuqiao-2018,2018.0,W1,yield,11485.955056179762
yang2024_maize_2017_2018_W2,Wuqiao,maize,calibration,Wuqiao-2018,2018.0,W2,seasonal_et,305.0
yang2024_maize_2017_2018_W2,Wuqiao,maize,calibration,Wuqiao-2018,2018.0,W2,yield,7917.977528089875
yang2024_maize_2017_2018_W3,Wuqiao,maize,calibration,Wuqiao-2018,2018.0,W3,seasonal_et,379.0
yang2024_maize_2017_2018_W3,Wuqiao,maize,calibration,Wuqiao-2018,2018.0,W3,yield,9433.146067415717
yang2024_maize_2015_2016_W0,Wuqiao,maize,calibration,Wuqiao-2016,2016.0,W0,harvest_biomass,22900.0
yang2024_maize_2015_2016_W1,Wuqiao,maize,calibration,Wuqiao-2016,2016.0,W1,harvest_biomass,22200.0
yang2024_maize_2015_2016_W2,Wuqiao,maize,calibration,Wuqiao-2016,2016.0,W2,harvest_biomass,21600.0
yang2024_maize_2015_2016_W3,Wuqiao,maize,calibration,Wuqiao-2016,2016.0,W3,harvest_biomass,20800.0
yang2024_maize_2016_2017_W0,Wuqiao,maize,calibration,Wuqiao-2017,2017.0,W0,harvest_biomass,23300.0
yang2024_maize_2016_2017_W1,Wuqiao,maize,calibration,Wuqiao-2017,2017.0,W1,harvest_biomass,22900.0
yang2024_maize_2016_2017_W2,Wuqiao,maize,calibration,Wuqiao-2017,2017.0,W2,harvest_biomass,23300.0
yang2024_maize_2016_2017_W3,Wuqiao,maize,calibration,Wuqiao-2017,2017.0,W3,harvest_biomass,22400.0
yang2024_maize_2017_2018_W0,Wuqiao,maize,calibration,Wuqiao-2018,2018.0,W0,harvest_biomass,22000.0
yang2024_maize_2017_2018_W1,Wuqiao,maize,calibration,Wuqiao-2018,2018.0,W1,harvest_biomass,20900.0
yang2024_maize_2017_2018_W2,Wuqiao,maize,calibration,Wuqiao-2018,2018.0,W2,harvest_biomass,17000.0
yang2024_maize_2017_2018_W3,Wuqiao,maize,calibration,Wuqiao-2018,2018.0,W3,harvest_biomass,18900.0
