source_doi,source_url,source_location,crop,season,treatment,event_number,event_date,irrigation_mm,irrigation_method,transcription_limit
10.1016/j.agwat.2026.110267,https://www.researchgate.net/publication/401621836_Doubling_gains_halting_losses_Subsurface_drip_irrigation_reshapes_wheat-maize_system_sustainability,Table 1 p4,maize,2023,SDIP,1,2023-06-22,73.4,subsurface drip,public indexed table column order; annual SDIP sum inconsistent with narrative
10.1016/j.agwat.2026.110267,https://www.researchgate.net/publication/401621836_Doubling_gains_halting_losses_Subsurface_drip_irrigation_reshapes_wheat-maize_system_sustainability,Table 1 p4,maize,2023,FIL,1,2023-06-21,80,flood,public indexed table column order; annual SDIP sum inconsistent with narrative
10.1016/j.agwat.2026.110267,https://www.researchgate.net/publication/401621836_Doubling_gains_halting_losses_Subsurface_drip_irrigation_reshapes_wheat-maize_system_sustainability,Table 1 p4,maize,2023,CK,1,2023-06-21,80,flood,public indexed table column order; annual SDIP sum inconsistent with narrative
10.1016/j.agwat.2026.110267,https://www.researchgate.net/publication/401621836_Doubling_gains_halting_losses_Subsurface_drip_irrigation_reshapes_wheat-maize_system_sustainability,Table 1 p4,wheat,2023/2024,SDIP,1,2023-10-22,55,subsurface drip,public indexed table column order; annual SDIP sum inconsistent with narrative
10.1016/j.agwat.2026.110267,https://www.researchgate.net/publication/401621836_Doubling_gains_halting_losses_Subsurface_drip_irrigation_reshapes_wheat-maize_system_sustainability,Table 1 p4,wheat,2023/2024,SDIP,2,2024-04-05,56,subsurface drip,public indexed table column order; annual SDIP sum inconsistent with narrative
10.1016/j.agwat.2026.110267,https://www.researchgate.net/publication/401621836_Doubling_gains_halting_losses_Subsurface_drip_irrigation_reshapes_wheat-maize_system_sustainability,Table 1 p4,wheat,2023/2024,SDIP,3,2024-05-02,57,subsurface drip,public indexed table column order; annual SDIP sum inconsistent with narrative
10.1016/j.agwat.2026.110267,https://www.researchgate.net/publication/401621836_Doubling_gains_halting_losses_Subsurface_drip_irrigation_reshapes_wheat-maize_system_sustainability,Table 1 p4,wheat,2023/2024,SDIP,4,2024-05-19,52,subsurface drip,public indexed table column order; annual SDIP sum inconsistent with narrative
10.1016/j.agwat.2026.110267,https://www.researchgate.net/publication/401621836_Doubling_gains_halting_losses_Subsurface_drip_irrigation_reshapes_wheat-maize_system_sustainability,Table 1 p4,wheat,2023/2024,FIL,1,2023-10-22,80,flood,public indexed table column order; annual SDIP sum inconsistent with narrative
10.1016/j.agwat.2026.110267,https://www.researchgate.net/publication/401621836_Doubling_gains_halting_losses_Subsurface_drip_irrigation_reshapes_wheat-maize_system_sustainability,Table 1 p4,wheat,2023/2024,FIL,2,2024-04-05,80,flood,public indexed table column order; annual SDIP sum inconsistent with narrative
10.1016/j.agwat.2026.110267,https://www.researchgate.net/publication/401621836_Doubling_gains_halting_losses_Subsurface_drip_irrigation_reshapes_wheat-maize_system_sustainability,Table 1 p4,wheat,2023/2024,FIL,3,2024-05-03,80,flood,public indexed table column order; annual SDIP sum inconsistent with narrative
10.1016/j.agwat.2026.110267,https://www.researchgate.net/publication/401621836_Doubling_gains_halting_losses_Subsurface_drip_irrigation_reshapes_wheat-maize_system_sustainability,Table 1 p4,wheat,2023/2024,CK,1,2023-10-22,80,flood,public indexed table column order; annual SDIP sum inconsistent with narrative
10.1016/j.agwat.2026.110267,https://www.researchgate.net/publication/401621836_Doubling_gains_halting_losses_Subsurface_drip_irrigation_reshapes_wheat-maize_system_sustainability,Table 1 p4,wheat,2023/2024,CK,2,2024-04-05,80,flood,public indexed table column order; annual SDIP sum inconsistent with narrative
10.1016/j.agwat.2026.110267,https://www.researchgate.net/publication/401621836_Doubling_gains_halting_losses_Subsurface_drip_irrigation_reshapes_wheat-maize_system_sustainability,Table 1 p4,wheat,2023/2024,CK,3,2024-05-03,80,flood,public indexed table column order; annual SDIP sum inconsistent with narrative
10.1016/j.agwat.2026.110267,https://www.researchgate.net/publication/401621836_Doubling_gains_halting_losses_Subsurface_drip_irrigation_reshapes_wheat-maize_system_sustainability,Table 1 p4,wheat,2023/2024,CK,4,2024-05-19,80,flood,public indexed table column order; annual SDIP sum inconsistent with narrative
10.1016/j.agwat.2026.110267,https://www.researchgate.net/publication/401621836_Doubling_gains_halting_losses_Subsurface_drip_irrigation_reshapes_wheat-maize_system_sustainability,Table 1 p4,maize,2024,SDIP,1,2024-06-20,14.9,subsurface drip,public indexed table column order; annual SDIP sum inconsistent with narrative
10.1016/j.agwat.2026.110267,https://www.researchgate.net/publication/401621836_Doubling_gains_halting_losses_Subsurface_drip_irrigation_reshapes_wheat-maize_system_sustainability,Table 1 p4,maize,2024,FIL,1,2024-06-22,60,flood,public indexed table column order; annual SDIP sum inconsistent with narrative
10.1016/j.agwat.2026.110267,https://www.researchgate.net/publication/401621836_Doubling_gains_halting_losses_Subsurface_drip_irrigation_reshapes_wheat-maize_system_sustainability,Table 1 p4,maize,2024,CK,1,2024-06-22,80,flood,public indexed table column order; annual SDIP sum inconsistent with narrative
