source_doi,source_url,source_location,crop,season,treatment,sowing_date,harvest_date,basal_N_kg_ha,basal_N_date,topdress_N_kg_ha,topdress_N_date_as_printed,N_total_kg_ha,N_total_status,fertilizer_method,date_consistency,water_only_contrast_available
10.1016/j.agwat.2026.110267,https://www.researchgate.net/publication/401621836_Doubling_gains_halting_losses_Subsurface_drip_irrigation_reshapes_wheat-maize_system_sustainability,section2.2 p2 sowing; Table1 p4 N dates/rates,wheat,2022/2023,SDIP,2022-11-26,,135,2022-11-25,138,2024-04-03,273,derived sum of printed doses; not an independently measured seasonal total,broadcast,printed_topdress2024_date_outside2022_2023_crop_season,False
10.1016/j.agwat.2026.110267,https://www.researchgate.net/publication/401621836_Doubling_gains_halting_losses_Subsurface_drip_irrigation_reshapes_wheat-maize_system_sustainability,section2.2 p2 sowing; Table1 p4 N dates/rates,wheat,2022/2023,FIL,2022-11-26,,135,2022-11-25,138,2024-04-03,273,derived sum of printed doses; not an independently measured seasonal total,broadcast,printed_topdress2024_date_outside2022_2023_crop_season,False
10.1016/j.agwat.2026.110267,https://www.researchgate.net/publication/401621836_Doubling_gains_halting_losses_Subsurface_drip_irrigation_reshapes_wheat-maize_system_sustainability,section2.2 p2 sowing; Table1 p4 N dates/rates,wheat,2022/2023,CK,2022-11-26,,135,2022-11-25,138,2024-04-03,273,derived sum of printed doses; not an independently measured seasonal total,broadcast,printed_topdress2024_date_outside2022_2023_crop_season,False
10.1016/j.agwat.2026.110267,https://www.researchgate.net/publication/401621836_Doubling_gains_halting_losses_Subsurface_drip_irrigation_reshapes_wheat-maize_system_sustainability,section2.2 p2 sowing; Table1 p4 N dates/rates,maize,2023,SDIP,2023-06-20,,135,2023-06-23,0,,135,derived sum of printed doses; not an independently measured seasonal total,with irrigation water,no_calendar_conflict_identified,False
10.1016/j.agwat.2026.110267,https://www.researchgate.net/publication/401621836_Doubling_gains_halting_losses_Subsurface_drip_irrigation_reshapes_wheat-maize_system_sustainability,section2.2 p2 sowing; Table1 p4 N dates/rates,maize,2023,FIL,2023-06-20,,157.5,2023-06-18,0,,157.5,derived sum of printed doses; not an independently measured seasonal total,broadcast,no_calendar_conflict_identified,False
10.1016/j.agwat.2026.110267,https://www.researchgate.net/publication/401621836_Doubling_gains_halting_losses_Subsurface_drip_irrigation_reshapes_wheat-maize_system_sustainability,section2.2 p2 sowing; Table1 p4 N dates/rates,maize,2023,CK,2023-06-20,,225,2023-06-18,0,,225,derived sum of printed doses; not an independently measured seasonal total,broadcast,no_calendar_conflict_identified,False
10.1016/j.agwat.2026.110267,https://www.researchgate.net/publication/401621836_Doubling_gains_halting_losses_Subsurface_drip_irrigation_reshapes_wheat-maize_system_sustainability,section2.2 p2 sowing; Table1 p4 N dates/rates,wheat,2023/2024,SDIP,2023-10-11,,81,2023-10-22,82.8,2024-04-05,163.8,derived sum of printed doses; not an independently measured seasonal total,with irrigation water,no_calendar_conflict_identified,False
10.1016/j.agwat.2026.110267,https://www.researchgate.net/publication/401621836_Doubling_gains_halting_losses_Subsurface_drip_irrigation_reshapes_wheat-maize_system_sustainability,section2.2 p2 sowing; Table1 p4 N dates/rates,wheat,2023/2024,FIL,2023-10-11,,94.5,2023-10-10,96.6,2024-04-05,191.1,derived sum of printed doses; not an independently measured seasonal total,broadcast,no_calendar_conflict_identified,False
10.1016/j.agwat.2026.110267,https://www.researchgate.net/publication/401621836_Doubling_gains_halting_losses_Subsurface_drip_irrigation_reshapes_wheat-maize_system_sustainability,section2.2 p2 sowing; Table1 p4 N dates/rates,wheat,2023/2024,CK,2023-10-11,,135,2023-10-10,138,2024-04-05,273,derived sum of printed doses; not an independently measured seasonal total,broadcast,no_calendar_conflict_identified,False
10.1016/j.agwat.2026.110267,https://www.researchgate.net/publication/401621836_Doubling_gains_halting_losses_Subsurface_drip_irrigation_reshapes_wheat-maize_system_sustainability,section2.2 p2 sowing; Table1 p4 N dates/rates,maize,2024,SDIP,2024-06-20,,135,2024-06-20,0,,135,derived sum of printed doses; not an independently measured seasonal total,with irrigation water,no_calendar_conflict_identified,False
10.1016/j.agwat.2026.110267,https://www.researchgate.net/publication/401621836_Doubling_gains_halting_losses_Subsurface_drip_irrigation_reshapes_wheat-maize_system_sustainability,section2.2 p2 sowing; Table1 p4 N dates/rates,maize,2024,FIL,2024-06-20,,157.5,2024-06-13,0,,157.5,derived sum of printed doses; not an independently measured seasonal total,broadcast,no_calendar_conflict_identified,False
10.1016/j.agwat.2026.110267,https://www.researchgate.net/publication/401621836_Doubling_gains_halting_losses_Subsurface_drip_irrigation_reshapes_wheat-maize_system_sustainability,section2.2 p2 sowing; Table1 p4 N dates/rates,maize,2024,CK,2024-06-20,,225,2024-06-13,0,,225,derived sum of printed doses; not an independently measured seasonal total,broadcast,no_calendar_conflict_identified,False
