record_id,paper_id,experiment_id,source_doi,source_url,retrieved_on,site,latitude,longitude,coordinate_scope,crop,season,harvest_year,treatment,aggregation_level,quantity_origin,figure_digitized,source_location,irrigation_mm,irrigation_basis,irrigation_event_sum_mm,irrigation_events_json,target_theta_fc_stages_json,yield_kg_ha,yield_uncertainty_kg_ha,yield_uncertainty_type,yield_significance_letters,yield_moisture_basis,yield_replicates,et_mm,et_uncertainty_mm,et_uncertainty_type,et_significance_letters,et_method,et_field_units,biomass_kg_ha,biomass_uncertainty_kg_ha,biomass_uncertainty_type,biomass_significance_letters,biomass_replicates,station_rainfall_mm,effective_precipitation_mm,soil_water_depletion_mm,soil_water_depletion_uncertainty_mm,estimated_drainage_mm,evaporation_mm,derived_transpiration_mm,soil_water_storage_initial_mm,soil_water_storage_depth_cm,source_storage_change_mm,source_storage_change_convention,source_yield_anova_p,reported_wue_kg_m3,reported_iwue_kg_m3,nitrogen_kg_ha,sowing_date,harvest_date,sowing_window,harvest_window,holdout_inventory_check,native_validation_status,uncertainty_flags,candidate_use
sun2006:wheat:1999/2000:A,sun2006,Luancheng_Sun_1999_2002,10.1016/j.agwat.2006.04.008,https://www.researchgate.net/publication/330752682_Effects_of_irrigation_on_water_balance_yield_and_WUE_of_winter_wheat_in_the_North_China_Plain,2026-10-03,Luancheng,37.88333333333333,114.68333333333334,experimental_station; exact plot corners not reported,wheat,1999/2000,2000,A,treatment_crop_season_mean,published_observed_treatment_mean,False,Table 4 p214; Tables 5-6 p215; stage schedule Table 3 p213; soil Table 1 p212,284.5,season total measured with water meter; includes approximately 80 mm establishment/prewinter irrigation,,,"{""winter_dormancy"":1,""recovering"":null,""stem_elongation"":0.8,""heading"":0.8,""grain_filling"":0.8}",5467,179,reported_plus_minus_unspecified,a,not_reported,3,383.2,11.7,reported_plus_minus_unspecified,bc,water balance from measured I/P/profile depletion and estimated drainage; runoff/capillary rise ignored,3,,,not_reported,,,53.5,,65.7,15.2,20.5,129.9,253.3,,,,,,1.43,,130,,,beginning of October; exact date unreported,mid-June; exact date unreported,no_matching_site_crop_harvest_year_in_current_case_inventory,not_run,unresolved_pm_definition;missing_event_dates;missing_initial_profile;theta_fc_not_paw_fraction,unfitted treatment contrast and season-level yield/water-balance benchmark; not a complete daily input record
sun2006:wheat:1999/2000:B,sun2006,Luancheng_Sun_1999_2002,10.1016/j.agwat.2006.04.008,https://www.researchgate.net/publication/330752682_Effects_of_irrigation_on_water_balance_yield_and_WUE_of_winter_wheat_in_the_North_China_Plain,2026-10-03,Luancheng,37.88333333333333,114.68333333333334,experimental_station; exact plot corners not reported,wheat,1999/2000,2000,B,treatment_crop_season_mean,published_observed_treatment_mean,False,Table 4 p214; Tables 5-6 p215; stage schedule Table 3 p213; soil Table 1 p212,323.9,season total measured with water meter; includes approximately 80 mm establishment/prewinter irrigation,,,"{""winter_dormancy"":1,""recovering"":0.8,""stem_elongation"":null,""heading"":0.8,""grain_filling"":0.8}",5487,252,reported_plus_minus_unspecified,a,not_reported,3,421.4,20.6,reported_plus_minus_unspecified,b,water balance from measured I/P/profile depletion and estimated drainage; runoff/capillary rise ignored,3,,,not_reported,,,53.5,,61.1,5.8,17.1,134.9,286.5,,,,,,1.31,,130,,,beginning of October; exact date unreported,mid-June; exact date unreported,no_matching_site_crop_harvest_year_in_current_case_inventory,not_run,unresolved_pm_definition;missing_event_dates;missing_initial_profile;theta_fc_not_paw_fraction,unfitted treatment contrast and season-level yield/water-balance benchmark; not a complete daily input record
sun2006:wheat:1999/2000:C,sun2006,Luancheng_Sun_1999_2002,10.1016/j.agwat.2006.04.008,https://www.researchgate.net/publication/330752682_Effects_of_irrigation_on_water_balance_yield_and_WUE_of_winter_wheat_in_the_North_China_Plain,2026-10-03,Luancheng,37.88333333333333,114.68333333333334,experimental_station; exact plot corners not reported,wheat,1999/2000,2000,C,treatment_crop_season_mean,published_observed_treatment_mean,False,Table 4 p214; Tables 5-6 p215; stage schedule Table 3 p213; soil Table 1 p212,247.9,season total measured with water meter; includes approximately 80 mm establishment/prewinter irrigation,,,"{""winter_dormancy"":1,""recovering"":0.8,""stem_elongation"":0.8,""heading"":0.8,""grain_filling"":null}",5584,151,reported_plus_minus_unspecified,a,not_reported,3,373.4,21.4,reported_plus_minus_unspecified,c,water balance from measured I/P/profile depletion and estimated drainage; runoff/capillary rise ignored,3,,,not_reported,,,53.5,,82.9,19.9,10.8,128.9,244.5,,,,,,1.5,,130,,,beginning of October; exact date unreported,mid-June; exact date unreported,no_matching_site_crop_harvest_year_in_current_case_inventory,not_run,unresolved_pm_definition;missing_event_dates;missing_initial_profile;theta_fc_not_paw_fraction,unfitted treatment contrast and season-level yield/water-balance benchmark; not a complete daily input record
sun2006:wheat:1999/2000:D,sun2006,Luancheng_Sun_1999_2002,10.1016/j.agwat.2006.04.008,https://www.researchgate.net/publication/330752682_Effects_of_irrigation_on_water_balance_yield_and_WUE_of_winter_wheat_in_the_North_China_Plain,2026-10-03,Luancheng,37.88333333333333,114.68333333333334,experimental_station; exact plot corners not reported,wheat,1999/2000,2000,D,treatment_crop_season_mean,published_observed_treatment_mean,False,Table 4 p214; Tables 5-6 p215; stage schedule Table 3 p213; soil Table 1 p212,404.8,season total measured with water meter; includes approximately 80 mm establishment/prewinter irrigation,,,"{""winter_dormancy"":1,""recovering"":1,""stem_elongation"":1,""heading"":1,""grain_filling"":1}",5306,64,reported_plus_minus_unspecified,a,not_reported,3,464.0,35.1,reported_plus_minus_unspecified,a,water balance from measured I/P/profile depletion and estimated drainage; runoff/capillary rise ignored,3,,,not_reported,,,53.5,,42.2,12.6,36.5,140.4,323.6,,,,,,1.14,,130,,,beginning of October; exact date unreported,mid-June; exact date unreported,no_matching_site_crop_harvest_year_in_current_case_inventory,not_run,unresolved_pm_definition;missing_event_dates;missing_initial_profile;theta_fc_not_paw_fraction,unfitted treatment contrast and season-level yield/water-balance benchmark; not a complete daily input record
sun2006:wheat:1999/2000:E,sun2006,Luancheng_Sun_1999_2002,10.1016/j.agwat.2006.04.008,https://www.researchgate.net/publication/330752682_Effects_of_irrigation_on_water_balance_yield_and_WUE_of_winter_wheat_in_the_North_China_Plain,2026-10-03,Luancheng,37.88333333333333,114.68333333333334,experimental_station; exact plot corners not reported,wheat,1999/2000,2000,E,treatment_crop_season_mean,published_observed_treatment_mean,False,Table 4 p214; Tables 5-6 p215; stage schedule Table 3 p213; soil Table 1 p212,80.0,season total measured with water meter; includes approximately 80 mm establishment/prewinter irrigation,,,"{""winter_dormancy"":1,""recovering"":null,""stem_elongation"":null,""heading"":null,""grain_filling"":null}",3552,172,reported_plus_minus_unspecified,b,not_reported,4,192.0,16.5,reported_plus_minus_unspecified,d,water balance from measured I/P/profile depletion and estimated drainage; runoff/capillary rise ignored,4,,,not_reported,,,53.5,,66.5,18.5,8.0,108.0,84.0,,,,,,1.83,,130,,,beginning of October; exact date unreported,mid-June; exact date unreported,no_matching_site_crop_harvest_year_in_current_case_inventory,not_run,unresolved_pm_definition;missing_event_dates;missing_initial_profile;theta_fc_not_paw_fraction;establishment_irrigated_control,unfitted treatment contrast and season-level yield/water-balance benchmark; not a complete daily input record
sun2006:wheat:2000/2001:A,sun2006,Luancheng_Sun_1999_2002,10.1016/j.agwat.2006.04.008,https://www.researchgate.net/publication/330752682_Effects_of_irrigation_on_water_balance_yield_and_WUE_of_winter_wheat_in_the_North_China_Plain,2026-10-03,Luancheng,37.88333333333333,114.68333333333334,experimental_station; exact plot corners not reported,wheat,2000/2001,2001,A,treatment_crop_season_mean,published_observed_treatment_mean,False,Table 4 p214; Tables 5-6 p215; stage schedule Table 3 p213; soil Table 1 p212,272.7,season total measured with water meter; includes approximately 80 mm establishment/prewinter irrigation,,,"{""winter_dormancy"":1,""recovering"":null,""stem_elongation"":0.8,""heading"":0.8,""grain_filling"":0.8}",4893,172,reported_plus_minus_unspecified,a,not_reported,3,417.0,70.3,reported_plus_minus_unspecified,a,water balance from measured I/P/profile depletion and estimated drainage; runoff/capillary rise ignored,3,,,not_reported,,,139.3,,16.0,8.8,11.0,135.7,281.3,,,,,,1.19,,130,,,beginning of October; exact date unreported,mid-June; exact date unreported,no_matching_site_crop_harvest_year_in_current_case_inventory,not_run,unresolved_pm_definition;missing_event_dates;missing_initial_profile;theta_fc_not_paw_fraction,unfitted treatment contrast and season-level yield/water-balance benchmark; not a complete daily input record
sun2006:wheat:2000/2001:B,sun2006,Luancheng_Sun_1999_2002,10.1016/j.agwat.2006.04.008,https://www.researchgate.net/publication/330752682_Effects_of_irrigation_on_water_balance_yield_and_WUE_of_winter_wheat_in_the_North_China_Plain,2026-10-03,Luancheng,37.88333333333333,114.68333333333334,experimental_station; exact plot corners not reported,wheat,2000/2001,2001,B,treatment_crop_season_mean,published_observed_treatment_mean,False,Table 4 p214; Tables 5-6 p215; stage schedule Table 3 p213; soil Table 1 p212,234.0,season total measured with water meter; includes approximately 80 mm establishment/prewinter irrigation,,,"{""winter_dormancy"":1,""recovering"":0.8,""stem_elongation"":null,""heading"":0.8,""grain_filling"":0.8}",4965,142,reported_plus_minus_unspecified,a,not_reported,3,368.8,11.2,reported_plus_minus_unspecified,a,water balance from measured I/P/profile depletion and estimated drainage; runoff/capillary rise ignored,3,,,not_reported,,,139.3,,16.0,8.0,20.5,138.1,230.7,,,,,,1.33,,130,,,beginning of October; exact date unreported,mid-June; exact date unreported,no_matching_site_crop_harvest_year_in_current_case_inventory,not_run,unresolved_pm_definition;missing_event_dates;missing_initial_profile;theta_fc_not_paw_fraction,unfitted treatment contrast and season-level yield/water-balance benchmark; not a complete daily input record
sun2006:wheat:2000/2001:C,sun2006,Luancheng_Sun_1999_2002,10.1016/j.agwat.2006.04.008,https://www.researchgate.net/publication/330752682_Effects_of_irrigation_on_water_balance_yield_and_WUE_of_winter_wheat_in_the_North_China_Plain,2026-10-03,Luancheng,37.88333333333333,114.68333333333334,experimental_station; exact plot corners not reported,wheat,2000/2001,2001,C,treatment_crop_season_mean,published_observed_treatment_mean,False,Table 4 p214; Tables 5-6 p215; stage schedule Table 3 p213; soil Table 1 p212,230.0,season total measured with water meter; includes approximately 80 mm establishment/prewinter irrigation,,,"{""winter_dormancy"":1,""recovering"":0.8,""stem_elongation"":0.8,""heading"":0.8,""grain_filling"":null}",5177,276,reported_plus_minus_unspecified,a,not_reported,3,385.5,29.5,reported_plus_minus_unspecified,a,water balance from measured I/P/profile depletion and estimated drainage; runoff/capillary rise ignored,3,,,not_reported,,,139.3,,33.3,17.3,17.1,137.7,247.8,,,,,,1.34,,130,,,beginning of October; exact date unreported,mid-June; exact date unreported,no_matching_site_crop_harvest_year_in_current_case_inventory,not_run,unresolved_pm_definition;missing_event_dates;missing_initial_profile;theta_fc_not_paw_fraction,unfitted treatment contrast and season-level yield/water-balance benchmark; not a complete daily input record
sun2006:wheat:2000/2001:D,sun2006,Luancheng_Sun_1999_2002,10.1016/j.agwat.2006.04.008,https://www.researchgate.net/publication/330752682_Effects_of_irrigation_on_water_balance_yield_and_WUE_of_winter_wheat_in_the_North_China_Plain,2026-10-03,Luancheng,37.88333333333333,114.68333333333334,experimental_station; exact plot corners not reported,wheat,2000/2001,2001,D,treatment_crop_season_mean,published_observed_treatment_mean,False,Table 4 p214; Tables 5-6 p215; stage schedule Table 3 p213; soil Table 1 p212,308.7,season total measured with water meter; includes approximately 80 mm establishment/prewinter irrigation,,,"{""winter_dormancy"":1,""recovering"":1,""stem_elongation"":1,""heading"":1,""grain_filling"":1}",4972,96,reported_plus_minus_unspecified,a,not_reported,3,443.7,70.8,reported_plus_minus_unspecified,a,water balance from measured I/P/profile depletion and estimated drainage; runoff/capillary rise ignored,3,,,not_reported,,,139.3,,20.4,15.0,24.7,143.0,300.7,,,,,,1.12,,130,,,beginning of October; exact date unreported,mid-June; exact date unreported,no_matching_site_crop_harvest_year_in_current_case_inventory,not_run,unresolved_pm_definition;missing_event_dates;missing_initial_profile;theta_fc_not_paw_fraction,unfitted treatment contrast and season-level yield/water-balance benchmark; not a complete daily input record
sun2006:wheat:2000/2001:E,sun2006,Luancheng_Sun_1999_2002,10.1016/j.agwat.2006.04.008,https://www.researchgate.net/publication/330752682_Effects_of_irrigation_on_water_balance_yield_and_WUE_of_winter_wheat_in_the_North_China_Plain,2026-10-03,Luancheng,37.88333333333333,114.68333333333334,experimental_station; exact plot corners not reported,wheat,2000/2001,2001,E,treatment_crop_season_mean,published_observed_treatment_mean,False,Table 4 p214; Tables 5-6 p215; stage schedule Table 3 p213; soil Table 1 p212,80.0,season total measured with water meter; includes approximately 80 mm establishment/prewinter irrigation,,,"{""winter_dormancy"":1,""recovering"":null,""stem_elongation"":null,""heading"":null,""grain_filling"":null}",3328,80,reported_plus_minus_unspecified,b,not_reported,4,241.3,22.5,reported_plus_minus_unspecified,b,water balance from measured I/P/profile depletion and estimated drainage; runoff/capillary rise ignored,4,,,not_reported,,,139.3,,30.0,7.6,8.0,108.7,132.6,,,,,,1.38,,130,,,beginning of October; exact date unreported,mid-June; exact date unreported,no_matching_site_crop_harvest_year_in_current_case_inventory,not_run,unresolved_pm_definition;missing_event_dates;missing_initial_profile;theta_fc_not_paw_fraction;establishment_irrigated_control,unfitted treatment contrast and season-level yield/water-balance benchmark; not a complete daily input record
sun2006:wheat:2001/2002:A,sun2006,Luancheng_Sun_1999_2002,10.1016/j.agwat.2006.04.008,https://www.researchgate.net/publication/330752682_Effects_of_irrigation_on_water_balance_yield_and_WUE_of_winter_wheat_in_the_North_China_Plain,2026-10-03,Luancheng,37.88333333333333,114.68333333333334,experimental_station; exact plot corners not reported,wheat,2001/2002,2002,A,treatment_crop_season_mean,published_observed_treatment_mean,False,Table 4 p214; Tables 5-6 p215; stage schedule Table 3 p213; soil Table 1 p212,249.3,season total measured with water meter; includes approximately 80 mm establishment/prewinter irrigation,,,"{""winter_dormancy"":1,""recovering"":null,""stem_elongation"":0.8,""heading"":0.8,""grain_filling"":0.8}",4299,174,reported_plus_minus_unspecified,a,not_reported,3,397.9,36.4,reported_plus_minus_unspecified,b,water balance from measured I/P/profile depletion and estimated drainage; runoff/capillary rise ignored,3,,,not_reported,,,108.6,,58.5,10.3,18.6,121.9,276.0,,,,,,1.08,,130,,,beginning of October; exact date unreported,mid-June; exact date unreported,no_matching_site_crop_harvest_year_in_current_case_inventory,not_run,unresolved_pm_definition;missing_event_dates;missing_initial_profile;theta_fc_not_paw_fraction,unfitted treatment contrast and season-level yield/water-balance benchmark; not a complete daily input record
sun2006:wheat:2001/2002:B,sun2006,Luancheng_Sun_1999_2002,10.1016/j.agwat.2006.04.008,https://www.researchgate.net/publication/330752682_Effects_of_irrigation_on_water_balance_yield_and_WUE_of_winter_wheat_in_the_North_China_Plain,2026-10-03,Luancheng,37.88333333333333,114.68333333333334,experimental_station; exact plot corners not reported,wheat,2001/2002,2002,B,treatment_crop_season_mean,published_observed_treatment_mean,False,Table 4 p214; Tables 5-6 p215; stage schedule Table 3 p213; soil Table 1 p212,247.5,season total measured with water meter; includes approximately 80 mm establishment/prewinter irrigation,,,"{""winter_dormancy"":1,""recovering"":0.8,""stem_elongation"":null,""heading"":0.8,""grain_filling"":0.8}",4431,79,reported_plus_minus_unspecified,a,not_reported,3,406.4,16.1,reported_plus_minus_unspecified,ab,water balance from measured I/P/profile depletion and estimated drainage; runoff/capillary rise ignored,3,,,not_reported,,,108.6,,71.1,20.9,20.7,121.1,285.3,,,,,,1.09,,130,,,beginning of October; exact date unreported,mid-June; exact date unreported,no_matching_site_crop_harvest_year_in_current_case_inventory,not_run,unresolved_pm_definition;missing_event_dates;missing_initial_profile;theta_fc_not_paw_fraction,unfitted treatment contrast and season-level yield/water-balance benchmark; not a complete daily input record
sun2006:wheat:2001/2002:C,sun2006,Luancheng_Sun_1999_2002,10.1016/j.agwat.2006.04.008,https://www.researchgate.net/publication/330752682_Effects_of_irrigation_on_water_balance_yield_and_WUE_of_winter_wheat_in_the_North_China_Plain,2026-10-03,Luancheng,37.88333333333333,114.68333333333334,experimental_station; exact plot corners not reported,wheat,2001/2002,2002,C,treatment_crop_season_mean,published_observed_treatment_mean,False,Table 4 p214; Tables 5-6 p215; stage schedule Table 3 p213; soil Table 1 p212,250.7,season total measured with water meter; includes approximately 80 mm establishment/prewinter irrigation,,,"{""winter_dormancy"":1,""recovering"":0.8,""stem_elongation"":0.8,""heading"":0.8,""grain_filling"":null}",4417,165,reported_plus_minus_unspecified,a,not_reported,3,431.0,11.8,reported_plus_minus_unspecified,ab,water balance from measured I/P/profile depletion and estimated drainage; runoff/capillary rise ignored,3,,,not_reported,,,108.6,,82.4,5.9,10.7,104.8,326.2,,,,,,1.03,,130,,,beginning of October; exact date unreported,mid-June; exact date unreported,no_matching_site_crop_harvest_year_in_current_case_inventory,not_run,unresolved_pm_definition;missing_event_dates;missing_initial_profile;theta_fc_not_paw_fraction,unfitted treatment contrast and season-level yield/water-balance benchmark; not a complete daily input record
sun2006:wheat:2001/2002:D,sun2006,Luancheng_Sun_1999_2002,10.1016/j.agwat.2006.04.008,https://www.researchgate.net/publication/330752682_Effects_of_irrigation_on_water_balance_yield_and_WUE_of_winter_wheat_in_the_North_China_Plain,2026-10-03,Luancheng,37.88333333333333,114.68333333333334,experimental_station; exact plot corners not reported,wheat,2001/2002,2002,D,treatment_crop_season_mean,published_observed_treatment_mean,False,Table 4 p214; Tables 5-6 p215; stage schedule Table 3 p213; soil Table 1 p212,354.1,season total measured with water meter; includes approximately 80 mm establishment/prewinter irrigation,,,"{""winter_dormancy"":1,""recovering"":1,""stem_elongation"":1,""heading"":1,""grain_filling"":1}",4333,137,reported_plus_minus_unspecified,a,not_reported,3,444.9,25.5,reported_plus_minus_unspecified,a,water balance from measured I/P/profile depletion and estimated drainage; runoff/capillary rise ignored,3,,,not_reported,,,108.6,,13.7,5.3,31.4,139.9,305.0,,,,,,0.97,,130,,,beginning of October; exact date unreported,mid-June; exact date unreported,no_matching_site_crop_harvest_year_in_current_case_inventory,not_run,unresolved_pm_definition;missing_event_dates;missing_initial_profile;theta_fc_not_paw_fraction,unfitted treatment contrast and season-level yield/water-balance benchmark; not a complete daily input record
sun2006:wheat:2001/2002:E,sun2006,Luancheng_Sun_1999_2002,10.1016/j.agwat.2006.04.008,https://www.researchgate.net/publication/330752682_Effects_of_irrigation_on_water_balance_yield_and_WUE_of_winter_wheat_in_the_North_China_Plain,2026-10-03,Luancheng,37.88333333333333,114.68333333333334,experimental_station; exact plot corners not reported,wheat,2001/2002,2002,E,treatment_crop_season_mean,published_observed_treatment_mean,False,Table 4 p214; Tables 5-6 p215; stage schedule Table 3 p213; soil Table 1 p212,80.0,season total measured with water meter; includes approximately 80 mm establishment/prewinter irrigation,,,"{""winter_dormancy"":1,""recovering"":null,""stem_elongation"":null,""heading"":null,""grain_filling"":null}",3526,52,reported_plus_minus_unspecified,b,not_reported,4,259.7,11.7,reported_plus_minus_unspecified,c,water balance from measured I/P/profile depletion and estimated drainage; runoff/capillary rise ignored,4,,,not_reported,,,108.6,,79.1,11.7,8.0,97.9,161.9,,,,,,1.36,,130,,,beginning of October; exact date unreported,mid-June; exact date unreported,no_matching_site_crop_harvest_year_in_current_case_inventory,not_run,unresolved_pm_definition;missing_event_dates;missing_initial_profile;theta_fc_not_paw_fraction;establishment_irrigated_control,unfitted treatment contrast and season-level yield/water-balance benchmark; not a complete daily input record
