name,iso_3166_2,longitude,latitude,x_m,y_m
Inner Mongolia,CN-NM,112.57683769631348,40.418928534574206,-398808.625133691,4476046.294076899
Liaoning,CN-LN,120.12991918585232,40.49325995139728,282205.056379905,4484300.308071188
Jiangsu,CN-JS,119.33360111867098,33.57133616750005,210406.08276389856,3716114.6831470444
Shandong,CN-SD,117.99940907622963,36.332749741500066,90110.40795520262,4022465.2767703338
Hebei,CN-HE,115.57463785670018,38.52857880306931,-128515.90732115592,4266171.051567305
Tianjin,CN-TJ,117.35609114023009,39.40795665112853,32106.490403729542,4363795.07821188
Beijing,CN-BJ,116.62834843097608,40.222868150095024,-33509.476047866294,4454275.590998505
Shanxi,CN-SX,112.9783853323172,37.881305650435394,-362603.60943556525,4194323.497807085
Henan,CN-HA,114.28707806105365,34.18105347308929,-244607.04678742436,3783744.6216995837
Hubei,CN-HB,112.88893342796032,32.22198700629531,-370668.92301504215,3566468.296848355
Anhui,CN-AH,116.66467982905499,33.3168426580622,-30233.703213359062,3687888.20068811
