classification,ksat_mm_day,tau,dz_m,theta_fc_m3_m3,theta_sat_m3_m3,theta_m3_m3,dt_day,legacy_release_0_6_excess_mm_day,aquacrop_storage_release_mm_day,official_code_infiltration_scaled_throughflow_mm_day_at_same_threshold,interpretation
analytical_illustration_not_field_or_model_run,100.0,0.4340281443212177,0.05,0.3,0.45,0.4,1.0,3.000000000000001,2.115457966715962,64.9868138551047,same theta as infiltration threshold for algebra illustration; actual threshold responds to water input and profile state
analytical_illustration_not_field_or_model_run,100.0,0.4340281443212177,0.05,0.3,0.45,0.45,1.0,4.500000000000001,3.2552110824091334,100.0,same theta as infiltration threshold for algebra illustration; actual threshold responds to water input and profile state
analytical_illustration_not_field_or_model_run,100.0,0.4340281443212177,0.1,0.3,0.45,0.4,1.0,6.000000000000002,4.230915933431924,64.9868138551047,same theta as infiltration threshold for algebra illustration; actual threshold responds to water input and profile state
analytical_illustration_not_field_or_model_run,100.0,0.4340281443212177,0.1,0.3,0.45,0.45,1.0,9.000000000000002,6.510422164818267,100.0,same theta as infiltration threshold for algebra illustration; actual threshold responds to water input and profile state
analytical_illustration_not_field_or_model_run,100.0,0.4340281443212177,1.0,0.3,0.45,0.4,1.0,60.00000000000002,42.30915933431924,64.9868138551047,same theta as infiltration threshold for algebra illustration; actual threshold responds to water input and profile state
analytical_illustration_not_field_or_model_run,100.0,0.4340281443212177,1.0,0.3,0.45,0.45,1.0,90.00000000000001,65.10422164818266,100.0,same theta as infiltration threshold for algebra illustration; actual threshold responds to water input and profile state
analytical_illustration_not_field_or_model_run,586.0,0.8059016735255203,0.05,0.3,0.45,0.4,1.0,3.000000000000001,3.9279736532190253,380.82272919091344,same theta as infiltration threshold for algebra illustration; actual threshold responds to water input and profile state
analytical_illustration_not_field_or_model_run,586.0,0.8059016735255203,0.05,0.3,0.45,0.45,1.0,4.500000000000001,6.044262551441403,586.0,same theta as infiltration threshold for algebra illustration; actual threshold responds to water input and profile state
analytical_illustration_not_field_or_model_run,586.0,0.8059016735255203,0.1,0.3,0.45,0.4,1.0,6.000000000000002,7.8559473064380505,380.82272919091344,same theta as infiltration threshold for algebra illustration; actual threshold responds to water input and profile state
analytical_illustration_not_field_or_model_run,586.0,0.8059016735255203,0.1,0.3,0.45,0.45,1.0,9.000000000000002,12.088525102882805,586.0,same theta as infiltration threshold for algebra illustration; actual threshold responds to water input and profile state
analytical_illustration_not_field_or_model_run,586.0,0.8059016735255203,1.0,0.3,0.45,0.4,1.0,60.00000000000002,78.55947306438051,380.82272919091344,same theta as infiltration threshold for algebra illustration; actual threshold responds to water input and profile state
analytical_illustration_not_field_or_model_run,586.0,0.8059016735255203,1.0,0.3,0.45,0.45,1.0,90.00000000000001,120.88525102882805,586.0,same theta as infiltration threshold for algebra illustration; actual threshold responds to water input and profile state
