crop,parameter,value,lower_bound,upper_bound,native_model_changed,daily_ET_fitted,estimated_in_water_fit
wheat,transpiration_multiplier,0.7554210866036142,0.5,1.5,False,False,True
wheat,soil_evaporation_coefficient,1.2951608401457857,0.1,1.3,False,False,True
wheat,readily_available_water_fraction,0.5431488450801907,0.3,0.75,False,False,True
wheat,RUE_multiplier,1.0530031292587385,0.75,1.3,False,False,False
wheat,leaf_allocation_multiplier,0.6500260021710617,0.65,1.4,False,False,False
wheat,grain_number_multiplier,1.0932267848526303,0.6,1.5,False,False,False
wheat,assimilation_water_stress_exponent,1.8598514447630252,0.25,2.0,False,False,True
wheat,root_density_decay_m_inv,3.4121085378121305e-10,0.0,6.0,False,False,True
wheat,maximum_root_depth_mm,1888.6549098790924,1500.0,2000.0,False,False,True
wheat,log10_root_extraction_day,-1.3698630842548303,-3.0,-0.7,False,False,True
wheat,root_compensation_fraction,0.9999999706106593,0.0,1.0,False,False,True
maize,transpiration_multiplier,0.9547469061711371,0.5,1.5,False,False,True
maize,soil_evaporation_coefficient,0.1000000220378535,0.1,1.3,False,False,True
maize,readily_available_water_fraction,0.6749940271712767,0.3,0.75,False,False,True
maize,RUE_multiplier,0.9579088207913398,0.75,1.5,False,False,False
maize,early_leaf_allocation_multiplier,0.9933920424539769,0.65,1.5,False,False,False
maize,late_leaf_allocation_multiplier,1.4892861726647866,0.65,1.5,False,False,False
maize,grain_number_multiplier,0.9881565728382623,0.6,1.5,False,False,False
maize,assimilation_water_stress_exponent,0.2500000000081524,0.25,2.0,False,False,True
maize,root_density_decay_m_inv,2.2699589872211745e-13,0.0,6.0,False,False,True
maize,maximum_root_depth_mm,1699.9999983138148,1000.0,1700.0,False,False,True
maize,root_compensation_fraction,6.622949193665031e-08,0.0,1.0,False,False,True
maize,log10_root_extraction_day,-1.4744012736525711,-3.0,0.0,False,False,True
