crop,split,variable,n,n_sites,n_site_years,rmse,bias,nse,r_squared,version,site
maize,calibration,biomass,40,1,3,2956.1296770782205,1920.013570427912,0.751235787888145,0.8566941421720015,management_refit,Fengqiu
maize,calibration,et,143,1,2,2.1875794662425427,-0.36680260731132386,0.2365272655394438,0.2589922455905682,management_refit,Fengqiu
maize,calibration,lai,40,1,3,0.9570485802636094,0.5248651281519892,0.7051518256213445,0.8109262290745334,management_refit,Fengqiu
maize,validation,biomass,32,1,2,3434.3648400080306,1827.4710412137017,0.4130344229187116,0.6287618756904912,management_refit,Fengqiu
maize,validation,et,64,1,1,2.4932023680992432,-0.4959173425480996,0.08967747409436533,0.1374539171554234,management_refit,Fengqiu
maize,validation,lai,32,1,2,0.9331409190236526,-0.019595498319398996,0.7656279615309559,0.8533967081974498,management_refit,Fengqiu
wheat,calibration,biomass,67,1,3,2501.8719967243255,1443.8359495197553,0.6635460096612407,0.85549746648363,management_refit,Fengqiu
wheat,calibration,et,360,1,2,1.8067361494946976,-0.3674255023748616,0.43842950415696136,0.4624806381748734,management_refit,Fengqiu
wheat,calibration,lai,67,1,3,1.0354159188190266,0.2096132583667527,0.4173924544765374,0.6754671894321167,management_refit,Fengqiu
wheat,validation,biomass,24,1,1,6394.656150051648,4389.765680171434,-3.103219890640858,0.8142989704924107,management_refit,Fengqiu
wheat,validation,et,395,1,2,1.5186737113707287,0.18417455019053236,0.19865349325357307,0.26875355173703325,management_refit,Fengqiu
wheat,validation,lai,20,1,1,2.1093480818297707,1.3639085168329075,-3.9229411963488934,0.8379099211792131,management_refit,Fengqiu
maize,calibration,lai,144,1,2,1.411974632135621,-0.8140914971707506,0.5202216173639378,0.7737475373325094,management_refit,Gucheng
maize,validation,lai,72,1,1,1.4051561180665186,-0.8710082272203161,0.5247849849699324,0.9009205818673527,management_refit,Gucheng
maize,calibration,biomass,20,1,2,7194.563886217034,5482.16138105382,-1.2652469408664668,0.24191655302500883,management_refit,Luancheng
maize,calibration,lai,14,1,2,0.794891045112418,0.3754771929665104,0.5862738477701557,0.6837286970881471,management_refit,Luancheng
maize,validation,biomass,42,1,2,1817.3460806540957,1015.6973256632735,0.924671702685603,0.9496282870503392,management_refit,Luancheng
maize,validation,lai,30,1,2,0.3681512955286732,-0.1829174326450907,0.9466398084878378,0.9697867859047349,management_refit,Luancheng
wheat,calibration,biomass,34,1,2,5234.377298818924,3156.603009778827,0.019558953404133494,0.411035304148491,management_refit,Luancheng
wheat,calibration,lai,28,1,2,1.9916690054097914,-1.6028482305518175,-0.18730535422249117,0.6150380715259753,management_refit,Luancheng
wheat,validation,biomass,69,1,3,3353.860615507312,389.11893029281106,0.5243563938242319,0.6500118376590694,management_refit,Luancheng
wheat,validation,lai,51,1,3,1.6982876751788332,-1.2594162822004353,0.2431769592360835,0.7270901834351506,management_refit,Luancheng
maize,calibration,biomass,8,1,2,2597.246512804087,1109.5092074005956,0.8745341203369409,0.8974687373809523,management_refit,Shangqiu
maize,calibration,lai,8,1,2,1.5011570041529192,0.4504447215681827,0.4716166679922641,0.5203758564180602,management_refit,Shangqiu
maize,validation,biomass,32,1,3,2869.479063760177,629.6557363175356,0.8222038171404555,0.8325122924507332,management_refit,Shangqiu
maize,validation,lai,32,1,3,1.2043261713133788,-0.21748185733648784,0.5804337734974006,0.612412699253814,management_refit,Shangqiu
wheat,calibration,biomass,52,1,4,3659.171167430386,-2818.0201349801414,0.6927233724774922,0.8847196431286024,management_refit,Shangqiu
wheat,calibration,lai,34,1,4,2.370828849825177,-1.4753631832748009,-0.19875093171064795,0.7773225987068818,management_refit,Shangqiu
wheat,validation,biomass,56,1,3,2506.700870542282,-836.7017334349356,0.859051577560999,0.8987173306840188,management_refit,Shangqiu
wheat,validation,lai,40,1,3,2.2224684200588665,-1.30215403323151,0.013254987052991885,0.650801652620823,management_refit,Shangqiu
maize,calibration,biomass,27,1,7,3103.754307882909,2178.1630978760045,0.6929143910795788,0.8988324420221425,management_refit,Yucheng
maize,calibration,et,807,1,9,2.0396432599148384,-0.48186700368603685,0.0596354655288992,0.17903951570357113,management_refit,Yucheng
maize,calibration,harvest_biomass,42,1,7,3074.50081916624,1855.1149554992871,-0.9162269222085582,0.08288003189922695,management_refit,Yucheng
maize,calibration,lai,48,1,10,0.8214920642130399,0.2750437938960501,0.6789981947699251,0.720943255149139,management_refit,Yucheng
maize,calibration,yield,42,1,7,1402.113351524238,657.296194824157,0.06923182545663542,0.4148391283374883,management_refit,Yucheng
maize,validation,et,765,1,9,2.648760031784728,-0.9721543526880485,-0.17511569303119034,0.0686507538241032,management_refit,Yucheng
maize,validation,harvest_biomass,48,1,8,3718.6573859675145,-1132.116329428819,-0.39720883237856297,0.01312947037369901,management_refit,Yucheng
maize,validation,lai,35,1,9,0.7178118628987914,0.29284786472805985,0.7281300277495484,0.7754468497210646,management_refit,Yucheng
maize,validation,yield,48,1,8,2285.5840217587215,-1585.798546983423,-1.5659462432971272,0.0014092377529595329,management_refit,Yucheng
wheat,calibration,biomass,40,1,5,4169.802384623292,1231.4813886355137,0.523686646528229,0.6293744788537949,management_refit,Yucheng
wheat,calibration,et,1548,1,9,1.7320026661688557,0.14688179006495083,0.3808104878726385,0.46618494135560773,management_refit,Yucheng
wheat,calibration,harvest_biomass,48,1,8,2771.4451708776846,1880.0322069602996,-0.8158440032358607,0.12015448073922193,management_refit,Yucheng
wheat,calibration,lai,62,1,10,1.1286896315186017,-0.2274599582517608,0.6523891548264892,0.666971745318523,management_refit,Yucheng
wheat,calibration,yield,48,1,8,1255.5673445172279,950.8581751365051,-0.7226054350366578,0.33398136786962007,management_refit,Yucheng
wheat,validation,et,1593,1,9,2.0591441341910586,0.09706198114479686,-0.04769817001740484,0.19026613217093366,management_refit,Yucheng
wheat,validation,harvest_biomass,54,1,9,2735.629938337105,2125.878975897105,-1.0492842976832621,0.3407735248226493,management_refit,Yucheng
wheat,validation,lai,38,1,9,1.1488238957051309,-0.1561244358371304,0.6381629338987068,0.647967683542958,management_refit,Yucheng
wheat,validation,yield,54,1,9,834.0334928342521,484.7280408136759,0.09934888671257991,0.48986016349853045,management_refit,Yucheng
maize,calibration,biomass,40,1,3,2948.2315864566926,1902.2001506245383,0.7525632923017986,0.8560264583653274,reference,Fengqiu
maize,calibration,et,143,1,2,2.1847686231746986,-0.3178552259203389,0.23848799278737576,0.25655938458189337,reference,Fengqiu
maize,calibration,lai,40,1,3,0.9491024321712359,0.5113735542185494,0.710027609367271,0.8128886997366902,reference,Fengqiu
maize,validation,biomass,32,1,2,3434.3648400080306,1827.4710412137017,0.4130344229187116,0.6287618756904912,reference,Fengqiu
maize,validation,et,64,1,1,2.4886397942813865,-0.4494747059615336,0.09300621578882984,0.13710574284250038,reference,Fengqiu
maize,validation,lai,32,1,2,0.9331409190236526,-0.01959549831939901,0.7656279615309559,0.8533967081974498,reference,Fengqiu
wheat,calibration,biomass,67,1,3,2178.631399510385,925.9185734287562,0.7448691192048551,0.8267359529546975,reference,Fengqiu
wheat,calibration,et,360,1,2,1.874394064232386,-0.4253134361544917,0.39558307801730763,0.4271411905871002,reference,Fengqiu
wheat,calibration,lai,67,1,3,0.970096925259296,-0.013648014115127852,0.4885812035888041,0.6250888973978167,reference,Fengqiu
wheat,validation,biomass,24,1,1,5596.541988496998,3849.425301102883,-2.1428954238145437,0.8190249240485786,reference,Fengqiu
wheat,validation,et,395,1,2,1.5213811786340636,0.14082749362490607,0.1957936907840886,0.25647024976545835,reference,Fengqiu
wheat,validation,lai,20,1,1,1.642798688250359,1.0727070412779913,-1.9860483692912911,0.8521951055965837,reference,Fengqiu
maize,calibration,lai,144,1,2,1.4187508208060025,-0.8240877133381873,0.5156055713711114,0.7794635752407845,reference,Gucheng
maize,validation,lai,72,1,1,1.408499173072989,-0.873298763966821,0.5225210945107868,0.9005698516142083,reference,Gucheng
maize,calibration,biomass,20,1,2,7141.664897484521,5366.149226088695,-1.2320583434891286,0.2289751484997243,reference,Luancheng
maize,calibration,lai,14,1,2,0.730841778039272,0.29167026987430733,0.6502606518189566,0.7064954883513593,reference,Luancheng
maize,validation,biomass,42,1,2,1815.2242170232005,1012.6664408569084,0.924847500863767,0.9496355545197619,reference,Luancheng
maize,validation,lai,30,1,2,0.36945718377796793,-0.18432017273715506,0.9462605837777481,0.9697812929963664,reference,Luancheng
wheat,calibration,biomass,34,1,2,4565.754326159483,2086.0528488447944,0.2540383242364457,0.41663476506186103,reference,Luancheng
wheat,calibration,lai,28,1,2,2.394347485647181,-2.0299530180495684,-0.7159414059270162,0.6133650269137507,reference,Luancheng
wheat,validation,biomass,69,1,3,3136.230544334745,-656.4856252798804,0.5840821070861903,0.6440242090018791,reference,Luancheng
wheat,validation,lai,51,1,3,2.0947821136552562,-1.6788268177694816,-0.15146182353783777,0.7124822801924281,reference,Luancheng
maize,calibration,biomass,8,1,2,2596.3136439103696,1108.3982361106544,0.8746242328435668,0.89751495057291,reference,Shangqiu
maize,calibration,lai,8,1,2,1.5009029822119588,0.44968919441760835,0.4717954762087705,0.5203811877143626,reference,Shangqiu
maize,validation,biomass,32,1,3,2869.479063760177,629.6557363175356,0.8222038171404555,0.8325122924507332,reference,Shangqiu
maize,validation,lai,32,1,3,1.2043261713133788,-0.21748185733648784,0.5804337734974006,0.612412699253814,reference,Shangqiu
wheat,calibration,biomass,52,1,4,4047.014819541777,-3154.2841752077748,0.6241334595964863,0.8734720667048507,reference,Shangqiu
wheat,calibration,lai,34,1,4,2.392151135062137,-1.4910456987321778,-0.22041006411862973,0.7924013500722035,reference,Shangqiu
wheat,validation,biomass,56,1,3,2595.2088930980844,-1131.8394767725695,0.8489224834410106,0.8902728899862411,reference,Shangqiu
wheat,validation,lai,40,1,3,2.2462516061385256,-1.3219317252907472,-0.007976818240019057,0.6554194964743096,reference,Shangqiu
maize,calibration,biomass,27,1,7,2968.462324466687,2106.5865806607762,0.7191024985469632,0.9074728627317197,reference,Yucheng
maize,calibration,et,807,1,9,2.031635338031353,-0.4387207337459039,0.06700497298387298,0.1797005139008801,reference,Yucheng
maize,calibration,harvest_biomass,42,1,7,2984.991024665651,1796.44798723663,-0.8062745821517472,0.09268484682613308,reference,Yucheng
maize,calibration,lai,48,1,10,0.8040811144607264,0.2636975198375901,0.6924608187882768,0.7340515290243776,reference,Yucheng
maize,calibration,yield,42,1,7,1376.2009098013166,624.552466988641,0.10331695759849402,0.40879215154397014,reference,Yucheng
maize,validation,et,765,1,9,2.634011495311654,-0.9222216753078005,-0.1620658240349,0.06932848081516492,reference,Yucheng
maize,validation,harvest_biomass,48,1,8,3714.1438555266236,-1165.3708607632516,-0.3938191587562414,0.01318516677728018,reference,Yucheng
maize,validation,lai,35,1,9,0.7127188512228726,0.28411804977942956,0.7319742796576059,0.7773193703989518,reference,Yucheng
maize,validation,yield,48,1,8,2292.8290113379207,-1607.5297646396564,-1.582239425171481,0.0013475605447031919,reference,Yucheng
wheat,calibration,biomass,40,1,5,3718.7207170452493,430.1905751710856,0.6211660110726575,0.6490855553265984,reference,Yucheng
wheat,calibration,et,1548,1,9,1.7377449690835307,0.11257579287320246,0.3766979447383604,0.4599077833291702,reference,Yucheng
wheat,calibration,harvest_biomass,48,1,8,2056.566502208784,317.44647799404,0.00011174007786396434,0.1143952121647734,reference,Yucheng
wheat,calibration,lai,62,1,10,1.201993375030081,-0.4573574700646953,0.6057711577562326,0.673205748032232,reference,Yucheng
wheat,calibration,yield,48,1,8,866.0389376577261,217.77712647999294,0.18044023972184398,0.2915373388126702,reference,Yucheng
wheat,validation,et,1593,1,9,2.060270080628793,0.07366026916462938,-0.048844252529515186,0.18928663141748842,reference,Yucheng
wheat,validation,harvest_biomass,54,1,9,1994.1856000035555,907.3934250723534,-0.088976902274438,0.3427186846238427,reference,Yucheng
wheat,validation,lai,38,1,9,1.1841861106102596,-0.39303113812508217,0.6155445175954026,0.6622284978805963,reference,Yucheng
wheat,validation,yield,54,1,9,752.7026072987171,-120.79188136642527,0.26643863747955576,0.43850324983592365,reference,Yucheng
