case_id,site,crop,split,source_group_id,start_date,end_date,cutting_date,inner_partition
Fengqiu-maize-2004-辅助观测场（优化） (2),Fengqiu,maize,calibration,Fengqiu-2004,2004-06-03,2004-09-12,2004-09-12,inner_training
Fengqiu-maize-2005-综合观测场 (2),Fengqiu,maize,calibration,Fengqiu-2005,2005-06-05,2005-10-11,2005-10-11,inner_training
Fengqiu-maize-2005-辅助观测场（不施肥） (2),Fengqiu,maize,calibration,Fengqiu-2005,2005-06-05,2005-10-11,2005-10-11,inner_training
Fengqiu-maize-2005-辅助观测场（优化） (2),Fengqiu,maize,calibration,Fengqiu-2005,2005-06-05,2005-09-25,2005-09-25,inner_training
Fengqiu-maize-2005-辅助观测场（水平衡场） (2),Fengqiu,maize,calibration,Fengqiu-2005,2005-06-06,2005-10-06,2005-10-06,inner_training
Fengqiu-maize-2005-辅助观测场（蒸渗仪） (2),Fengqiu,maize,calibration,Fengqiu-2005,2005-06-08,2005-09-26,2005-09-26,inner_training
Fengqiu-maize-2006-综合观测场 (2),Fengqiu,maize,calibration,Fengqiu-2006,2006-06-05,2006-09-16,2006-09-16,inner_holdout
Fengqiu-maize-2006-辅助观测场（不施肥） (2),Fengqiu,maize,calibration,Fengqiu-2006,2006-06-04,2006-09-17,2006-09-17,inner_holdout
Fengqiu-maize-2006-辅助观测场（优化） (2),Fengqiu,maize,calibration,Fengqiu-2006,2006-06-03,2006-09-10,2006-09-10,inner_holdout
Fengqiu-maize-2006-辅助观测场（水平衡场） (2),Fengqiu,maize,calibration,Fengqiu-2006,2006-06-03,2006-09-15,2006-09-15,inner_holdout
Fengqiu-maize-2006-辅助观测场（蒸渗仪） (2),Fengqiu,maize,calibration,Fengqiu-2006,2006-06-04,2006-09-11,2006-09-11,inner_holdout
Fengqiu-maize-2007-综合观测场 (2),Fengqiu,maize,validation,Fengqiu-2007,2007-06-11,2007-09-23,2007-09-23,outer_testing
Fengqiu-maize-2007-辅助观测场（不施肥） (2),Fengqiu,maize,validation,Fengqiu-2007,2007-06-03,2007-09-23,2007-09-23,outer_testing
Fengqiu-maize-2007-辅助观测场（优化） (2),Fengqiu,maize,validation,Fengqiu-2007,2007-06-03,2007-09-17,2007-09-17,outer_testing
Fengqiu-maize-2007-辅助观测场（水平衡场） (2),Fengqiu,maize,validation,Fengqiu-2007,2007-06-07,2007-09-17,2007-09-17,outer_testing
Fengqiu-maize-2007-辅助观测场（蒸渗仪） (2),Fengqiu,maize,validation,Fengqiu-2007,2007-06-04,2007-09-12,2007-09-12,outer_testing
Fengqiu-maize-2008-综合观测场 (2),Fengqiu,maize,validation,Fengqiu-2008,2008-06-10,2008-09-20,2008-09-20,outer_testing
Fengqiu-maize-2008-辅助观测场（不施肥） (2),Fengqiu,maize,validation,Fengqiu-2008,2008-06-05,2008-09-19,2008-09-19,outer_testing
Fengqiu-maize-2008-辅助观测场（优化） (2),Fengqiu,maize,validation,Fengqiu-2008,2008-06-10,2008-09-20,2008-09-20,outer_testing
Fengqiu-maize-2008-辅助观测场（水平衡场） (2),Fengqiu,maize,validation,Fengqiu-2008,2008-06-05,2008-09-25,2008-09-25,outer_testing
Fengqiu-wheat-2004-辅助观测场（优化）,Fengqiu,wheat,calibration,Fengqiu-2004,2003-10-30,2004-06-03,2004-06-03,inner_training
Fengqiu-wheat-2005-综合观测场,Fengqiu,wheat,calibration,Fengqiu-2005,2004-10-09,2005-06-11,2005-06-11,inner_training
Fengqiu-wheat-2005-辅助观测场（不施肥）,Fengqiu,wheat,calibration,Fengqiu-2005,2004-10-09,2005-06-11,2005-06-11,inner_training
Fengqiu-wheat-2005-辅助观测场（优化）,Fengqiu,wheat,calibration,Fengqiu-2005,2004-10-08,2005-06-11,2005-06-11,inner_training
Fengqiu-wheat-2005-辅助观测场（水平衡场）,Fengqiu,wheat,calibration,Fengqiu-2005,2004-10-11,2005-06-11,2005-06-11,inner_training
Fengqiu-wheat-2005-辅助观测场（蒸渗仪）,Fengqiu,wheat,calibration,Fengqiu-2005,2004-10-08,2005-06-03,2005-06-03,inner_training
Fengqiu-wheat-2006-综合观测场,Fengqiu,wheat,calibration,Fengqiu-2006,2005-11-04,2006-06-08,2006-06-08,inner_holdout
Fengqiu-wheat-2006-辅助观测场（不施肥）,Fengqiu,wheat,calibration,Fengqiu-2006,2005-10-24,2006-06-04,2006-06-04,inner_holdout
Fengqiu-wheat-2006-辅助观测场（优化）,Fengqiu,wheat,calibration,Fengqiu-2006,2005-10-24,2006-06-03,2006-06-03,inner_holdout
Fengqiu-wheat-2006-辅助观测场（水平衡场）,Fengqiu,wheat,calibration,Fengqiu-2006,2005-10-29,2006-06-03,2006-06-03,inner_holdout
Fengqiu-wheat-2006-辅助观测场（蒸渗仪）,Fengqiu,wheat,calibration,Fengqiu-2006,2005-10-31,2006-06-01,2006-06-01,inner_holdout
Fengqiu-wheat-2007-综合观测场,Fengqiu,wheat,validation,Fengqiu-2007,2006-10-15,2007-06-09,2007-06-09,outer_testing
Fengqiu-wheat-2007-辅助观测场（不施肥）,Fengqiu,wheat,validation,Fengqiu-2007,2006-10-15,2007-06-02,2007-06-02,outer_testing
Fengqiu-wheat-2007-辅助观测场（优化）,Fengqiu,wheat,validation,Fengqiu-2007,2006-10-15,2007-06-02,2007-06-02,outer_testing
Fengqiu-wheat-2007-辅助观测场（水平衡场）,Fengqiu,wheat,validation,Fengqiu-2007,2006-10-14,2007-06-06,2007-06-06,outer_testing
Fengqiu-wheat-2007-辅助观测场（蒸渗仪）,Fengqiu,wheat,validation,Fengqiu-2007,2006-10-15,2007-05-30,2007-05-30,outer_testing
Fengqiu-wheat-2008-综合观测场,Fengqiu,wheat,validation,Fengqiu-2008,2007-10-17,2008-06-09,2008-06-09,outer_testing
Fengqiu-wheat-2008-辅助观测场（不施肥）,Fengqiu,wheat,validation,Fengqiu-2008,2007-10-14,2008-06-04,2008-06-04,outer_testing
Fengqiu-wheat-2008-辅助观测场（优化）,Fengqiu,wheat,validation,Fengqiu-2008,2007-10-14,2008-06-09,2008-06-09,outer_testing
Fengqiu-wheat-2008-辅助观测场（水平衡场）,Fengqiu,wheat,validation,Fengqiu-2008,2007-10-17,2008-06-09,2008-06-09,outer_testing
Fengqiu-wheat-2008-辅助观测场（蒸渗仪）,Fengqiu,wheat,validation,Fengqiu-2008,2007-10-15,2008-06-09,2008-06-09,outer_testing
Gucheng-maize-2018-A,Gucheng,maize,calibration,Gucheng-2018,2018-06-08,2019-01-13,,inner_training
Gucheng-maize-2018-B,Gucheng,maize,calibration,Gucheng-2018,2018-06-18,2019-01-23,,inner_training
Gucheng-maize-2018-C,Gucheng,maize,calibration,Gucheng-2018,2018-06-28,2019-02-02,,inner_training
Gucheng-maize-2018-D,Gucheng,maize,calibration,Gucheng-2018,2018-07-08,2019-02-12,,inner_training
Gucheng-maize-2019-A,Gucheng,maize,calibration,Gucheng-2019,2019-06-08,2020-01-13,,inner_holdout
Gucheng-maize-2019-B,Gucheng,maize,calibration,Gucheng-2019,2019-06-18,2020-01-23,,inner_holdout
Gucheng-maize-2019-C,Gucheng,maize,calibration,Gucheng-2019,2019-06-28,2020-02-02,,inner_holdout
Gucheng-maize-2019-D,Gucheng,maize,calibration,Gucheng-2019,2019-07-08,2020-02-12,,inner_holdout
Gucheng-maize-2020-A,Gucheng,maize,validation,Gucheng-2020,2020-06-08,2021-01-13,,outer_testing
Gucheng-maize-2020-B,Gucheng,maize,validation,Gucheng-2020,2020-06-18,2021-01-23,,outer_testing
Gucheng-maize-2020-C,Gucheng,maize,validation,Gucheng-2020,2020-06-28,2021-02-02,,outer_testing
Gucheng-maize-2020-D,Gucheng,maize,validation,Gucheng-2020,2020-07-08,2021-02-12,,outer_testing
Luancheng-maize-2004-综合观测场夏玉米,Luancheng,maize,calibration,Luancheng-2004,2004-05-28,2004-09-28,2004-09-28,inner_training
Luancheng-maize-2005-综合观测场夏玉米,Luancheng,maize,calibration,Luancheng-2005,2005-05-29,2005-09-26,2005-09-26,inner_holdout
Luancheng-maize-2006-综合观测场夏玉米,Luancheng,maize,validation,Luancheng-2006,2006-06-11,2006-09-24,2006-09-24,outer_testing
Luancheng-maize-2007-综合观测场夏玉米,Luancheng,maize,validation,Luancheng-2007,2007-06-15,2007-09-26,2007-09-26,outer_testing
Luancheng-maize-2008-综合观测场夏玉米,Luancheng,maize,validation,Luancheng-2008,2008-06-19,2008-10-02,2008-10-02,outer_testing
Luancheng-wheat-2004-综合观测场冬小麦,Luancheng,wheat,calibration,Luancheng-2004,2003-10-07,2004-06-13,2004-06-13,inner_training
Luancheng-wheat-2005-综合观测场冬小麦,Luancheng,wheat,calibration,Luancheng-2005,2004-10-07,2005-06-13,2005-06-13,inner_holdout
Luancheng-wheat-2006-综合观测场冬小麦,Luancheng,wheat,validation,Luancheng-2006,2005-10-08,2006-06-15,2006-06-15,outer_testing
Luancheng-wheat-2007-综合观测场冬小麦,Luancheng,wheat,validation,Luancheng-2007,2006-10-06,2007-06-11,2007-06-11,outer_testing
Luancheng-wheat-2008-综合观测场冬小麦,Luancheng,wheat,validation,Luancheng-2008,2007-10-19,2008-06-11,2008-06-11,outer_testing
Shangqiu-maize-2002-张大庄站区调查点,Shangqiu,maize,calibration,Shangqiu-2002,2002-06-10,2002-09-29,2002-09-29,inner_training
Shangqiu-maize-2004-张大庄站区调查点,Shangqiu,maize,calibration,Shangqiu-2004,2004-06-13,2004-10-05,2004-10-05,inner_holdout
Shangqiu-maize-2005-张大庄站区调查点,Shangqiu,maize,validation,Shangqiu-2005,2005-06-12,2005-10-03,2005-10-03,outer_testing
Shangqiu-maize-2006-张大庄站区调查点,Shangqiu,maize,validation,Shangqiu-2006,2006-06-07,2006-09-27,2006-09-27,outer_testing
Shangqiu-maize-2006-综合观测场,Shangqiu,maize,validation,Shangqiu-2006,2006-06-06,2006-09-25,2006-09-25,outer_testing
Shangqiu-maize-2007-关庄站区调查点,Shangqiu,maize,validation,Shangqiu-2007,2007-06-07,2007-09-24,2007-09-24,outer_testing
Shangqiu-maize-2007-张大庄站区调查点,Shangqiu,maize,validation,Shangqiu-2007,2007-06-10,2007-09-26,2007-09-26,outer_testing
Shangqiu-maize-2007-综合观测场,Shangqiu,maize,validation,Shangqiu-2007,2007-06-08,2007-09-26,2007-09-26,outer_testing
Shangqiu-wheat-2001-关庄站区调查点,Shangqiu,wheat,calibration,Shangqiu-2001,2000-10-18,2001-06-04,2001-06-04,inner_training
Shangqiu-wheat-2001-张大庄站区调查点,Shangqiu,wheat,calibration,Shangqiu-2001,2000-10-20,2001-06-03,2001-06-03,inner_training
Shangqiu-wheat-2001-综合观测场,Shangqiu,wheat,calibration,Shangqiu-2001,2000-10-20,2001-06-03,2001-06-03,inner_training
Shangqiu-wheat-2002-关庄站区调查点,Shangqiu,wheat,calibration,Shangqiu-2002,2001-10-14,2002-06-01,2002-06-01,inner_training
Shangqiu-wheat-2002-张大庄站区调查点,Shangqiu,wheat,calibration,Shangqiu-2002,2001-10-17,2002-06-02,2002-06-02,inner_training
Shangqiu-wheat-2002-综合观测场,Shangqiu,wheat,calibration,Shangqiu-2002,2001-10-17,2002-06-02,2002-06-02,inner_training
Shangqiu-wheat-2003-关庄站区调查点,Shangqiu,wheat,calibration,Shangqiu-2003,2002-10-15,2003-06-07,2003-06-07,inner_training
Shangqiu-wheat-2004-关庄站区调查点,Shangqiu,wheat,calibration,Shangqiu-2004,2003-10-15,2004-06-06,2004-06-06,inner_holdout
Shangqiu-wheat-2004-张大庄站区调查点,Shangqiu,wheat,calibration,Shangqiu-2004,2003-10-20,2004-06-07,2004-06-07,inner_holdout
Shangqiu-wheat-2005-关庄站区调查点,Shangqiu,wheat,validation,Shangqiu-2005,2004-10-12,2005-06-05,2005-06-05,outer_testing
Shangqiu-wheat-2005-张大庄站区调查点,Shangqiu,wheat,validation,Shangqiu-2005,2004-10-18,2005-06-07,2005-06-07,outer_testing
Shangqiu-wheat-2006-关庄站区调查点,Shangqiu,wheat,validation,Shangqiu-2006,2005-10-19,2006-06-04,2006-06-04,outer_testing
Shangqiu-wheat-2006-张大庄站区调查点,Shangqiu,wheat,validation,Shangqiu-2006,2005-10-22,2006-06-01,2006-06-01,outer_testing
Shangqiu-wheat-2006-综合观测场,Shangqiu,wheat,validation,Shangqiu-2006,2005-10-22,2006-06-01,2006-06-01,outer_testing
Shangqiu-wheat-2007-关庄站区调查点,Shangqiu,wheat,validation,Shangqiu-2007,2006-10-12,2007-06-04,2007-06-04,outer_testing
Shangqiu-wheat-2007-张大庄站区调查点,Shangqiu,wheat,validation,Shangqiu-2007,2006-10-22,2007-06-03,2007-06-03,outer_testing
Shangqiu-wheat-2007-综合观测场,Shangqiu,wheat,validation,Shangqiu-2007,2006-10-22,2007-06-03,2007-06-03,outer_testing
Yucheng-maize-1998-综合观测场,Yucheng,maize,calibration,Yucheng-1998,1998-06-08,1998-09-22,1998-09-22,inner_training
Yucheng-maize-2000-综合观测场,Yucheng,maize,calibration,Yucheng-2000,2000-06-25,2000-10-03,2000-10-03,inner_training
Yucheng-maize-2001-综合观测场,Yucheng,maize,calibration,Yucheng-2001,2001-06-14,2001-09-22,2001-09-22,inner_training
Yucheng-maize-2002-综合观测场,Yucheng,maize,calibration,Yucheng-2002,2002-06-13,2002-09-30,2002-09-30,inner_training
Yucheng-maize-2004-综合观测场,Yucheng,maize,calibration,Yucheng-2004,2004-06-21,2004-10-02,2004-10-02,inner_training
Yucheng-maize-2005-YCAZH01ABC_01,Yucheng,maize,calibration,Yucheng-2005,2005-06-19,2005-10-14,2005-10-14,inner_training
Yucheng-maize-2006-YCAZH01ABC_01,Yucheng,maize,calibration,Yucheng-2006,2006-06-18,2006-09-18,2006-09-18,inner_training
Yucheng-maize-2007-YCAZH01ABC_01,Yucheng,maize,calibration,Yucheng-2007,2007-06-14,2007-09-24,2007-09-24,inner_training
Yucheng-maize-2008-YCAZH01ABC_01,Yucheng,maize,calibration,Yucheng-2008,2008-06-18,2008-09-26,2008-09-26,inner_training
Yucheng-maize-2009-YCAZH01ABC_01,Yucheng,maize,calibration,Yucheng-2009,2009-06-15,2009-09-30,2009-09-30,inner_training
Yucheng-maize-2010-YCAZH01ABC_01,Yucheng,maize,calibration,Yucheng-2010,2010-06-20,2010-10-04,2010-10-04,inner_holdout
Yucheng-maize-2011-YCAZH01ABC_01,Yucheng,maize,calibration,Yucheng-2011,2011-06-22,2011-10-04,2011-10-04,inner_holdout
Yucheng-maize-2012-YCAZH01ABC_01,Yucheng,maize,calibration,Yucheng-2012,2012-06-17,2012-10-04,2012-10-04,inner_holdout
Yucheng-maize-2013-YCAZH01ABC_01,Yucheng,maize,calibration,Yucheng-2013,2013-06-15,2013-09-28,2013-09-28,inner_holdout
Yucheng-maize-2014-YCAZH01ABC_01,Yucheng,maize,validation,Yucheng-2014,2014-06-17,2014-10-02,2014-10-02,outer_testing
Yucheng-maize-2015-YCAZH01ABC_01,Yucheng,maize,validation,Yucheng-2015,2015-06-18,2015-10-02,2015-10-02,outer_testing
Yucheng-maize-2016-YCAZH01ABC_01,Yucheng,maize,validation,Yucheng-2016,2016-06-19,2016-09-24,2016-09-24,outer_testing
Yucheng-maize-2017-YCAZH01ABC_01,Yucheng,maize,validation,Yucheng-2017,2017-06-17,2017-09-29,2017-09-29,outer_testing
Yucheng-maize-2018-YCAZH01ABC_01,Yucheng,maize,validation,Yucheng-2018,2018-06-15,2018-09-26,2018-09-26,outer_testing
Yucheng-maize-2019-YCAZH01ABC_01,Yucheng,maize,validation,Yucheng-2019,2019-06-15,2019-09-28,2019-09-28,outer_testing
Yucheng-maize-2020-YCAZH01ABC_01,Yucheng,maize,validation,Yucheng-2020,2020-06-16,2020-09-30,2020-09-30,outer_testing
Yucheng-maize-2021-YCAZH01ABC_01,Yucheng,maize,validation,Yucheng-2021,2021-06-20,2021-10-02,2021-10-02,outer_testing
Yucheng-maize-2022-YCAZH01ABC_01,Yucheng,maize,validation,Yucheng-2022,2022-06-19,2022-10-06,2022-10-06,outer_testing
Yucheng-wheat-1999-综合观测场,Yucheng,wheat,calibration,Yucheng-1999,1998-10-08,1999-06-07,1999-06-07,inner_training
Yucheng-wheat-2000-综合观测场,Yucheng,wheat,calibration,Yucheng-2000,1999-10-19,2000-06-08,2000-06-08,inner_training
Yucheng-wheat-2004-综合观测场,Yucheng,wheat,calibration,Yucheng-2004,2003-10-24,2004-06-10,2004-06-10,inner_training
Yucheng-wheat-2005-YCAZH01ABC_01,Yucheng,wheat,calibration,Yucheng-2005,2004-10-10,2005-06-15,2005-06-15,inner_training
Yucheng-wheat-2006-YCAZH01ABC_01,Yucheng,wheat,calibration,Yucheng-2006,2005-10-29,2006-06-11,2006-06-11,inner_training
Yucheng-wheat-2007-YCAZH01ABC_01,Yucheng,wheat,calibration,Yucheng-2007,2006-10-06,2007-06-07,2007-06-07,inner_training
Yucheng-wheat-2008-YCAZH01ABC_01,Yucheng,wheat,calibration,Yucheng-2008,2007-10-25,2008-06-10,2008-06-10,inner_training
Yucheng-wheat-2009-YCAZH01ABC_01,Yucheng,wheat,calibration,Yucheng-2009,2008-10-16,2009-06-09,2009-06-09,inner_training
Yucheng-wheat-2010-YCAZH01ABC_01,Yucheng,wheat,calibration,Yucheng-2010,2009-10-17,2010-06-16,2010-06-16,inner_holdout
Yucheng-wheat-2011-YCAZH01ABC_01,Yucheng,wheat,calibration,Yucheng-2011,2010-10-15,2011-06-12,2011-06-12,inner_holdout
Yucheng-wheat-2012-YCAZH01ABC_01,Yucheng,wheat,calibration,Yucheng-2012,2011-10-18,2012-06-07,2012-06-07,inner_holdout
Yucheng-wheat-2013-YCAZH01ABC_01,Yucheng,wheat,calibration,Yucheng-2013,2012-10-15,2013-06-12,2013-06-12,inner_holdout
Yucheng-wheat-2014-YCAZH01ABC_01,Yucheng,wheat,validation,Yucheng-2014,2013-10-19,2014-06-05,2014-06-05,outer_testing
Yucheng-wheat-2015-YCAZH01ABC_01,Yucheng,wheat,validation,Yucheng-2015,2014-10-24,2015-06-11,2015-06-11,outer_testing
Yucheng-wheat-2016-YCAZH01ABC_01,Yucheng,wheat,validation,Yucheng-2016,2015-10-20,2016-06-07,2016-06-07,outer_testing
Yucheng-wheat-2017-YCAZH01ABC_01,Yucheng,wheat,validation,Yucheng-2017,2016-10-11,2017-06-08,2017-06-08,outer_testing
Yucheng-wheat-2018-YCAZH01ABC_01,Yucheng,wheat,validation,Yucheng-2018,2017-10-19,2018-06-07,2018-06-07,outer_testing
Yucheng-wheat-2019-YCAZH01ABC_01,Yucheng,wheat,validation,Yucheng-2019,2018-10-10,2019-06-11,2019-06-11,outer_testing
Yucheng-wheat-2020-YCAZH01ABC_01,Yucheng,wheat,validation,Yucheng-2020,2019-10-18,2020-06-06,2020-06-06,outer_testing
Yucheng-wheat-2021-YCAZH01ABC_01,Yucheng,wheat,validation,Yucheng-2021,2020-10-11,2021-06-07,2021-06-07,outer_testing
Yucheng-wheat-2022-YCAZH01ABC_01,Yucheng,wheat,validation,Yucheng-2022,2021-11-04,2022-06-12,2022-06-12,outer_testing
