parameter_set,reduction_fraction,representative_id,represented_area_ha,targeted_mean_quota,targeted_yield_kg_ha,uniform_yield_kg_ha,delta_yield_kg_ha,targeted_irrigation_mm,uniform_irrigation_mm,delta_irrigation_mm,targeted_modeled_total_et_mm,uniform_modeled_total_et_mm,delta_modeled_total_et_mm,targeted_annual_bottom_drainage_mm,uniform_annual_bottom_drainage_mm,delta_annual_bottom_drainage_mm,grain_gain_years,grain_loss_years
archived,0.25,0,349647.45157552586,0.5,13746.481740552228,13991.597890463583,-245.11614991135443,190.0,285.0,-95.0,813.6733445110257,828.9722578789537,-15.298913367927915,129.8232509619998,203.17611810711773,-73.35286714511794,1,5
archived,0.25,1,178735.3383420509,1.0,14517.122718489149,13929.62671021174,587.4960082774079,380.0,285.0,95.0,849.3792965008082,825.9211747059968,23.458121794811223,157.52844764422125,89.83432708462094,67.6941205596003,7,0
archived,0.25,2,684629.12192254,1.0,15139.905326735758,14935.68825562627,204.2170711094876,380.0,285.0,95.0,854.4196282803847,840.6757975180509,13.743830762333792,110.01344394279506,33.89200831055794,76.12143563223714,10,0
archived,0.25,3,299030.34798590414,0.5,13836.521137331081,13853.736514969205,-17.21537763812542,190.0,285.0,-95.0,809.8869409976031,811.9264252309598,-2.039484233356594,213.3028231409146,302.9289969859788,-89.62617384506423,0,2
archived,0.25,4,46958.53074206619,0.0,11301.609598360032,11354.337107160822,-52.727508800789565,0.0,285.0,-285.0,736.9222866312754,750.8879831258914,-13.965696494616006,540.4406719400802,811.4749754454568,-271.03430350537667,0,1
archived,0.25,5,189593.55287083783,1.0,14886.28589374557,14110.962147749895,775.3237459956758,380.0,285.0,95.0,827.0804329164724,789.2196412526656,37.86079166380683,90.65383664967653,40.73598154199241,49.917855107684126,9,0
archived,0.25,6,400276.57159356936,1.0,14601.68396629946,14261.121553136341,340.5624131631204,380.0,285.0,95.0,834.6829513809348,813.7979460039237,20.885005377011122,94.05454578990016,32.18080492175161,61.87374086814855,10,0
archived,0.25,7,284165.7542616725,0.75,14235.109862311287,14235.109862311287,0.0,285.0,285.0,0.0,827.4414620403364,827.4414620403364,0.0,147.11214669649306,147.11214669649306,0.0,0,0
archived,0.25,8,523720.7177260164,0.75,14200.077311860574,14200.077311860574,0.0,285.0,285.0,0.0,831.6270265131594,831.6270265131594,0.0,195.12624379778154,195.12624379778154,0.0,0,0
archived,0.25,9,123459.47450302083,0.5,13133.996915337253,13133.996915337253,0.0,190.0,285.0,-95.0,787.7904713470231,788.3681173004825,-0.5776459534594854,309.73096561792323,404.1533196644688,-94.4223540465456,0,0
archived,0.25,10,160587.4925451004,1.0,15051.893601020101,14897.894562739319,153.999038280784,380.0,285.0,95.0,767.4731772484206,756.3968304327786,11.076346815641926,168.84703051040324,84.9233773260312,83.92365318437204,4,1
archived,0.25,11,456326.6586366643,1.0,14918.9277391788,14665.51305244323,253.4146867355727,380.0,285.0,95.0,851.1968350804236,835.5455761438516,15.65125893657204,119.4201579900314,53.38153688956368,66.03862110046772,7,0
archived,0.25,12,266946.3095325965,1.0,15127.449090177795,14739.969865556423,387.479224621373,380.0,285.0,95.0,799.2784442807246,781.9350442261865,17.343400054538034,114.46549147622166,43.06590648924877,71.3995849869729,7,0
archived,0.25,13,123023.48600093536,0.5,13460.43110653274,13476.796213364729,-16.36510683198897,190.0,285.0,-95.0,800.5324993223953,802.2616633734257,-1.7291640510303523,304.04951100682905,391.23149115750283,-87.18198015067374,0,2
archived,0.25,14,634679.1127168739,0.5,13215.22538706156,13215.22538706156,-1.5158245029548803e-13,190.0,285.0,-95.0,787.6661207137845,788.0526320954204,-0.38651138163594584,346.26712652423043,435.53147351752,-89.26434699328955,0,0
archived,0.25,15,111165.62164438654,0.75,14554.672733236204,14554.672733236204,0.0,285.0,285.0,0.0,802.1363752981398,802.1363752981398,0.0,129.47048715035865,129.47048715035865,0.0,0,0
archived,0.25,16,80133.53634886404,1.0,15268.79780362953,14898.057284364419,370.7405192651092,380.0,285.0,95.0,886.3596771397924,866.0729751550385,20.286701984753893,118.95593917974831,51.010921084890505,67.94501809485779,8,0
archived,0.25,17,364789.7923446728,0.5,13501.945008177136,13684.5711711936,-182.62616301646312,190.0,285.0,-95.0,805.4063426923145,819.0602513457321,-13.653908653417611,219.88807857169135,301.23537382528826,-81.34729525359693,0,5
archived,0.25,18,105695.53451593868,0.0,12002.192363331647,12068.133209996158,-65.9408466645112,0.0,285.0,-285.0,748.1646873104073,764.039624884594,-15.874937574186646,439.30400546035594,708.4290678906885,-269.12506243033255,0,1
archived,0.25,19,338541.9965957501,1.0,15063.34604863739,14777.838252957778,285.5077956796146,380.0,285.0,95.0,855.6006512928749,838.0547040647695,17.54594722810536,125.39471813687186,52.819192887082494,72.57552524978937,9,0
archived,0.25,20,452743.81301834056,0.75,14043.469688347388,14043.469688347388,0.0,285.0,285.0,0.0,819.5080961085232,819.5080961085232,0.0,254.2306657670695,254.2306657670695,0.0,0,0
archived,0.25,21,615113.668369401,0.5,13339.497503319588,13344.526578153082,-5.029074833492814,190.0,285.0,-95.0,802.993187107469,804.1540297645876,-1.1608426571185266,305.28716600462764,383.69115545033463,-78.40398944570694,0,1
archived,0.25,22,246853.51174345997,1.0,15106.436494218879,14430.494594109396,675.9419001094831,380.0,285.0,95.0,847.355717754303,813.8440553136244,33.511662440678634,78.94752963769174,20.600871203657082,58.34665843403467,9,0
archived,0.25,23,601375.5459775862,0.9859727408878672,14285.655594200392,14093.15358600245,192.50200819794327,374.6696415373896,285.0,89.66964153738957,828.9944792947426,817.156162587327,11.838316707415572,182.81817809996733,104.98685327035184,77.83132482961548,5,1
archived,0.25,24,627622.6238586899,0.5,13728.538812286768,14017.074018963895,-288.53520667712456,190.0,285.0,-95.0,812.3855495790318,830.6079932053807,-18.222443626348724,181.87731108868925,258.6548654023737,-76.7775543136844,0,5
archived,0.25,25,33912.89768381143,0.75,14212.85694481939,14212.85694481939,0.0,285.0,285.0,0.0,786.0658703913274,786.0658703913274,0.0,122.8953303318702,122.8953303318702,0.0,0,0
archived,0.25,26,290332.3076259957,1.0,14939.708064524208,14058.404728819283,881.3033357049236,380.0,285.0,95.0,810.091267589739,770.6478389447285,39.44342864501052,71.70745368661372,24.146043035453996,47.56141065115972,9,1
archived,0.25,27,369947.5603304352,1.0,15086.786135405171,14217.5571160318,869.2290193733737,380.0,285.0,95.0,853.8836415464639,807.5009193599936,46.38272218647015,46.532469018960505,10.5027593975518,36.0297096214087,10,0
archived,0.25,28,136696.6586075413,1.0,15070.520097840037,14532.8776538436,537.6424439964363,380.0,285.0,95.0,803.1054605519063,778.5942359032247,24.51122464868173,131.81535979078214,61.32658443971706,70.48877535106509,5,1
archived,0.25,29,367360.7427784522,0.5,13166.061974585098,13170.06774238438,-4.0057677992814815,190.0,285.0,-95.0,776.0817119292584,776.950563835393,-0.8688519061346748,351.0679985867411,445.19914668059386,-94.13114809385274,0,1
archived,0.25,30,200263.6179557795,0.75,14463.969845018502,14463.969845018502,0.0,285.0,285.0,0.0,801.2452649511829,801.2452649511829,0.0,243.95683704520903,243.95683704520903,0.0,0,0
archived,0.25,31,202272.33216849415,0.25,12473.29474970921,12481.931497074556,-8.6367473653454,95.0,285.0,-190.0,775.3627327114765,776.9924647186754,-1.6297320071987258,358.95467786292994,545.0199202975696,-186.06524243463966,0,1
archived,0.5,0,349647.45157552586,0.25,12983.585053843019,13746.481740552228,-762.8966867092091,95.0,190.0,-95.0,776.1328987909031,813.6733445110257,-37.540445720122484,71.36967937231331,129.8232509619998,-58.45357158968648,0,7
archived,0.5,1,178735.3383420509,0.5,12870.420888151673,12870.420888151673,0.0,190.0,190.0,0.0,776.1248706927673,776.1248706927673,0.0,47.73192211397943,47.73192211397943,0.0,0,0
archived,0.5,2,684629.12192254,0.75,14935.68825562627,13513.328155243582,1422.360100382688,285.0,190.0,95.0,840.6757975180509,775.7155345187397,64.96026299931135,33.89200831055794,11.99292536964341,21.89908294091453,11,0
archived,0.5,3,299030.34798590414,0.25,13650.418628812637,13836.521137331081,-186.102508518443,95.0,190.0,-95.0,798.401391854355,809.8869409976031,-11.485549143248221,128.44989822664567,213.3028231409146,-84.85292491426891,0,4
archived,0.5,4,46958.53074206619,0.0,11301.609598360032,11354.337107160822,-52.727508800789565,0.0,190.0,-190.0,736.9222866312754,750.7139115977357,-13.791624966460176,540.4406719400802,716.6490469736135,-176.20837503353337,0,1
archived,0.5,5,189593.55287083783,1.0,14886.28589374557,12316.73783445644,2569.5480592891304,380.0,190.0,190.0,827.0804329164724,710.4620708049168,116.6183621115556,90.65383664967653,22.764809663194644,67.8890269864819,11,0
archived,0.5,6,400276.57159356936,0.75,14261.121553136341,12542.822961346561,1718.2985917897797,285.0,190.0,95.0,813.7979460039237,735.0855954584022,78.71235054552149,32.18080492175161,13.698872863730514,18.48193205802109,11,0
archived,0.5,7,284165.7542616725,0.5,13762.555189455954,13762.555189455954,0.0,190.0,190.0,0.0,805.565652328714,805.565652328714,0.0,75.502904169118,75.502904169118,0.0,0,0
archived,0.5,8,523720.7177260164,0.25,13477.318675496628,14081.675230659139,-604.3565551625112,95.0,190.0,-95.0,794.5925293341662,823.2772727950859,-28.68474346091952,51.127626745782216,113.13974273466282,-62.01211598888059,0,8
archived,0.5,9,123459.47450302083,0.18692804222522078,13078.143977014093,13133.996915337253,-55.85293832316196,71.0326560455839,190.0,-118.9673439544161,778.7055692509495,787.7904713470231,-9.084902096073572,199.84696745026497,309.73096561792323,-109.88399816765825,0,5
archived,0.5,10,160587.4925451004,0.75,14897.894562739319,13701.07025842209,1196.8243043172283,285.0,190.0,95.0,756.3968304327786,707.7496515681378,48.64717886464087,84.9233773260312,38.570556190666736,46.35282113536446,10,0
archived,0.5,11,456326.6586366643,0.75,14665.51305244323,13320.390159461791,1345.1228929814376,285.0,190.0,95.0,835.5455761438516,771.6059304733203,63.939645670531256,53.38153688956368,22.131961876028086,31.249575013535587,10,0
archived,0.5,12,266946.3095325965,0.75,14739.969865556423,12977.110025896736,1762.8598396596847,285.0,190.0,95.0,781.9350442261865,714.2831459866208,67.65189823956568,43.06590648924877,20.167153949286952,22.89875253996182,12,0
archived,0.5,13,123023.48600093536,0.0,12525.695436048985,13460.43110653274,-934.7356704837547,0.0,190.0,-190.0,746.2112694318739,800.5324993223953,-54.32122989052143,168.39295214304866,304.04951100682905,-135.65655886378042,0,5
archived,0.5,14,634679.1127168739,0.25,13215.22538706156,13215.22538706156,0.0,95.0,190.0,-95.0,786.4630176322904,787.6661207137845,-1.2031030814939452,256.1347483771188,346.26712652423043,-90.13237814711164,0,0
archived,0.5,15,111165.62164438654,0.5,13899.817736815887,13899.817736815887,0.0,190.0,190.0,0.0,766.0020324966439,766.0020324966439,0.0,70.60482995184813,70.60482995184813,0.0,0,0
archived,0.5,16,80133.53634886404,0.75,14898.057284364419,13483.469598079386,1414.587686285032,285.0,190.0,95.0,866.0729751550385,804.5611856666634,61.51178948837511,51.010921084890505,24.305126018838894,26.70579506605162,10,0
archived,0.5,17,364789.7923446728,0.25,12610.183489523488,13501.945008177136,-891.7615186536459,95.0,190.0,-95.0,774.9628479693525,805.4063426923145,-30.443494722962033,146.79923043347404,219.88807857169135,-73.08884813821732,0,5
archived,0.5,18,105695.53451593868,0.0,12002.192363331647,12068.133209996158,-65.94084666451135,0.0,190.0,-190.0,748.1646873104073,763.8666324774481,-15.701945167040824,439.30400546035594,613.6020602978332,-174.29805483747725,0,1
archived,0.5,19,338541.9965957501,0.75,14777.838252957778,13384.15939889737,1393.6788540604066,285.0,190.0,95.0,838.0547040647695,775.0778307593126,62.97687330545702,52.819192887082494,28.035140632319543,24.784052254762944,10,0
archived,0.5,20,452743.81301834056,0.25,13682.146974582261,13969.174509528915,-287.0275349466554,95.0,190.0,-95.0,798.7762002477128,813.5001822927806,-14.723982045067714,88.70431772406016,165.43671575430542,-76.73239803024528,1,7
archived,0.5,21,615113.668369401,0.25,13174.567524486973,13339.497503319588,-164.92997883261523,95.0,190.0,-95.0,794.4819802610465,802.993187107469,-8.511206846422501,215.32179413590418,305.28716600462764,-89.96537186872348,0,4
archived,0.5,22,246853.51174345997,1.0,15106.436494218879,12694.29298153318,2412.1435126856986,380.0,190.0,190.0,847.355717754303,732.495834529258,114.85988322504495,78.94752963769174,9.46769489025651,69.47983474743525,12,0
archived,0.5,23,601375.5459775862,0.5,13277.432510255217,13277.432510255217,0.0,190.0,190.0,0.0,783.6776375131307,783.6776375131307,0.0,42.926570230378026,42.926570230378026,0.0,0,0
archived,0.5,24,627622.6238586899,0.5,13728.538812286768,13728.538812286768,0.0,190.0,190.0,0.0,812.3855495790318,812.3855495790318,0.0,181.87731108868925,181.87731108868925,0.0,0,0
archived,0.5,25,33912.89768381143,0.5,13866.263107774801,13866.263107774801,0.0,190.0,190.0,0.0,763.1819883864138,763.1819883864138,0.0,52.42720987829072,52.42720987829072,0.0,0,0
archived,0.5,26,290332.3076259957,1.0,14939.708064524208,12002.079904535642,2937.6281599885647,380.0,190.0,190.0,810.091267589739,681.078524664461,129.01274292527805,71.70745368661372,19.071859661907293,52.63559402470642,12,0
archived,0.5,27,369947.5603304352,1.0,15086.786135405171,12492.883614026525,2593.9025213786495,380.0,190.0,190.0,853.8836415464639,718.6327588889048,135.25088265755906,46.532469018960505,6.203028752973698,40.3294402659868,10,0
archived,0.5,28,136696.6586075413,0.75,14532.8776538436,13478.847643836029,1054.0300100075726,285.0,190.0,95.0,778.5942359032247,730.7092379610018,47.884997942222746,61.32658443971706,14.211619031585316,47.114965408131745,10,0
archived,0.5,29,367360.7427784522,0.25,13092.351890599268,13166.061974585098,-73.71008398583035,95.0,190.0,-95.0,769.6976464348141,776.0817119292584,-6.384065494444229,262.45206407949524,351.0679985867411,-88.61593450724585,0,1
archived,0.5,30,200263.6179557795,0.5,14371.593217603697,14371.593217603697,0.0,190.0,190.0,0.0,795.2092501043722,795.2092501043722,0.0,155.53312271682998,155.53312271682998,0.0,0,0
archived,0.5,31,202272.33216849415,0.0,12406.159108992702,12481.931497074556,-75.7723880818553,0.0,190.0,-190.0,759.0266489845488,776.7479913757853,-17.721342391236657,280.5224554149059,452.42729119240477,-171.9048357774989,0,2
archived,0.75,0,349647.45157552586,0.0,11388.087436874686,12983.585053843019,-1595.4976169683334,0.0,95.0,-95.0,693.937978832617,776.1328987909031,-82.19491995828612,55.77313957598835,71.36967937231331,-15.596539796324967,0,11
archived,0.75,1,178735.3383420509,0.25,11121.378644458926,11121.378644458926,0.0,95.0,95.0,0.0,695.9156252721942,695.9156252721942,0.0,32.38098496025837,32.38098496025837,0.0,0,0
archived,0.75,2,684629.12192254,0.5,13513.328155243582,11576.582253742912,1936.7459015006705,190.0,95.0,95.0,775.7155345187397,688.4680659267073,87.24746859203236,11.99292536964341,6.0470443528875935,5.945881016755816,12,0
archived,0.75,3,299030.34798590414,0.0,12741.866591241926,13650.418628812637,-908.5520375707107,0.0,95.0,-95.0,749.6784499578604,798.401391854355,-48.72294189649448,80.51324222618236,128.44989822664567,-47.9366560004633,0,8
archived,0.75,4,46958.53074206619,0.0,11301.609598360032,11338.00660788307,-36.39700952303807,0.0,95.0,-95.0,736.9222866312754,749.3775430949105,-12.455256463635104,540.4406719400802,622.9854154764432,-82.54474353636306,0,1
archived,0.75,5,189593.55287083783,0.75,14110.962147749895,10160.910987340934,3950.0511604089606,285.0,95.0,190.0,789.2196412526656,618.428529015017,170.79111223764855,40.73598154199241,18.192450838217034,22.543530703775374,12,0
archived,0.75,6,400276.57159356936,0.5,12542.822961346561,10452.395976864509,2090.426984482053,190.0,95.0,95.0,735.0855954584022,646.0780794972379,89.00751596116432,13.698872863730514,9.08612775439697,4.612745109333545,12,0
archived,0.75,7,284165.7542616725,0.0155080236393131,11189.653166781396,12855.597037233869,-1665.9438704524728,5.893048982938978,95.0,-89.10695101706102,671.7826792574461,754.3422462932122,-82.559567035766,27.533636740992463,33.7610325679427,-6.2273958269502385,0,12
archived,0.75,8,523720.7177260164,0.0,11831.393300634927,13477.318675496628,-1645.9253748617018,0.0,95.0,-95.0,707.0149425626095,794.5925293341662,-87.57758677155694,41.44940534917273,51.127626745782216,-9.678221396609496,0,11
archived,0.75,9,123459.47450302083,0.0,12915.95371757934,13132.869084455298,-216.91536687595786,0.0,95.0,-95.0,757.1195523245746,785.988972703416,-28.869420378841596,150.3957161732187,216.5324641543814,-66.13674798116273,0,5
archived,0.75,10,160587.4925451004,0.75,14897.894562739319,11758.960422745686,3138.9341399936334,285.0,95.0,190.0,756.3968304327786,625.3487067874377,131.04812364534098,84.9233773260312,25.97150097136878,58.95187635466241,12,0
archived,0.75,11,456326.6586366643,0.5,13320.390159461791,11218.153646667424,2102.236512794365,190.0,95.0,95.0,771.6059304733203,680.5966217403685,91.00930873295177,22.131961876028086,15.168307125345535,6.963654750682551,11,0
archived,0.75,12,266946.3095325965,0.75,14739.969865556423,11097.452586980367,3642.5172785760565,285.0,95.0,190.0,781.9350442261865,625.6484469031732,156.28659732301324,43.06590648924877,14.351585543307314,28.714320945941456,12,0
archived,0.75,13,123023.48600093536,0.0,12525.695436048985,13130.477530112097,-604.782094063113,0.0,95.0,-95.0,746.2112694318739,780.0232035319433,-33.81193410006949,168.39295214304866,229.3906824292643,-60.99773028621566,0,5
archived,0.75,14,634679.1127168739,0.0,12978.645493141526,13215.22538706156,-236.5798939200328,0.0,95.0,-95.0,760.4808898829655,786.4630176322904,-25.982127749325098,188.82090043035976,256.1347483771188,-67.31384794675904,0,3
archived,0.75,15,111165.62164438654,0.5,13899.817736815887,12037.266070235366,1862.5516665805208,190.0,95.0,95.0,766.0020324966439,686.5072176560758,79.49481484056805,70.60482995184813,54.081551418290644,16.523278533557487,12,0
archived,0.75,16,80133.53634886404,0.5,13483.469598079386,11499.114192005853,1984.3554060735335,190.0,95.0,95.0,804.5611856666634,722.3243248380744,82.23686082858903,24.305126018838894,10.980726098928704,13.324399919910187,12,0
archived,0.75,17,364789.7923446728,0.0,11991.105605557272,12610.183489523488,-619.0778839662167,0.0,95.0,-95.0,732.4548799605747,774.9628479693525,-42.50796800877789,93.49627049983252,146.79923043347404,-53.302959933641525,0,5
archived,0.75,18,105695.53451593868,0.0,12002.192363331647,12059.067529116286,-56.87516578464056,0.0,95.0,-95.0,748.1646873104073,762.7813825426429,-14.616695232235562,439.30400546035594,519.6873102326381,-80.38330477228217,0,1
archived,0.75,19,338541.9965957501,0.5,13384.15939889737,11341.877355521987,2042.282043375383,190.0,95.0,95.0,775.0778307593126,691.819523864524,83.25830689478857,28.035140632319543,18.010696756877014,10.024443875442527,12,0
archived,0.75,20,452743.81301834056,0.0,12707.378939295935,13682.146974582261,-974.7680352863263,0.0,95.0,-95.0,736.097544821509,798.7762002477128,-62.67865542620374,59.043760289837046,88.70431772406016,-29.66055743422311,0,10
archived,0.75,21,615113.668369401,0.0,12612.200885270098,13174.567524486973,-562.3666392168733,0.0,95.0,-95.0,755.8210597651419,794.4819802610465,-38.660920495904634,158.75477743203666,215.32179413590418,-56.56701670386752,0,5
archived,0.75,22,246853.51174345997,0.75,14430.494594109396,10886.793186404522,3543.701407704873,285.0,95.0,190.0,813.8440553136244,643.6956201969282,170.14843511669622,20.600871203657082,4.944182763687211,15.656688439969871,12,0
archived,0.75,23,601375.5459775862,0.25,11650.470770731807,11650.470770731807,0.0,95.0,95.0,0.0,710.7853384295599,710.7853384295599,0.0,22.06655802876922,22.06655802876922,0.0,0,0
archived,0.75,24,627622.6238586899,0.0,12143.403376666802,13000.497952963806,-857.0945762970022,0.0,95.0,-95.0,728.4013332518957,781.7642263456895,-53.36289309379372,75.16751677601478,116.01824427158816,-40.85072749557337,0,9
archived,0.75,25,33912.89768381143,0.25,12317.170256272046,12317.170256272046,0.0,95.0,95.0,0.0,694.7310600829693,694.7310600829693,0.0,28.23353384207751,28.23353384207751,0.0,0,0
archived,0.75,26,290332.3076259957,0.5,12002.079904535642,10005.804564447162,1996.2753400884803,190.0,95.0,95.0,681.078524664461,589.0058852042974,92.0726394601635,19.071859661907293,14.499103813698959,4.572755848208335,12,0
archived,0.75,27,369947.5603304352,0.75,14217.5571160318,10649.186492913099,3568.370623118699,285.0,95.0,190.0,807.5009193599936,627.6522020079552,179.8487173520385,10.5027593975518,3.320516614688637,7.182242782863164,12,0
archived,0.75,28,136696.6586075413,0.75,14532.8776538436,11484.085801769193,3048.791852074406,285.0,95.0,190.0,778.5942359032247,642.0115607879317,136.58267511529297,61.32658443971706,5.927457944963663,55.399126494753396,12,0
archived,0.75,29,367360.7427784522,0.0,12610.385290218155,13092.351890599268,-481.96660038111213,0.0,95.0,-95.0,732.5771402499404,769.6976464348141,-37.120506184873875,204.5725647286898,262.45206407949524,-57.87949935080545,0,8
archived,0.75,30,200263.6179557795,0.25,13622.196376541484,13622.196376541484,0.0,95.0,95.0,0.0,760.162562890894,760.162562890894,0.0,101.55628489816833,101.55628489816833,0.0,0,0
archived,0.75,31,202272.33216849415,0.0,12406.159108992702,12473.29474970921,-67.1356407165099,0.0,95.0,-95.0,759.0266489845488,775.3627327114765,-16.336083726927825,280.5224554149059,358.95467786292994,-78.43222244802404,0,2
source_screened,0.25,0,349647.45157552586,0.75,16290.015878788776,16290.015878788776,0.0,285.0,285.0,0.0,886.6302916678555,886.6302916678555,0.0,149.0003153929746,149.0003153929746,0.0,0,0
source_screened,0.25,1,178735.3383420509,0.75,16389.330763025635,16389.330763025635,0.0,285.0,285.0,0.0,842.6700898026639,842.6700898026639,0.0,76.36836176775465,76.36836176775465,0.0,0,0
source_screened,0.25,2,684629.12192254,1.0,17389.617779368997,16371.737042029054,1017.8807373399419,380.0,285.0,95.0,891.9859317571709,843.9250494329016,48.06088232426939,73.29977452894373,32.86683142018865,40.43294310875509,12,0
source_screened,0.25,3,299030.34798590414,0.75,16571.650234214292,16571.650234214292,0.0,285.0,285.0,0.0,889.6511296344779,889.6511296344779,0.0,159.63550989042332,159.63550989042332,0.0,0,0
source_screened,0.25,4,46958.53074206619,0.0,14341.417494732783,14495.100779806024,-153.6832850732426,0.0,285.0,-285.0,834.6785678175905,869.5138299098567,-34.83526209226617,432.5312238515407,681.7399244674971,-249.20870061595636,2,9
source_screened,0.25,5,189593.55287083783,1.0,16974.254195674515,15378.032757625644,1596.2214380488713,380.0,285.0,95.0,872.6291167306872,801.7905326980375,70.83858403264979,52.83561468769836,27.010153887174155,25.82546080052421,12,0
source_screened,0.25,6,400276.57159356936,1.0,16545.06524802719,15146.82239492124,1398.2428531059497,380.0,285.0,95.0,875.7081201110447,813.6768517533601,62.03126835768452,57.10651225482656,25.825731345477063,31.2807809093495,12,0
source_screened,0.25,7,284165.7542616725,0.75,16159.351162220488,16159.351162220488,0.0,285.0,285.0,0.0,878.6119346560727,878.6119346560727,0.0,91.47691983106459,91.47691983106459,0.0,0,0
source_screened,0.25,8,523720.7177260164,0.75,16658.86525776163,16658.86525776163,0.0,285.0,285.0,0.0,884.3710776017487,884.3710776017487,0.0,144.42887255015194,144.42887255015194,0.0,0,0
source_screened,0.25,9,123459.47450302083,0.5,16395.30100649977,16428.53071953596,-33.22971303619124,190.0,285.0,-95.0,853.0785591101286,866.9514951214588,-13.872936011330305,224.5510404019909,305.2597237271269,-80.70868332513606,0,10
source_screened,0.25,10,160587.4925451004,1.0,18100.305906144582,17586.92675572973,513.3791504148479,380.0,285.0,95.0,804.8945624409807,777.3487092354452,27.54585320553562,131.10034016452275,63.61272652439621,67.48761364012655,12,0
source_screened,0.25,11,456326.6586366643,1.0,17014.634072275865,16025.081753951932,989.5523183239317,380.0,285.0,95.0,890.9764062229997,839.5450048533654,51.4314013696343,85.57888039058851,45.63814478789314,39.94073560269536,12,0
source_screened,0.25,12,266946.3095325965,1.0,17374.65300233194,16318.16705136137,1056.485950970568,380.0,285.0,95.0,833.2943423073274,785.1081409474774,48.18620135985003,84.13835641003237,40.25535365424315,43.88300275578922,12,0
source_screened,0.25,13,123023.48600093536,0.5,15656.720821693232,15956.073808972293,-299.3529872790594,190.0,285.0,-95.0,876.1293233952937,896.2697447912565,-20.140421395962722,173.40260379932627,222.1376236635942,-48.735019864267905,0,10
source_screened,0.25,14,634679.1127168739,0.5,16175.156964108159,16201.36199908694,-26.205034978782198,190.0,285.0,-95.0,875.2478352042516,883.1932721141688,-7.945436909917343,184.7591394013748,235.59129581718852,-50.83215641581373,0,9
source_screened,0.25,15,111165.62164438654,1.0,17923.53381783037,17318.241068470317,605.2927493600527,380.0,285.0,95.0,858.3217642211545,829.0418708477233,29.279893373431264,166.39716494626035,99.7075083747269,66.68965657153346,12,0
source_screened,0.25,16,80133.53634886404,1.0,17630.14771741979,16544.610063163505,1085.5376542562856,380.0,285.0,95.0,922.1605563832892,872.8698970057379,49.290659377551314,86.16835114112727,45.36264728104677,40.805703860080506,12,0
source_screened,0.25,17,364789.7923446728,0.5,15456.722794837893,15976.458558871105,-519.7357640332117,190.0,285.0,-95.0,870.2747033842487,901.1419624485316,-30.867259064282916,136.84713809585415,198.55537817037455,-61.70824007452041,0,11
source_screened,0.25,18,105695.53451593868,0.0,14857.521486053292,15093.741483218257,-236.21999716496566,0.0,285.0,-285.0,833.1325438782482,878.9002976823472,-45.76775380409892,339.38239796880663,581.6860980293017,-242.30370006049506,2,10
source_screened,0.25,19,338541.9965957501,1.0,17531.650874181043,16522.025537155005,1009.6253370260373,380.0,285.0,95.0,894.7944898690903,845.4123577605193,49.38213210857091,84.2739486008303,44.86118244399069,39.4127661568396,12,0
source_screened,0.25,20,452743.81301834056,0.5,16716.764440758936,16959.63393715413,-242.8694963951942,190.0,285.0,-95.0,858.5375706049668,883.7274294005147,-25.189858795547803,103.84414890910885,167.4732929350696,-63.629144025960755,0,12
source_screened,0.25,21,615113.668369401,0.5,15764.491372665894,15931.50261444773,-167.01124178183667,190.0,285.0,-95.0,882.9032827019964,896.9927377728635,-14.089455070866942,174.98378331202522,224.59037058300726,-49.60658727098203,0,10
source_screened,0.25,22,246853.51174345997,1.0,16871.12335521189,15497.600048895774,1373.523306316114,380.0,285.0,95.0,866.5330034895833,807.4827864376472,59.05021705193608,60.40583648059064,27.175298432634136,33.2305380479565,12,0
source_screened,0.25,23,601375.5459775862,0.75,15907.443855482714,15907.443855482714,0.0,285.0,285.0,0.0,853.3612738552702,853.3612738552702,0.0,62.820424353442576,62.820424353442576,0.0,0,0
source_screened,0.25,24,627622.6238586899,0.75,16511.242712619347,16511.242712619347,0.0,285.0,285.0,0.0,909.3274563757722,909.3274563757722,0.0,173.097289755508,173.097289755508,0.0,0,0
source_screened,0.25,25,33912.89768381143,0.75,16280.829456429032,16280.829456429032,0.0,285.0,285.0,0.0,831.3174887908082,831.3174887908082,0.0,76.85204386474771,76.85204386474771,0.0,0,0
source_screened,0.25,26,290332.3076259957,1.0,16951.409836377912,15324.794905036184,1626.6149313417288,380.0,285.0,95.0,841.3001515001382,770.9020278885741,70.39812361156395,46.12243912189167,23.08918155326259,23.033257568629082,12,0
source_screened,0.25,27,369947.5603304352,1.0,16580.390882242576,15005.318567342125,1575.0723149004498,380.0,285.0,95.0,865.3643817249841,794.2560086180434,71.10837310694079,41.15879477954977,21.168526674148605,19.990268105401167,12,0
source_screened,0.25,28,136696.6586075413,1.0,17681.183623909303,16760.408403181897,920.7752207274074,380.0,285.0,95.0,834.013911388792,793.1221232332664,40.89178815552555,98.15700371791604,43.92368408665311,54.23331963126293,12,0
source_screened,0.25,29,367360.7427784522,0.5,16467.13428254535,16514.237747891555,-47.10346534620339,190.0,285.0,-95.0,837.2401002664975,849.9794241767119,-12.739323910214305,267.27937627052376,348.46364075626883,-81.18426448574503,0,10
source_screened,0.25,30,200263.6179557795,0.5148674880668646,17180.54147487522,17485.776781818724,-305.23530694350785,195.64964546540853,285.0,-89.35035453459147,835.6441375906244,861.1219559312766,-25.477818340652124,126.02575121074459,186.1909358051602,-60.16518459441562,0,12
source_screened,0.25,31,202272.33216849415,0.25,15558.071031069534,15656.287534548983,-98.2165034794516,95.0,285.0,-190.0,844.8004767648968,863.7319414394213,-18.93146467452458,252.37426183761167,397.8971279432165,-145.5228661056049,0,11
source_screened,0.5,0,349647.45157552586,0.5,15418.37905065919,15418.37905065919,0.0,190.0,190.0,0.0,839.6196669002792,839.6196669002792,0.0,98.82247601966986,98.82247601966986,0.0,0,0
source_screened,0.5,1,178735.3383420509,0.5,14493.046639535021,14493.046639535021,0.0,190.0,190.0,0.0,778.6355975345417,778.6355975345417,0.0,45.593260238050355,45.593260238050355,0.0,0,0
source_screened,0.5,2,684629.12192254,0.75,16371.737042029054,14291.774878293021,2079.962163736032,285.0,190.0,95.0,843.9250494329016,767.5540248405664,76.37102459233502,32.86683142018865,17.806993655145316,15.059837765043333,12,0
source_screened,0.5,3,299030.34798590414,0.2565867477673666,15476.21801896208,16310.300122087729,-834.0821031256488,97.50296415159931,190.0,-92.49703584840069,830.7809173537989,869.8923899486448,-39.11147259484582,57.264105213704205,103.17975800533686,-45.915652791632674,0,12
source_screened,0.5,4,46958.53074206619,0.0,14341.417494732783,14488.413031282449,-146.99553654966653,0.0,190.0,-190.0,834.6785678175905,864.1642625219298,-29.485694704339277,432.5312238515407,592.6832458573904,-160.1520220058497,2,9
source_screened,0.5,5,189593.55287083783,1.0,16974.254195674515,13105.407808913915,3868.8463867605983,380.0,190.0,190.0,872.6291167306872,713.190418509023,159.43869822166425,52.83561468769836,18.328815257494945,34.506799430203415,12,0
source_screened,0.5,6,400276.57159356936,0.75,15146.82239492124,12771.91390058517,2374.908494336069,285.0,190.0,95.0,813.6768517533601,726.0427974121188,87.63405434124138,25.825731345477063,16.621354728217657,9.204376617259404,12,0
source_screened,0.5,7,284165.7542616725,0.5,15046.481856992907,15046.481856992907,0.0,190.0,190.0,0.0,820.7943433736369,820.7943433736369,0.0,55.19008046029695,55.19008046029695,0.0,0,0
source_screened,0.5,8,523720.7177260164,0.5,15853.246392109335,15853.246392109335,0.0,190.0,190.0,0.0,839.8848535116375,839.8848535116375,0.0,92.72683565900206,92.72683565900206,0.0,0,0
source_screened,0.5,9,123459.47450302083,0.25,16164.755711265701,16395.30100649977,-230.5452952340661,95.0,190.0,-95.0,826.552859666709,853.0785591101286,-26.525699443419615,156.35543622149285,224.5510404019909,-68.19560418049804,0,12
source_screened,0.5,10,160587.4925451004,0.75,17586.92675572973,15797.97063155034,1788.9561241793936,285.0,190.0,95.0,777.3487092354452,715.5313679111752,61.817341324269854,63.61272652439621,29.90661773474318,33.70610878965302,12,0
source_screened,0.5,11,456326.6586366643,0.75,16025.081753951932,14048.577589826564,1976.5041641253677,285.0,190.0,95.0,839.5450048533654,761.3149289855637,78.2300758678018,45.63814478789314,26.21853114134278,19.419613646550363,12,0
source_screened,0.5,12,266946.3095325965,0.75,16318.16705136137,14091.215201510946,2226.9518498504226,285.0,190.0,95.0,785.1081409474774,706.4465756088321,78.66156533864536,40.25535365424315,23.288431210836578,16.966922443406578,12,0
source_screened,0.5,13,123023.48600093536,0.0,14195.814644079242,15656.720821693232,-1460.90617761399,0.0,190.0,-190.0,787.8651671445872,876.1293233952937,-88.26415625070649,91.37175688696986,173.40260379932627,-82.03084691235644,0,12
source_screened,0.5,14,634679.1127168739,0.0,15307.387922671958,16175.156964108159,-867.7690414361995,0.0,190.0,-190.0,808.7009596616936,875.2478352042516,-66.54687554255788,91.46896753975966,184.7591394013748,-93.29017186161514,2,10
source_screened,0.5,15,111165.62164438654,0.75,17318.241068470317,15497.8364453212,1820.4046231491157,285.0,190.0,95.0,829.0418708477233,769.4412846896613,59.60058615806195,99.7075083747269,61.54130110736681,38.166207267360086,12,0
source_screened,0.5,16,80133.53634886404,0.75,16544.610063163505,14351.908415816446,2192.7016473470594,285.0,190.0,95.0,872.8698970057379,797.1460420896423,75.72385491609559,45.36264728104677,26.27942907145494,19.083218209591834,12,0
source_screened,0.5,17,364789.7923446728,0.25,14713.458040535164,15456.722794837893,-743.2647543027306,95.0,190.0,-95.0,828.0785371805274,870.2747033842487,-42.19616620372131,86.51865398595213,136.84713809585415,-50.32848410990204,0,12
source_screened,0.5,18,105695.53451593868,0.0,14857.521486053292,15075.3694937912,-217.84800773790766,0.0,190.0,-190.0,833.1325438782482,870.3832609644595,-37.250717086211345,339.38239796880663,496.02449597952926,-156.64209801072258,2,10
source_screened,0.5,19,338541.9965957501,0.75,16522.025537155005,14592.098236886692,1929.9273002683124,285.0,190.0,95.0,845.4123577605193,772.696387091041,72.71597066947837,44.86118244399069,25.57331807357161,19.28786437041909,12,0
source_screened,0.5,20,452743.81301834056,0.5,16716.764440758936,16716.764440758936,0.0,190.0,190.0,0.0,858.5375706049668,858.5375706049668,0.0,103.84414890910885,103.84414890910885,0.0,0,0
source_screened,0.5,21,615113.668369401,0.0,14479.11968165582,15764.491372665894,-1285.371691010075,0.0,190.0,-190.0,801.366891936967,882.9032827019964,-81.53639076502948,85.31624571214194,174.98378331202522,-89.66753759988326,1,11
source_screened,0.5,22,246853.51174345997,1.0,16871.12335521189,13318.325999343675,3552.797355868212,380.0,190.0,190.0,866.5330034895833,726.27934171055,140.25366177903322,60.40583648059064,15.628455375400172,44.777381105190464,12,0
source_screened,0.5,23,601375.5459775862,0.75,15907.443855482714,14433.823930723398,1473.6199247593142,285.0,190.0,95.0,853.3612738552702,788.8664227941634,64.49485106110676,62.820424353442576,33.12869952125193,29.69172483219064,12,0
source_screened,0.5,24,627622.6238586899,0.25,14705.476504600374,15887.086029033462,-1181.609524433089,95.0,190.0,-95.0,812.1713402225367,869.3000283877923,-57.12868816525556,76.47730442025926,115.495247524923,-39.01794310466374,0,12
source_screened,0.5,25,33912.89768381143,0.5,14788.207868294938,14788.207868294938,0.0,190.0,190.0,0.0,768.9333176139884,768.9333176139884,0.0,43.09730797672129,43.09730797672129,0.0,0,0
source_screened,0.5,26,290332.3076259957,1.0,16951.409836377912,12845.01631233374,4106.3935240441715,380.0,190.0,190.0,841.3001515001382,681.7329103791839,159.5672411209542,46.12243912189167,15.025272534880477,31.0971665870112,12,0
source_screened,0.5,27,369947.5603304352,1.0,16580.390882242576,12794.982232871911,3785.4086493706614,380.0,190.0,190.0,865.3643817249841,708.7381981262029,156.6261835987813,41.15879477954977,12.907857968250967,28.25093681129881,12,0
source_screened,0.5,28,136696.6586075413,0.75,16760.408403181897,14646.276517536542,2114.131885645355,285.0,190.0,95.0,793.1221232332664,720.3316462552011,72.7904769780654,43.92368408665311,18.84611483491433,25.077569251738783,12,0
source_screened,0.5,29,367360.7427784522,0.25,16266.304937389321,16467.13428254535,-200.82934515603043,95.0,190.0,-95.0,814.0708026855309,837.2401002664975,-23.16929758096661,196.5559738539731,267.27937627052376,-70.72340241655071,0,12
source_screened,0.5,30,200263.6179557795,0.25,15348.80295187115,17161.241369388918,-1812.4384175177672,95.0,190.0,-95.0,774.3563367649386,834.0331687074396,-59.67683194250092,87.67386299220333,122.22149140573494,-34.54762841353162,0,12
source_screened,0.5,31,202272.33216849415,0.0,15289.500869881756,15640.820517056787,-351.31964717503024,0.0,190.0,-190.0,813.2516175916144,858.0865669611767,-44.8349493695623,192.11943478698416,329.27866317537587,-137.15922838839168,2,10
source_screened,0.75,0,349647.45157552586,0.0,11768.906508571148,13470.426143821795,-1701.519635250647,0.0,95.0,-95.0,682.4632107082368,770.2965027880313,-87.83329207979439,62.41902994817239,69.6028596882025,-7.183829740030117,0,12
source_screened,0.75,1,178735.3383420509,0.0,10120.869587812593,11944.677334388813,-1823.8077465762206,0.0,95.0,-95.0,596.1288045732856,693.2024671932435,-97.0736626199578,31.577709642132902,32.459745024766725,-0.8820353826338211,0,12
source_screened,0.75,2,684629.12192254,0.5772847679715631,14934.7724511489,11829.345469463062,3105.4269816858396,219.36821182919402,95.0,124.36821182919402,791.1632925020431,678.4254094645416,112.73788303750143,22.46257792458835,12.38952992048869,10.073048004099663,12,0
source_screened,0.75,3,299030.34798590414,0.0,14059.607567917692,15453.647808095697,-1394.0402401780054,0.0,95.0,-95.0,760.5091192769169,829.7225632895498,-69.21344401263315,35.591865308109995,56.02163044810096,-20.429765139990966,1,11
source_screened,0.75,4,46958.53074206619,0.0,14341.417494732783,14456.087641764621,-114.67014703184002,0.0,95.0,-95.0,834.6785678175905,854.3533492446345,-19.674781427044014,432.5312238515407,507.5603757449119,-75.0291518933712,2,9
source_screened,0.75,5,189593.55287083783,0.75,15378.032757625644,10646.272374149243,4731.760383476399,285.0,95.0,190.0,801.7905326980375,620.0023454557612,181.78818724227628,27.010153887174155,15.88271214158925,11.127441745584903,12,0
source_screened,0.75,6,400276.57159356936,0.75,15146.82239492124,10254.622787854592,4892.199607066647,285.0,95.0,190.0,813.6768517533601,633.0883140446657,180.58853770869442,25.825731345477063,15.423805238023656,10.401926107453408,12,0
source_screened,0.75,7,284165.7542616725,0.25,12896.24042263371,12896.24042263371,0.0,95.0,95.0,0.0,741.4554882280713,741.4554882280713,0.0,39.8886035559627,39.8886035559627,0.0,0,0
source_screened,0.75,8,523720.7177260164,0.0,12076.582374653794,13785.517155066824,-1708.9347804130296,0.0,95.0,-95.0,681.8560744799314,769.2431516146053,-87.38707713467386,58.713656035358724,65.58076658645395,-6.867110551095229,0,12
source_screened,0.75,9,123459.47450302083,0.0,15004.39550418427,16164.755711265701,-1160.3602070814325,0.0,95.0,-95.0,768.9726660537603,826.552859666709,-57.580193612948584,119.51772436713485,156.35543622149285,-36.837711854358,0,12
source_screened,0.75,10,160587.4925451004,0.75,17586.92675572973,12941.507224689825,4645.419531039909,285.0,95.0,190.0,777.3487092354452,628.4056880977378,148.94302113770735,63.61272652439621,20.83960659191725,42.77311993247895,12,0
source_screened,0.75,11,456326.6586366643,0.5,14048.577589826564,11639.562548978303,2409.0150408482614,190.0,95.0,95.0,761.3149289855637,670.9755423476763,90.33938663788736,26.21853114134278,20.136825049848138,6.081706091494642,12,0
source_screened,0.75,12,266946.3095325965,0.75,16318.16705136137,11458.922738725016,4859.244312636351,285.0,95.0,190.0,785.1081409474774,614.5130388418274,170.59510210564994,40.25535365424315,18.950493377169906,21.30486027707325,12,0
source_screened,0.75,13,123023.48600093536,0.0,14195.814644079242,15011.434721391983,-815.6200773127407,0.0,95.0,-95.0,787.8651671445872,841.5933117057124,-53.728144561125106,91.37175688696986,123.8456313448945,-32.473874457924644,0,12
source_screened,0.75,14,634679.1127168739,0.0,15307.387922671958,15974.609825246027,-667.2219025740684,0.0,95.0,-95.0,808.7009596616936,854.6482894694232,-45.94732980772948,91.46896753975966,127.07605637285616,-35.6070888330965,2,10
source_screened,0.75,15,111165.62164438654,0.0,10843.412499199083,12869.917507450116,-2026.5050082510334,0.0,95.0,-95.0,586.4394889443012,684.979554654651,-98.54006571034991,50.02436542022824,48.343305080616666,1.6810603396115773,1,11
source_screened,0.75,16,80133.53634886404,0.5,14351.908415816446,11861.127466235188,2490.7809495812567,190.0,95.0,95.0,797.1460420896423,708.0777369632328,89.06830512640938,26.27942907145494,17.543014950255653,8.736414121199287,12,0
source_screened,0.75,17,364789.7923446728,0.0,13718.600848705866,14713.458040535164,-994.8571918292951,0.0,95.0,-95.0,764.8211767574008,828.0785371805274,-63.2573604231265,56.44618962348477,86.51865398595213,-30.072464362467354,1,11
source_screened,0.75,18,105695.53451593868,0.0,14857.521486053292,15016.875861235867,-159.35437518257564,0.0,95.0,-95.0,833.1325438782482,857.0893860431291,-23.95684216488085,339.38239796880663,413.6472656484525,-74.26486767964589,1,11
source_screened,0.75,19,338541.9965957501,0.5,14592.098236886692,12186.687969117122,2405.4102677695687,190.0,95.0,95.0,772.696387091041,686.8590846051883,85.83730248585272,25.57331807357161,17.299536850155224,8.273781223416384,12,0
source_screened,0.75,20,452743.81301834056,0.0,13443.282166254654,15242.053403306201,-1798.7712370515499,0.0,95.0,-95.0,720.6441333646202,803.5360785179738,-82.89194515335357,56.86376504327822,66.56671909123538,-9.702954047957165,0,12
source_screened,0.75,21,615113.668369401,0.0,14479.11968165582,15267.198760238265,-788.0790785824462,0.0,95.0,-95.0,801.366891936967,852.9058634138813,-51.538971476914355,85.31624571214194,120.93909972482088,-35.62285401267893,1,11
source_screened,0.75,22,246853.51174345997,0.75,15497.600048895774,10987.226569169596,4510.373479726178,285.0,95.0,190.0,807.4827864376472,635.4880742588272,171.9947121788201,27.175298432634136,12.352476328095888,14.822822104538249,12,0
source_screened,0.75,23,601375.5459775862,0.0,10389.081876622922,11935.507691298999,-1546.4258146760785,0.0,95.0,-95.0,607.2734166151854,701.0728813504232,-93.7994647352379,26.375192238150557,26.51975734968671,-0.14456511153615337,0,12
source_screened,0.75,24,627622.6238586899,0.0,13180.70099049632,14705.476504600374,-1524.7755141040525,0.0,95.0,-95.0,735.653256160672,812.1713402225367,-76.51808406186468,57.46200023078094,76.47730442025926,-19.015304189478336,1,11
source_screened,0.75,25,33912.89768381143,0.5,14788.207868294938,12559.697598617235,2228.5102696777026,190.0,95.0,95.0,768.9333176139884,684.467442839114,84.46587477487431,43.09730797672129,32.712220242763905,10.385087733957393,12,0
source_screened,0.75,26,290332.3076259957,0.75,15324.794905036184,10357.586596316343,4967.208308719842,285.0,95.0,190.0,770.9020278885741,587.5602062166639,183.34182167191022,23.08918155326259,12.936283494778763,10.152898058483826,12,0
source_screened,0.75,27,369947.5603304352,0.75,15005.318567342125,10545.462255654451,4459.856311687673,285.0,95.0,190.0,794.2560086180434,616.1981935684781,178.05781504956528,21.168526674148605,10.44121708048142,10.727309593667187,12,0
source_screened,0.75,28,136696.6586075413,0.75,16760.408403181897,11774.123876439642,4986.284526742254,285.0,95.0,190.0,793.1221232332664,626.6202606981403,166.5018625351261,43.92368408665311,15.780719054523411,28.142965032129705,12,0
source_screened,0.75,29,367360.7427784522,0.0,15240.420017171562,16266.304937389321,-1025.8849202177573,0.0,95.0,-95.0,758.2622181171547,814.0708026855309,-55.80858456837618,157.7896482667069,196.5559738539731,-38.76632558726617,1,11
source_screened,0.75,30,200263.6179557795,0.0,13555.946899486315,15348.80295187115,-1792.8560523848355,0.0,95.0,-95.0,691.2982520033061,774.3563367649386,-83.05808476163256,76.30614132342329,87.67386299220333,-11.367721668780037,0,12
source_screened,0.75,31,202272.33216849415,0.0,15289.500869881756,15558.071031069534,-268.57016118777636,0.0,95.0,-95.0,813.2516175916144,844.8004767648968,-31.548859173282477,192.11943478698416,252.37426183761167,-60.25482705062751,2,10
