台站代码,year,month,day,plot,样地名称,crop,cultivar,replicate,area,height,density,ears,biomass,grain,source_sheet,excel_row,source_date,source_quarantined
YCA,2005,6,10,YCAZH01ABC_01,禹城站综合观测场长期观测采样地,wheat,13系,C,2×2,76.1,,357.89,1600.0,548.075,YCAZH01冬小麦,2,2005-06-10,False
YCA,2005,6,10,YCAZH01ABC_01,禹城站综合观测场长期观测采样地,wheat,13系,E,2×2,77.0,,373.69,1600.0,537.2,YCAZH01冬小麦,3,2005-06-10,False
YCA,2005,6,10,YCAZH01ABC_01,禹城站综合观测场长期观测采样地,wheat,13系,G,2×2,77.8,,400.0,1700.0,600.05,YCAZH01冬小麦,4,2005-06-10,False
YCA,2005,6,10,YCAZH01ABC_01,禹城站综合观测场长期观测采样地,wheat,13系,J,2×2,77.6,,373.69,1500.0,553.2,YCAZH01冬小麦,5,2005-06-10,False
YCA,2005,6,10,YCAZH01ABC_01,禹城站综合观测场长期观测采样地,wheat,13系,L,2×2,82.0,,354.21,1800.0,603.8,YCAZH01冬小麦,6,2005-06-10,False
YCA,2005,6,10,YCAZH01ABC_01,禹城站综合观测场长期观测采样地,wheat,13系,N,2×2,82.0,,401.58,1700.0,575.875,YCAZH01冬小麦,7,2005-06-10,False
YCA,2006,6,11,YCAZH01ABC_01,禹城站综合观测场长期观测采样地,wheat,潍麦8,A,2.2×1.89,70.71,287.0339996402154,347.31113956466066,1443.0014430014428,537.0610870610869,YCAZH01冬小麦,8,2006-06-11,False
YCA,2006,6,11,YCAZH01ABC_01,禹城站综合观测场长期观测采样地,wheat,潍麦8,D,1.92×1.94,71.68,361.54820231179207,437.4733247972684,1100.7302405498283,437.92955326460486,YCAZH01冬小麦,9,2006-06-11,False
YCA,2006,6,11,YCAZH01ABC_01,禹城站综合观测场长期观测采样地,wheat,潍麦8,F,1.99×2.01,67.52,321.42517010402,388.92445582586424,1437.5359383984603,561.1890297257432,YCAZH01冬小麦,10,2006-06-11,False
YCA,2006,6,11,YCAZH01ABC_01,禹城站综合观测场长期观测采样地,wheat,潍麦8,K,1.9×2,68.8,308.6387092905543,373.45283824157065,1421.0526315789475,612.6578947368421,YCAZH01冬小麦,11,2006-06-11,False
YCA,2006,6,11,YCAZH01ABC_01,禹城站综合观测场长期观测采样地,wheat,潍麦8,M,1.885×1.895,71.87,356.25725300966826,431.0712761416986,1679.6959750285198,583.162447596985,YCAZH01冬小麦,12,2006-06-11,False
YCA,2006,6,11,YCAZH01ABC_01,禹城站综合观测场长期观测采样地,wheat,潍麦8,P,1.96×2.08,69.68,299.8204604536813,362.7827571489543,1704.7684458398742,625.932103610675,YCAZH01冬小麦,13,2006-06-11,False
YCA,2007,6,7,YCAZH01ABC_01,禹城站综合观测场长期观测采样地,wheat,泰安9118,A,2.65×2.40,94.7,365.0,532.1,1537.74,605.0,YCAZH01冬小麦,14,2007-06-07,False
YCA,2007,6,7,YCAZH01ABC_01,禹城站综合观测场长期观测采样地,wheat,泰安9118,D,2.02×2.11,88.0,312.0,474.1,1186.08,584.0,YCAZH01冬小麦,15,2007-06-07,False
YCA,2007,6,7,YCAZH01ABC_01,禹城站综合观测场长期观测采样地,wheat,泰安9118,F,2.0×1.74,85.4,382.0,544.9,1518.4,580.0,YCAZH01冬小麦,16,2007-06-07,False
YCA,2007,6,7,YCAZH01ABC_01,禹城站综合观测场长期观测采样地,wheat,泰安9118,K,2.0×1.95,91.1,401.0,542.0,1444.99,577.0,YCAZH01冬小麦,17,2007-06-07,False
YCA,2007,6,7,YCAZH01ABC_01,禹城站综合观测场长期观测采样地,wheat,泰安9118,M,2.05×1.95,91.9,355.0,534.5,1654.77,639.0,YCAZH01冬小麦,18,2007-06-07,False
YCA,2007,6,7,YCAZH01ABC_01,禹城站综合观测场长期观测采样地,wheat,泰安9118,P,2.02×1.95,87.8,389.0,550.0,1715.57,569.0,YCAZH01冬小麦,19,2007-06-07,False
YCA,2008,6,10,YCAZH01ABC_01,禹城站综合观测场长期观测采样地,wheat,科农199,A,2.00×2.08,70.2,267.4,398.3,1446.53,630.0,YCAZH01冬小麦,20,2008-06-10,False
YCA,2008,6,10,YCAZH01ABC_01,禹城站综合观测场长期观测采样地,wheat,科农199,D,2.15×1.96,71.5,298.6,554.5,1416.84,636.0,YCAZH01冬小麦,21,2008-06-10,False
YCA,2008,6,10,YCAZH01ABC_01,禹城站综合观测场长期观测采样地,wheat,科农199,F,2.00×2.02,74.7,264.5,496.9,1328.23,610.0,YCAZH01冬小麦,22,2008-06-10,False
YCA,2008,6,10,YCAZH01ABC_01,禹城站综合观测场长期观测采样地,wheat,科农199,K,2.06×2.05,73.0,335.2,617.1,1475.69,641.0,YCAZH01冬小麦,23,2008-06-10,False
YCA,2008,6,10,YCAZH01ABC_01,禹城站综合观测场长期观测采样地,wheat,科农199,M,2.05×2.00,73.6,299.7,550.0,1141.61,558.0,YCAZH01冬小麦,24,2008-06-10,False
YCA,2008,6,10,YCAZH01ABC_01,禹城站综合观测场长期观测采样地,wheat,科农199,P,2.15×2.00,70.1,312.3,538.5,1242.53,618.0,YCAZH01冬小麦,25,2008-06-10,False
YCA,2009,6,9,YCAZH01ABC_01,禹城站综合观测场长期观测采样地,wheat,科农199,A,2.20×0.86,76.95,224.52830188679243,536.5384615384615,1320.4615749093955,697.5739957716701,YCAZH01冬小麦,26,2009-06-09,False
YCA,2009,6,9,YCAZH01ABC_01,禹城站综合观测场长期观测采样地,wheat,科农199,D,2.40×0.85,81.45,205.66037735849056,530.4347826086956,1846.456814770107,758.7892156862745,YCAZH01冬小麦,27,2009-06-09,False
YCA,2009,6,9,YCAZH01ABC_01,禹城站综合观测场长期观测采样地,wheat,科农199,F,2.20×0.97,75.65,207.54716981132074,585.1851851851851,1417.238565978648,685.9137769447046,YCAZH01冬小麦,28,2009-06-09,False
YCA,2009,6,9,YCAZH01ABC_01,禹城站综合观测场长期观测采样地,wheat,科农199,K,2.18×0.88,79.45,200.0,570.3703703703703,1458.8247885886526,672.8471643035864,YCAZH01冬小麦,29,2009-06-09,False
YCA,2009,6,9,YCAZH01ABC_01,禹城站综合观测场长期观测采样地,wheat,科农199,M,2.49×0.85,80.4,205.66037735849056,574.5454545454545,1549.3528922773542,692.4072761634773,YCAZH01冬小麦,30,2009-06-09,False
YCA,2009,6,9,YCAZH01ABC_01,禹城站综合观测场长期观测采样地,wheat,科农199,P,2.25×0.85,71.8,224.52830188679243,666.0714285714286,1516.9143504833107,700.7895424836602,YCAZH01冬小麦,31,2009-06-09,False
YCA,2010,6,16,YCAZH01ABC_01,禹城站综合观测场长期观测采样地,wheat,潍麦8号,A,2.59×1.14,78.775,261.666666666667,320.8,1195.11,536.800668018609,YCAZH01冬小麦,32,2010-06-16,False
YCA,2010,6,16,YCAZH01ABC_01,禹城站综合观测场长期观测采样地,wheat,潍麦8号,D,2.51×1.08,83.775,290.0,497.9,1400.96,513.5918003565063,YCAZH01冬小麦,33,2010-06-16,False
YCA,2010,6,16,YCAZH01ABC_01,禹城站综合观测场长期观测采样地,wheat,潍麦8号,F,2.24×0.97,76.725,281.6666666666667,385.4,1315.8,513.1863579877572,YCAZH01冬小麦,34,2010-06-16,False
YCA,2010,6,16,YCAZH01ABC_01,禹城站综合观测场长期观测采样地,wheat,潍麦8号,K,2.34×1.10,83.0,276.6666666666667,459.2,1372.35,570.221752903907,YCAZH01冬小麦,35,2010-06-16,False
YCA,2010,6,16,YCAZH01ABC_01,禹城站综合观测场长期观测采样地,wheat,潍麦8号,M,2.45×1.01,80.4,333.33333333333337,393.8,1130.47,558.390022675737,YCAZH01冬小麦,36,2010-06-16,False
YCA,2010,6,16,YCAZH01ABC_01,禹城站综合观测场长期观测采样地,wheat,潍麦8号,P,2.28×1.12,71.8,291.6666666666667,414.3,1416.32,529.1005291005291,YCAZH01冬小麦,37,2010-06-16,False
YCA,2011,6,12,YCAZH01ABC_01,禹城站综合观测场长期观测采样地,wheat,莱州95021,A,1.20×0.96,78.315,376.0,436.3636363636364,1738.738738738739,814.8648648648649,YCAZH01冬小麦,38,2011-06-12,False
YCA,2011,6,12,YCAZH01ABC_01,禹城站综合观测场长期观测采样地,wheat,莱州95021,D,1.40×0.75,75.61,400.0,424.48979591836735,1539.0946502057614,811.1111111111111,YCAZH01冬小麦,39,2011-06-12,False
YCA,2011,6,12,YCAZH01ABC_01,禹城站综合观测场长期观测采样地,wheat,莱州95021,F,1.20×0.97,77.45,359.18367346938777,453.6585365853659,1677.6960784313726,797.0588235294117,YCAZH01冬小麦,40,2011-06-12,False
YCA,2011,6,12,YCAZH01ABC_01,禹城站综合观测场长期观测采样地,wheat,莱州95021,K,1.18×0.98,78.86,387.5,502.22222222222223,1648.8888888888891,777.3333333333334,YCAZH01冬小麦,41,2011-06-12,False
YCA,2011,6,12,YCAZH01ABC_01,禹城站综合观测场长期观测采样地,wheat,莱州95021,M,1.49×0.75,79.2,393.6170212765958,540.0,1708.888888888889,778.6666666666666,YCAZH01冬小麦,42,2011-06-12,False
YCA,2011,6,12,YCAZH01ABC_01,禹城站综合观测场长期观测采样地,wheat,莱州95021,P,1.25×0.95,72.93,411.9047619047619,447.61904761904765,1688.4615384615383,855.3846153846154,YCAZH01冬小麦,43,2011-06-12,False
YCA,2012,6,7,YCAZH01ABC_01,禹城站综合观测场长期观测采样地,wheat,济麦22,A,1.10×0.92,58.6,516.1290322580645,570.9677419354839,1032.2480919717902,470.8003952569169,YCAZH01冬小麦,44,2012-06-07,False
YCA,2012,6,7,YCAZH01ABC_01,禹城站综合观测场长期观测采样地,wheat,济麦22,D,1.40×0.90,67.2,615.0,725.0,1263.3423180592995,447.7301587301587,YCAZH01冬小麦,45,2012-06-07,False
YCA,2012,6,7,YCAZH01ABC_01,禹城站综合观测场长期观测采样地,wheat,济麦22,F,1.00×1.16,65.15,554.8387096774194,570.9677419354839,1241.8241884515946,562.8103448275863,YCAZH01冬小麦,46,2012-06-07,False
YCA,2012,6,7,YCAZH01ABC_01,禹城站综合观测场长期观测采样地,wheat,济麦22,K,0.98×1.27,68.815,430.0,580.0,1554.1343167701866,570.5126144946167,YCAZH01冬小麦,47,2012-06-07,False
YCA,2012,6,7,YCAZH01ABC_01,禹城站综合观测场长期观测采样地,wheat,济麦22,M,0.90×1.05,68.8,333.3333333333333,575.0,1399.8851848919157,639.6825396825396,YCAZH01冬小麦,48,2012-06-07,False
YCA,2012,6,7,YCAZH01ABC_01,禹城站综合观测场长期观测采样地,wheat,济麦22,P,1.00×1.05,68.935,394.4444444444444,433.3333333333333,2003.2604320407886,776.7523809523809,YCAZH01冬小麦,49,2012-06-07,False
YCA,2013,6,12,YCAZH01ABC_01,禹城站综合观测场长期观测采样地,wheat,济麦22,A,1.09×1.10,74.105,480.7692307692307,657.4074074074074,1581.418281809608,703.5029190992492,YCAZH01冬小麦,50,2013-06-12,False
YCA,2013,6,12,YCAZH01ABC_01,禹城站综合观测场长期观测采样地,wheat,济麦22,D,1.05×1.06,79.55,511.53846153846155,662.9629629629629,1753.611040002945,723.2704402515723,YCAZH01冬小麦,51,2013-06-12,False
YCA,2013,6,12,YCAZH01ABC_01,禹城站综合观测场长期观测采样地,wheat,济麦22,F,1.03×1.02,74.775,475.9259259259258,735.8490566037735,1522.047157887934,619.6459166190749,YCAZH01冬小麦,52,2013-06-12,False
YCA,2013,6,12,YCAZH01ABC_01,禹城站综合观测场长期观测采样地,wheat,济麦22,K,1.06×1.05,75.025,462.2641509433962,680.7692307692307,1358.8060772961062,610.6019766397123,YCAZH01冬小麦,53,2013-06-12,False
YCA,2013,6,12,YCAZH01ABC_01,禹城站综合观测场长期观测采样地,wheat,济麦22,M,1.03×0.96,72.375,442.3076923076923,756.25,1655.4682560753622,735.0323624595469,YCAZH01冬小麦,54,2013-06-12,False
YCA,2013,6,12,YCAZH01ABC_01,禹城站综合观测场长期观测采样地,wheat,济麦22,P,1.00×1.02,74.65,534.0,624.5283018867924,1739.4916341164808,692.2549019607843,YCAZH01冬小麦,55,2013-06-12,False
YCA,2014,6,5,YCAZH01ABC_01,禹城站综合观测场长期观测采样地,wheat,济麦22,A,1.00×0.99,65.735,313.19038336582196,422.8070175438597,1422.1063683429277,666.8686868686868,YCAZH01冬小麦,56,2014-06-05,False
YCA,2014,6,5,YCAZH01ABC_01,禹城站综合观测场长期观测采样地,wheat,济麦22,D,1.01×1.02,69.76499999999999,339.5061728395062,509.25925925925924,1340.600259594792,676.664725296059,YCAZH01冬小麦,57,2014-06-05,False
YCA,2014,6,5,YCAZH01ABC_01,禹城站综合观测场长期观测采样地,wheat,济麦22,F,0.99×0.93,68.45,314.75409836065575,393.44262295081967,1651.766082413494,700.6625393722168,YCAZH01冬小麦,58,2014-06-05,False
YCA,2014,6,5,YCAZH01ABC_01,禹城站综合观测场长期观测采样地,wheat,济麦22,K,1.02×0.92,69.51,245.19480519480518,429.09090909090907,1420.454545454546,700.5541346973572,YCAZH01冬小麦,59,2014-06-05,False
YCA,2014,6,5,YCAZH01ABC_01,禹城站综合观测场长期观测采样地,wheat,济麦22,M,0.97×1.01,70.16999999999999,311.576354679803,436.2068965517242,1264.321182183193,623.2520159232419,YCAZH01冬小麦,60,2014-06-05,False
YCA,2014,6,5,YCAZH01ABC_01,禹城站综合观测场长期观测采样地,wheat,济麦22,P,1.01×0.97,68.775,384.56140350877195,480.70175438596493,1335.7914958694873,692.4568745534348,YCAZH01冬小麦,61,2014-06-05,False
YCA,2015,6,11,YCAZH01ABC_01,禹城站综合观测场长期观测采样地,wheat,济麦22,A,1.03×1.04,68.345,394.71753484959646,572.3404255319149,1554.1439745879036,692.8678117998505,YCAZH01冬小麦,62,2015-06-11,False
YCA,2015,6,11,YCAZH01ABC_01,禹城站综合观测场长期观测采样地,wheat,济麦22,D,1.06×1.07,68.94500000000001,385.02673796791436,423.52941176470586,1377.1529713133957,645.0361488273672,YCAZH01冬小麦,63,2015-06-11,False
YCA,2015,6,11,YCAZH01ABC_01,禹城站综合观测场长期观测采样地,wheat,济麦22,F,1.01×1.02,65.66,342.85714285714283,428.57142857142856,1431.1449060701832,658.318773053776,YCAZH01冬小麦,64,2015-06-11,False
YCA,2015,6,11,YCAZH01ABC_01,禹城站综合观测场长期观测采样地,wheat,济麦22,K,1.06×1.05,67.72999999999999,369.5652173913043,517.391304347826,1561.4834092387766,690.5660377358489,YCAZH01冬小麦,65,2015-06-11,False
YCA,2015,6,11,YCAZH01ABC_01,禹城站综合观测场长期观测采样地,wheat,济麦22,M,1.02×1.01,68.66,389.5652173913044,448.0,1461.6755793226382,677.2471364783538,YCAZH01冬小麦,66,2015-06-11,False
YCA,2015,6,11,YCAZH01ABC_01,禹城站综合观测场长期观测采样地,wheat,济麦22,P,1.02×1.01,67.83500000000001,293.2551319648093,454.5454545454545,1310.7149678582814,630.8483789555426,YCAZH01冬小麦,67,2015-06-11,False
YCA,2016,6,7,YCAZH01ABC_01,禹城站综合观测场长期观测采样地,wheat,登海502,A,1.10×1.00,71.075,437.10691823899367,524.5283018867924,1408.2568807339446,670.2857142857143,YCAZH01冬小麦,68,2016-06-07,False
YCA,2016,6,7,YCAZH01ABC_01,禹城站综合观测场长期观测采样地,wheat,登海502,D,1.00×1.01,66.93999999999998,417.73231031543054,480.3921568627451,1259.6744790245286,619.2079207920792,YCAZH01冬小麦,69,2016-06-07,False
YCA,2016,6,7,YCAZH01ABC_01,禹城站综合观测场长期观测采样地,wheat,登海502,F,1.00×0.99,65.75,403.07692307692304,503.8461538461538,1285.2272188167349,629.8276886512181,YCAZH01冬小麦,70,2016-06-07,False
YCA,2016,6,7,YCAZH01ABC_01,禹城站综合观测场长期观测采样地,wheat,登海502,K,1.00×1.05,66.81499999999998,460.6413994169096,483.6734693877551,1251.849322863321,582.2725129655822,YCAZH01冬小麦,71,2016-06-07,False
YCA,2016,6,7,YCAZH01ABC_01,禹城站综合观测场长期观测采样地,wheat,登海502,M,1.02×1.00,67.69000000000001,314.91384432560903,519.6078431372549,1180.870612790672,560.7649000194137,YCAZH01冬小麦,72,2016-06-07,False
YCA,2016,6,7,YCAZH01ABC_01,禹城站综合观测场长期观测采样地,wheat,登海502,P,1.02×1.00,66.05,404.8,506.0,1466.7575639527336,670.0,YCAZH01冬小麦,73,2016-06-07,False
YCA,2017,6,8,YCAZH01ABC_01,禹城站综合观测场长期观测采样地,wheat,登海502,A,1.14×1.15,72.215,415.7218442932729,561.2244897959184,1592.623973420686,804.7902364607172,YCAZH01冬小麦,74,2017-06-08,False
YCA,2017,6,8,YCAZH01ABC_01,禹城站综合观测场长期观测采样地,wheat,登海502,D,1.05×1.10,75.455,417.46031746031747,584.4444444444445,1688.9975123292452,795.5670995670994,YCAZH01冬小麦,75,2017-06-08,False
YCA,2017,6,8,YCAZH01ABC_01,禹城站综合观测场长期观测采样地,wheat,登海502,F,1.20×1.05,77.155,538.6666666666667,673.3333333333334,1601.3303402670047,778.6349206349207,YCAZH01冬小麦,76,2017-06-08,False
YCA,2017,6,8,YCAZH01ABC_01,禹城站综合观测场长期观测采样地,wheat,登海502,K,1.10×1.14,75.325,335.59782608695645,536.9565217391304,1623.0950183478562,742.591706539075,YCAZH01冬小麦,77,2017-06-08,False
YCA,2017,6,8,YCAZH01ABC_01,禹城站综合观测场长期观测采样地,wheat,登海502,M,1.14×1.22,69.845,298.3091787439613,536.9565217391304,1789.8747585070246,822.4762726488353,YCAZH01冬小麦,78,2017-06-08,False
YCA,2017,6,8,YCAZH01ABC_01,禹城站综合观测场长期观测采样地,wheat,登海502,P,1.10×1.05,73.765,480.65843621399176,648.8888888888889,1571.545231830142,793.6363636363636,YCAZH01冬小麦,79,2017-06-08,False
YCA,2018,6,7,YCAZH01ABC_01,禹城站综合观测场长期观测采样地,wheat,登海502,A,1.00×1.07,70.4325,359.9581444018138,548.936170212766,1099.8977705137347,566.8224299065421,YCAZH01冬小麦,80,2018-06-07,False
YCA,2018,6,7,YCAZH01ABC_01,禹城站综合观测场长期观测采样地,wheat,登海502,D,1.05×1.07,68.59875,451.35980958258034,522.4489795918367,1125.3298847377089,549.5327102803737,YCAZH01冬小麦,81,2018-06-07,False
YCA,2018,6,7,YCAZH01ABC_01,禹城站综合观测场长期观测采样地,wheat,登海502,F,1.14×1.05,62.470000000000006,464.76761619190404,539.1304347826086,1196.8813829522244,517.2932330827069,YCAZH01冬小麦,82,2018-06-07,False
YCA,2018,6,7,YCAZH01ABC_01,禹城站综合观测场长期观测采样地,wheat,登海502,K,1.10×1.26,66.45025,327.3068339855752,516.3265306122449,1582.2209808302953,593.145743145743,YCAZH01冬小麦,83,2018-06-07,False
YCA,2018,6,7,YCAZH01ABC_01,禹城站综合观测场长期观测采样地,wheat,登海502,M,1.15×1.07,67.205,409.9436750942278,474.5098039215686,1623.8687169903192,677.0418529053231,YCAZH01冬小麦,84,2018-06-07,False
YCA,2018,6,7,YCAZH01ABC_01,禹城站综合观测场长期观测采样地,wheat,登海502,P,1.06×1.15,67.18325000000002,414.31835491241435,523.0769230769231,1327.6084249282583,627.1534044298605,YCAZH01冬小麦,85,2018-06-07,False
YCA,2019,6,11,YCAZH01ABC_01,禹城站综合观测场长期观测采样地,wheat,登海502,A,1.17×1.14,71.85,273.3333333333333,546.6666666666666,1409.8937317557081,671.3900134952767,YCAZH01冬小麦,86,2019-06-11,False
YCA,2019,6,11,YCAZH01ABC_01,禹城站综合观测场长期观测采样地,wheat,登海502,D,1.11×1.25,70.9,242.15686274509804,484.3137254901961,1222.6161052312611,570.8108108108107,YCAZH01冬小麦,87,2019-06-11,False
YCA,2019,6,11,YCAZH01ABC_01,禹城站综合观测场长期观测采样地,wheat,登海502,F,1.10×1.10,65.775,276.0416666666667,552.0833333333334,1400.0582371197718,662.9752066115701,YCAZH01冬小麦,88,2019-06-11,False
YCA,2019,6,11,YCAZH01ABC_01,禹城站综合观测场长期观测采样地,wheat,登海502,K,1.07×1.10,66.325,303.2345013477089,424.5283018867924,1128.0637998614907,554.9702633814783,YCAZH01冬小麦,89,2019-06-11,False
YCA,2019,6,11,YCAZH01ABC_01,禹城站综合观测场长期观测采样地,wheat,登海502,M,1.03×1.11,73.2,220.6025267249757,463.265306122449,1341.4550056957698,649.6982419312515,YCAZH01冬小麦,90,2019-06-11,False
YCA,2019,6,11,YCAZH01ABC_01,禹城站综合观测场长期观测采样地,wheat,登海502,P,1.17×1.02,74.3,257.8616352201258,464.1509433962264,1206.3688634825,563.6835930953579,YCAZH01冬小麦,91,2019-06-11,False
YCA,2020,6,6,YCAZH01ABC_01,禹城站综合观测场长期观测采样地,wheat,济麦22,A,1.17×1.16,70.45,535.2769679300292,936.7346938775511,1754.026766503299,797.2001178897732,YCAZH01冬小麦,92,2020-06-06,False
YCA,2020,6,6,YCAZH01ABC_01,禹城站综合观测场长期观测采样地,wheat,济麦22,D,1.02×1.12,84.05,500.6060606060606,826.0,1599.0540097706496,787.219887955182,YCAZH01冬小麦,93,2020-06-06,False
YCA,2020,6,6,YCAZH01ABC_01,禹城站综合观测场长期观测采样地,wheat,济麦22,F,1.09×1.05,71.775,364.76190476190476,766.0,1527.08658099562,708.1695063346439,YCAZH01冬小麦,94,2020-06-06,False
YCA,2020,6,6,YCAZH01ABC_01,禹城站综合观测场长期观测采样地,wheat,济麦22,K,1.04×1.10,68.75,710.144927536232,816.6666666666667,1620.8043235070259,730.2447552447551,YCAZH01冬小麦,95,2020-06-06,False
YCA,2020,6,6,YCAZH01ABC_01,禹城站综合观测场长期观测采样地,wheat,济麦22,M,1.06×1.12,72.325,492.85714285714283,862.5,1898.6768683999046,881.2584231805928,YCAZH01冬小麦,96,2020-06-06,False
YCA,2020,6,6,YCAZH01ABC_01,禹城站综合观测场长期观测采样地,wheat,济麦22,P,1.12×1.13,69.5,681.0344827586207,987.5,1954.608136100522,891.3558786346396,YCAZH01冬小麦,97,2020-06-06,False
YCA,2021,6,7,YCAZH01ABC_01,禹城站综合观测场长期观测采样地,wheat,济麦22,A,1.14×1.14,78.905,223.9448751076658,481.48148148148147,1463.911972914743,642.2924406078438,YCAZH01冬小麦,98,2021-06-07,False
YCA,2021,6,7,YCAZH01ABC_01,禹城站综合观测场长期观测采样地,wheat,济麦22,D,1.08×1.26,76.565,349.0683229813664,610.8695652173913,1440.7405911505432,639.2135952859467,YCAZH01冬小麦,99,2021-06-07,False
YCA,2021,6,7,YCAZH01ABC_01,禹城站综合观测场长期观测采样地,wheat,济麦22,F,1.09×1.01,82.02,233.90663390663389,432.7272727272727,1754.2330405979649,731.1079518448964,YCAZH01冬小麦,100,2021-06-07,False
YCA,2021,6,7,YCAZH01ABC_01,禹城站综合观测场长期观测采样地,wheat,济麦22,K,1.00×1.26,79.26,299.3939393939394,449.09090909090907,1366.0735230052617,611.3049095607236,YCAZH01冬小麦,101,2021-06-07,False
YCA,2021,6,7,YCAZH01ABC_01,禹城站综合观测场长期观测采样地,wheat,济麦22,M,1.26×0.96,73.475,337.77777777777777,506.66666666666663,1448.909453588598,658.0995447274518,YCAZH01冬小麦,102,2021-06-07,False
YCA,2021,6,7,YCAZH01ABC_01,禹城站综合观测场长期观测采样地,wheat,济麦22,P,1.28×1.08,76.7,213.33333333333334,512.0,1667.6700859850052,720.7990148578812,YCAZH01冬小麦,103,2021-06-07,False
YCA,2022,6,12,YCAZH01ABC_01,禹城站综合观测场长期观测采样地,wheat,济麦22,A,1.27×1.14,69.95,275.038920601972,563.8297872340426,1443.2817608325277,759.087565094755,YCAZH01冬小麦,104,2022-06-12,False
YCA,2022,6,12,YCAZH01ABC_01,禹城站综合观测场长期观测采样地,wheat,济麦22,D,1.13×1.24,72.51,356.7708333333333,570.8333333333334,1567.924922337954,815.0704711576125,YCAZH01冬小麦,105,2022-06-12,False
YCA,2022,6,12,YCAZH01ABC_01,禹城站综合观测场长期观测采样地,wheat,济麦22,F,1.09×1.15,67.575,303.5230352303523,622.2222222222222,1495.3946146761182,754.2805725364328,YCAZH01冬小麦,106,2022-06-12,False
YCA,2022,6,12,YCAZH01ABC_01,禹城站综合观测场长期观测采样地,wheat,济麦22,K,1.16×1.36,70.95,427.2401433691756,662.2222222222222,1501.5328231606122,775.9284046417283,YCAZH01冬小麦,107,2022-06-12,False
YCA,2022,6,12,YCAZH01ABC_01,禹城站综合观测场长期观测采样地,wheat,济麦22,M,1.24×1.14,73.65,281.6205533596838,619.5652173913044,1524.8093672481255,794.266000710704,YCAZH01冬小麦,108,2022-06-12,False
YCA,2022,6,12,YCAZH01ABC_01,禹城站综合观测场长期观测采样地,wheat,济麦22,P,1.25×1.11,70.25,403.4672970843183,544.6808510638298,1639.405639405639,821.0031426775612,YCAZH01冬小麦,109,2022-06-12,False
YCA,2005,10,11,YCAZH01ABC_01,禹城站综合观测场长期观测采样地,maize,丹玉86,C,6.05×0.606,203.25,6.141905236408635,6.141905236408635,1176.6631208575404,484.9575866677577,YCAZH01夏玉米,2,2005-10-11,False
YCA,2005,10,11,YCAZH01ABC_01,禹城站综合观测场长期观测采样地,maize,丹玉86,E,6.0×0.591,216.15,6.140287426304191,6.140287426304191,1719.9661590524536,753.2430908065426,YCAZH01夏玉米,3,2005-10-11,False
YCA,2005,10,11,YCAZH01ABC_01,禹城站综合观测场长期观测采样地,maize,丹玉86,G,6.2×0.631,229.4,5.457894674246911,5.457894674246911,1396.6566126476152,539.849700935535,YCAZH01夏玉米,4,2005-10-11,False
YCA,2005,10,11,YCAZH01ABC_01,禹城站综合观测场长期观测采样地,maize,丹玉86,J,5.7×0.613,206.84,5.701493901046187,5.701493901046187,1140.6370739246158,491.82908331186866,YCAZH01夏玉米,5,2005-10-11,False
YCA,2005,10,11,YCAZH01ABC_01,禹城站综合观测场长期观测采样地,maize,丹玉86,L,7.5×0.552,227.35,6.526017206327773,6.526017206327773,1585.2657004830915,690.5797101449275,YCAZH01夏玉米,6,2005-10-11,False
YCA,2005,10,11,YCAZH01ABC_01,禹城站综合观测场长期观测采样地,maize,丹玉86,N,6.1×0.612,194.05,5.632383589984396,5.632383589984396,1110.843244401586,447.06953819779284,YCAZH01夏玉米,7,2005-10-11,False
YCA,2006,9,21,YCAZH01ABC_01,禹城站综合观测场长期观测采样地,maize,鲁单9002,L,6×0.62,247.15,6.551724137931035,6.551724137931035,1832.2043010752689,615.752688172043,YCAZH01夏玉米,8,2006-09-21,False
YCA,2006,9,21,YCAZH01ABC_01,禹城站综合观测场长期观测采样地,maize,鲁单9002,G,6×0.58,241.0,6.166666666666667,6.166666666666667,1813.2183908045977,612.1839080459771,YCAZH01夏玉米,9,2006-09-21,False
YCA,2006,9,21,YCAZH01ABC_01,禹城站综合观测场长期观测采样地,maize,鲁单9002,E,6.1×0.61,251.29,6.065573770491803,6.065573770491803,1797.8500403117444,586.025262026337,YCAZH01夏玉米,10,2006-09-21,False
YCA,2006,9,21,YCAZH01ABC_01,禹城站综合观测场长期观测采样地,maize,鲁单9002,C,6×0.59,243.7,6.05,6.05,1770.0564971751412,556.8926553672317,YCAZH01夏玉米,11,2006-09-21,False
YCA,2006,9,21,YCAZH01ABC_01,禹城站综合观测场长期观测采样地,maize,鲁单9002,N,6×0.62,242.58,6.050847457627119,6.050847457627119,1704.8655913978494,511.42473118279565,YCAZH01夏玉米,12,2006-09-21,False
YCA,2006,9,21,YCAZH01ABC_01,禹城站综合观测场长期观测采样地,maize,鲁单9002,J,6×0.62,239.25,6.177419354838709,6.177419354838709,1844.247311827957,619.7311827956989,YCAZH01夏玉米,13,2006-09-21,False
YCA,2007,9,24,YCAZH01ABC_01,禹城站综合观测场长期观测采样地,maize,鲁单9002,C,6.1×0.59,234.0,6.9,6.9,1621.02,836.0,YCAZH01夏玉米,14,2007-09-24,False
YCA,2007,9,24,YCAZH01ABC_01,禹城站综合观测场长期观测采样地,maize,鲁单9002,E,6.3×0.61,235.2,6.5,6.5,1601.87,829.0,YCAZH01夏玉米,15,2007-09-24,False
YCA,2007,9,24,YCAZH01ABC_01,禹城站综合观测场长期观测采样地,maize,鲁单9002,G,5.9×0.57,230.3,7.4,7.4,1470.82,740.0,YCAZH01夏玉米,16,2007-09-24,False
YCA,2007,9,24,YCAZH01ABC_01,禹城站综合观测场长期观测采样地,maize,鲁单9002,J,5.0×0.61,222.7,8.3,8.3,2043.5,980.0,YCAZH01夏玉米,17,2007-09-24,False
YCA,2007,9,24,YCAZH01ABC_01,禹城站综合观测场长期观测采样地,maize,鲁单9002,L,5.9×0.62,241.7,6.8,6.8,1627.82,672.0,YCAZH01夏玉米,18,2007-09-24,False
YCA,2007,9,24,YCAZH01ABC_01,禹城站综合观测场长期观测采样地,maize,鲁单9002,N,6.4×0.62,231.0,6.3,6.3,1515.31,687.0,YCAZH01夏玉米,19,2007-09-24,False
YCA,2008,9,26,YCAZH01ABC_01,禹城站综合观测场长期观测采样地,maize,郑单958,C,2.36×2.35,236.1,6.3,6.3,1325.56,681.0,YCAZH01夏玉米,20,2008-09-26,False
YCA,2008,9,26,YCAZH01ABC_01,禹城站综合观测场长期观测采样地,maize,郑单958,E,1.70×2.52,249.0,8.2,8.2,1835.99,989.0,YCAZH01夏玉米,21,2008-09-26,False
YCA,2008,9,26,YCAZH01ABC_01,禹城站综合观测场长期观测采样地,maize,郑单958,G,2.03×2.65,243.7,6.5,6.5,1360.21,721.0,YCAZH01夏玉米,22,2008-09-26,False
YCA,2008,9,26,YCAZH01ABC_01,禹城站综合观测场长期观测采样地,maize,郑单958,J,1.94×2.69,226.4,6.7,6.7,1565.84,792.0,YCAZH01夏玉米,23,2008-09-26,False
YCA,2008,9,26,YCAZH01ABC_01,禹城站综合观测场长期观测采样地,maize,郑单958,L,1.89×3.41,246.6,5.4,5.4,1436.85,737.0,YCAZH01夏玉米,24,2008-09-26,False
YCA,2008,9,26,YCAZH01ABC_01,禹城站综合观测场长期观测采样地,maize,郑单958,N,1.93×2.50,240.2,7.3,7.3,1569.07,796.0,YCAZH01夏玉米,25,2008-09-26,False
YCA,2009,9,30,YCAZH01ABC_01,禹城站综合观测场长期观测采样地,maize,登海661,C,2.66×2.30,238.5,5.734043837411834,5.734043837411834,1517.8385541455186,759.5522977720711,YCAZH01夏玉米,26,2009-09-30,False
YCA,2009,9,30,YCAZH01ABC_01,禹城站综合观测场长期观测采样地,maize,登海661,E,2.85×2.26,245.1,5.439956480348157,5.439956480348157,1620.0957080683904,837.5225119411165,YCAZH01夏玉米,27,2009-09-30,False
YCA,2009,9,30,YCAZH01ABC_01,禹城站综合观测场长期观测采样地,maize,登海661,G,2.75×2.29,242.2,5.569922418937735,5.569922418937735,1726.1058343932266,756.9524567336384,YCAZH01夏玉米,28,2009-09-30,False
YCA,2009,9,30,YCAZH01ABC_01,禹城站综合观测场长期观测采样地,maize,登海661,J,2.57×2.45,242.55,5.555736053802917,5.555736053802917,1773.9936973507326,890.6712978004484,YCAZH01夏玉米,29,2009-09-30,False
YCA,2009,9,30,YCAZH01ABC_01,禹城站综合观测场长期观测采样地,maize,登海661,L,2.59×2.20,240.35,6.14726805162339,6.14726805162339,1581.9468155443856,805.1617181676296,YCAZH01夏玉米,30,2009-09-30,False
YCA,2009,9,30,YCAZH01ABC_01,禹城站综合观测场长期观测采样地,maize,登海661,N,2.75×2.45,246.25,5.204114348022049,5.204114348022049,1510.0361899383647,807.3946860304026,YCAZH01夏玉米,31,2009-09-30,False
YCA,2010,10,4,YCAZH01ABC_01,禹城站综合观测场长期观测采样地,maize,登海661,C,3.05×1.58,236.7,5.192493138491209,5.19249313849121,1898.1244075871552,771.0890864920999,YCAZH01夏玉米,32,2010-10-04,False
YCA,2010,10,4,YCAZH01ABC_01,禹城站综合观测场长期观测采样地,maize,登海661,E,3.33×1.68,222.2,4.461819572515192,4.461819572515192,1639.81815020906,716.7040089094746,YCAZH01夏玉米,33,2010-10-04,False
YCA,2010,10,4,YCAZH01ABC_01,禹城站综合观测场长期观测采样地,maize,登海661,G,3.46×1.84,235.8,3.9184587395624386,3.9184587395624377,1086.2873783100395,677.5405261082153,YCAZH01夏玉米,34,2010-10-04,False
YCA,2010,10,4,YCAZH01ABC_01,禹城站综合观测场长期观测采样地,maize,登海661,J,3.24×1.75,220.2,4.424735731442853,4.424735731442854,1369.33014244728,794.6537347957113,YCAZH01夏玉米,35,2010-10-04,False
YCA,2010,10,4,YCAZH01ABC_01,禹城站综合观测场长期观测采样地,maize,登海661,L,3.24×1.61,236.95,4.796867351933431,4.796867351933431,1595.3290792333912,820.2684185022024,YCAZH01夏玉米,36,2010-10-04,False
YCA,2010,10,4,YCAZH01ABC_01,禹城站综合观测场长期观测采样地,maize,登海661,N,3.39×1.50,224.15,4.923221193295041,4.923221193295041,1290.6882799975372,669.0691054975969,YCAZH01夏玉米,37,2010-10-04,False
YCA,2011,10,4,YCAZH01ABC_01,禹城站综合观测场长期观测采样地,maize,登海662,C,2.22×2.46,260.75,5.865389315215798,5.865389315215798,1769.0245346355753,924.3853560780097,YCAZH01夏玉米,38,2011-10-04,False
YCA,2011,10,4,YCAZH01ABC_01,禹城站综合观测场长期观测采样地,maize,登海662,E,2.29×2.40,280.9,5.829903978052125,5.829903978052125,1365.1457729722772,809.190672153635,YCAZH01夏玉米,39,2011-10-04,False
YCA,2011,10,4,YCAZH01ABC_01,禹城站综合观测场长期观测采样地,maize,登海662,G,2.08×2.46,263.9,6.2611806797853315,6.2611806797853315,1332.4147797191108,828.8550983899821,YCAZH01夏玉米,40,2011-10-04,False
YCA,2011,10,4,YCAZH01ABC_01,禹城站综合观测场长期观测采样地,maize,登海662,J,2.20×2.43,277.25,5.984838409362947,5.984838409362947,1561.8851930894239,931.2987742879329,YCAZH01夏玉米,41,2011-10-04,False
YCA,2011,10,4,YCAZH01ABC_01,禹城站综合观测场长期观测采样地,maize,登海662,L,2.10×2.38,278.15,6.39488409272582,6.39488409272582,1446.1374465476006,1059.9748772410642,YCAZH01夏玉米,42,2011-10-04,False
YCA,2011,10,4,YCAZH01ABC_01,禹城站综合观测场长期观测采样地,maize,登海662,N,2.18×2.32,273.15,6.315523556902867,6.315523556902867,1735.439014590958,1015.4008553023332,YCAZH01夏玉米,43,2011-10-04,False
YCA,2012,10,4,YCAZH01ABC_01,禹城站综合观测场长期观测采样地,maize,中单909,C,3.35×1.30,236.75,5.50674270050662,5.50674270050662,1707.7185316125958,979.8410652966672,YCAZH01夏玉米,44,2012-10-04,True
YCA,2012,10,4,YCAZH01ABC_01,禹城站综合观测场长期观测采样地,maize,中单909,E,3.30×1.10,244.35,4.751722499406035,4.751722499406035,1465.2386299853542,848.2857644591817,YCAZH01夏玉米,45,2012-10-04,True
YCA,2012,10,4,YCAZH01ABC_01,禹城站综合观测场长期观测采样地,maize,中单909,G,3.10×1.03,248.45,5.206456005446754,5.206456005446754,1507.0504600809406,1011.0711194925186,YCAZH01夏玉米,46,2012-10-04,True
YCA,2012,10,4,YCAZH01ABC_01,禹城站综合观测场长期观测采样地,maize,中单909,J,3.25×1.13,237.8,5.1678918877017095,5.1678918877017095,1522.3205441582036,952.4424749034249,YCAZH01夏玉米,47,2012-10-04,True
YCA,2012,10,4,YCAZH01ABC_01,禹城站综合观测场长期观测采样地,maize,中单909,L,3.03×1.32,240.05,4.809589581689029,4.809589581689029,1440.7476856920357,812.9251956007001,YCAZH01夏玉米,48,2012-10-04,True
YCA,2012,10,4,YCAZH01ABC_01,禹城站综合观测场长期观测采样地,maize,中单909,N,3.21×1.04,252.15,5.702066999287242,5.702066999287242,1735.341171411913,1012.2656419473799,YCAZH01夏玉米,49,2012-10-04,True
YCA,2013,9,28,YCAZH01ABC_01,禹城站综合观测场长期观测采样地,maize,郑单958,C,3.38×1.34,219.7,5.318795292866166,5.318795292866166,1704.9647821483416,797.3105395975638,YCAZH01夏玉米,50,2013-09-28,False
YCA,2013,9,28,YCAZH01ABC_01,禹城站综合观测场长期观测采样地,maize,郑单958,E,3.52×1.21,226.55,5.634861006761834,5.634861006761834,1643.5620480588336,941.4382778558129,YCAZH01夏玉米,51,2013-09-28,False
YCA,2013,9,28,YCAZH01ABC_01,禹城站综合观测场长期观测采样地,maize,郑单958,G,3.69×1.27,216.5,5.147531942274106,5.147531942274106,1310.1230805326284,782.4919969466503,YCAZH01夏玉米,52,2013-09-28,False
YCA,2013,9,28,YCAZH01ABC_01,禹城站综合观测场长期观测采样地,maize,郑单958,J,3.64×1.19,225.7,5.5406778095853735,5.5406778095853735,1672.2659042285973,962.3916456214592,YCAZH01夏玉米,53,2013-09-28,False
YCA,2013,9,28,YCAZH01ABC_01,禹城站综合观测场长期观测采样地,maize,郑单958,L,3.76×1.19,200.4,5.369559964560904,5.369559964560904,1467.8187007077165,863.7987769076237,YCAZH01夏玉米,54,2013-09-28,False
YCA,2013,9,28,YCAZH01ABC_01,禹城站综合观测场长期观测采样地,maize,郑单958,N,3.88×1.21,224.4,5.11731443338536,5.11731443338536,1473.5191422755508,849.1849564305176,YCAZH01夏玉米,55,2013-09-28,False
YCA,2014,10,2,YCAZH01ABC_01,禹城站综合观测场长期观测采样地,maize,郑单958,C,3.25×1.20,211.6,6.4,6.4,1536.5622892555905,900.7917766356438,YCAZH01夏玉米,56,2014-10-02,False
YCA,2014,10,2,YCAZH01ABC_01,禹城站综合观测场长期观测采样地,maize,郑单958,E,3.20×1.13,255.85,6.9,6.9,1749.9224447336649,1054.2441967575533,YCAZH01夏玉米,57,2014-10-02,False
YCA,2014,10,2,YCAZH01ABC_01,禹城站综合观测场长期观测采样地,maize,郑单958,G,3.25×1.30,210.95,6.5,6.5,1774.8925765517872,947.7694377566917,YCAZH01夏玉米,58,2014-10-02,False
YCA,2014,10,2,YCAZH01ABC_01,禹城站综合观测场长期观测采样地,maize,郑单958,J,3.20×1.12,250.4,7.0,7.0,1695.1610499938286,1063.6672643059915,YCAZH01夏玉米,59,2014-10-02,False
YCA,2014,10,2,YCAZH01ABC_01,禹城站综合观测场长期观测采样地,maize,郑单958,L,3.24×1.44,253.3,6.6,6.6,1608.1786900611721,1045.5798690566999,YCAZH01夏玉米,60,2014-10-02,False
YCA,2014,10,2,YCAZH01ABC_01,禹城站综合观测场长期观测采样地,maize,郑单958,N,3.24×1.15,248.1,6.7,6.7,1871.2692535839253,1077.9423090387172,YCAZH01夏玉米,61,2014-10-02,False
YCA,2015,10,2,YCAZH01ABC_01,禹城站综合观测场长期观测采样地,maize,HY1号,C,3.19×1.54,211.6,5.094567916958543,5.094567916958543,1327.6319733107396,688.7922274613823,YCAZH01夏玉米,62,2015-10-02,False
YCA,2015,10,2,YCAZH01ABC_01,禹城站综合观测场长期观测采样地,maize,HY1号,E,3.17×1.52,255.85,5.198180636777128,5.198180636777128,1488.1785324266048,758.8462299064893,YCAZH01夏玉米,63,2015-10-02,False
YCA,2015,10,2,YCAZH01ABC_01,禹城站综合观测场长期观测采样地,maize,HY1号,G,3.25×1.53,210.95,5.023547880690738,5.023547880690738,1483.2455524015631,735.5413282369803,YCAZH01夏玉米,64,2015-10-02,False
YCA,2015,10,2,YCAZH01ABC_01,禹城站综合观测场长期观测采样地,maize,HY1号,J,3.00×1.58,250.4,5.284552845528455,5.284552845528455,1457.300525123632,731.3062919759632,YCAZH01夏玉米,65,2015-10-02,False
YCA,2015,10,2,YCAZH01ABC_01,禹城站综合观测场长期观测采样地,maize,HY1号,L,3.04×1.54,253.3,5.337128624799857,5.337128624799857,1509.914447327522,811.2876402930007,YCAZH01夏玉米,66,2015-10-02,False
YCA,2015,10,2,YCAZH01ABC_01,禹城站综合观测场长期观测采样地,maize,HY1号,N,2.98×1.53,248.1,5.489009782635213,5.489009782635213,1493.0050919349553,765.6500419498235,YCAZH01夏玉米,67,2015-10-02,False
YCA,2016,9,24,YCAZH01ABC_01,禹城站综合观测场长期观测采样地,maize,宇玉30号,C,4.20×0.63,211.6,6.476190476190476,6.476190476190476,1992.432575644988,1024.2517598343684,YCAZH01夏玉米,68,2016-09-24,False
YCA,2016,9,24,YCAZH01ABC_01,禹城站综合观测场长期观测采样地,maize,宇玉30号,E,4.20×0.63,255.85,6.857142857142858,6.857142857142858,2186.910454384203,1123.7366459627326,YCAZH01夏玉米,69,2016-09-24,False
YCA,2016,9,24,YCAZH01ABC_01,禹城站综合观测场长期观测采样地,maize,宇玉30号,G,4.30×0.61,210.95,6.8343616516373995,6.8343616516373995,2022.6448173105305,1026.6102639235676,YCAZH01夏玉米,70,2016-09-24,False
YCA,2016,9,24,YCAZH01ABC_01,禹城站综合观测场长期观测采样地,maize,宇玉30号,J,4.50×0.60,250.4,7.037037037037038,7.037037037037038,2203.120758273573,1139.632850241546,YCAZH01夏玉米,71,2016-09-24,False
YCA,2016,9,24,YCAZH01ABC_01,禹城站综合观测场长期观测采样地,maize,宇玉30号,L,4.90×0.61,253.3,7.66347355268638,7.66347355268638,2078.722036467024,1095.1770095793418,YCAZH01夏玉米,72,2016-09-24,False
YCA,2016,9,24,YCAZH01ABC_01,禹城站综合观测场长期观测采样地,maize,宇玉30号,N,4.80×0.65,248.1,7.050694493407601,7.050694493407601,2096.090477063345,1067.288182831661,YCAZH01夏玉米,73,2016-09-24,False
YCA,2017,9,29,YCAZH01ABC_01,禹城站综合观测场长期观测采样地,maize,迪卡517,C,3.35×1.30,236.75,5.50674270050662,5.50674270050662,1707.7185316125958,979.8410652966672,YCAZH01夏玉米,74,2017-09-29,True
YCA,2017,9,29,YCAZH01ABC_01,禹城站综合观测场长期观测采样地,maize,迪卡517,E,3.30×1.10,244.35,4.751722499406035,4.751722499406035,1465.2386299853542,848.2857644591817,YCAZH01夏玉米,75,2017-09-29,True
YCA,2017,9,29,YCAZH01ABC_01,禹城站综合观测场长期观测采样地,maize,迪卡517,G,3.10×1.03,248.45,5.206456005446754,5.206456005446754,1507.0504600809406,1011.0711194925186,YCAZH01夏玉米,76,2017-09-29,True
YCA,2017,9,29,YCAZH01ABC_01,禹城站综合观测场长期观测采样地,maize,迪卡517,J,3.25×1.13,237.8,5.1678918877017095,5.1678918877017095,1522.3205441582036,952.4424749034249,YCAZH01夏玉米,77,2017-09-29,True
YCA,2017,9,29,YCAZH01ABC_01,禹城站综合观测场长期观测采样地,maize,迪卡517,L,3.03×1.32,240.05,4.809589581689029,4.809589581689029,1440.7476856920357,812.9251956007001,YCAZH01夏玉米,78,2017-09-29,True
YCA,2017,9,29,YCAZH01ABC_01,禹城站综合观测场长期观测采样地,maize,迪卡517,N,3.21×1.04,252.15,5.702066999287242,5.702066999287242,1735.341171411913,1012.2656419473799,YCAZH01夏玉米,79,2017-09-29,True
YCA,2018,9,26,YCAZH01ABC_01,禹城站综合观测场长期观测采样地,maize,冀农1号,C,3.02×1.46,99.1,5.669962805043999,5.669962805043999,1868.6267544885116,953.6877438084006,YCAZH01夏玉米,80,2018-09-26,False
YCA,2018,9,26,YCAZH01ABC_01,禹城站综合观测场长期观测采样地,maize,冀农1号,E,3.03×1.41,98.95,5.851648994686702,5.851648994686702,1922.325770564228,1001.7768659382127,YCAZH01夏玉米,81,2018-09-26,False
YCA,2018,9,26,YCAZH01ABC_01,禹城站综合观测场长期观测采样地,maize,冀农1号,G,2.95×1.30,97.4,6.518904823989569,6.518904823989569,1763.6400933820967,901.224420384332,YCAZH01夏玉米,82,2018-09-26,False
YCA,2018,9,26,YCAZH01ABC_01,禹城站综合观测场长期观测采样地,maize,冀农1号,J,3.11×1.25,87.4,6.409503156680304,6.409503156680304,1622.0536071034132,856.8391024280405,YCAZH01夏玉米,83,2018-09-26,False
YCA,2018,9,26,YCAZH01ABC_01,禹城站综合观测场长期观测采样地,maize,冀农1号,L,3.01×1.30,89.75,6.411377280410329,6.411377280410329,1917.2678989334393,971.3236579821646,YCAZH01夏玉米,84,2018-09-26,False
YCA,2018,9,26,YCAZH01ABC_01,禹城站综合观测场长期观测采样地,maize,冀农1号,N,3.03×1.27,91.95,6.513809275664408,6.513809275664408,1781.6361766306172,920.7694224800055,YCAZH01夏玉米,85,2018-09-26,False
YCA,2019,9,28,YCAZH01ABC_01,禹城站综合观测场长期观测采样地,maize,迪卡517,C,7.39×0.57,99.1,5.911962433701563,5.911962433701563,1973.6434331659061,1008.4861997905475,YCAZH01夏玉米,86,2019-09-28,False
YCA,2019,9,28,YCAZH01ABC_01,禹城站综合观测场长期观测采样地,maize,迪卡517,E,7.00×0.60,98.95,5.912961210974456,5.912961210974456,2065.7377232038793,1083.5146641438034,YCAZH01夏玉米,87,2019-09-28,False
YCA,2019,9,28,YCAZH01ABC_01,禹城站综合观测场长期观测采样地,maize,迪卡517,G,7.09×0.67,97.4,5.247691015952981,5.247691015952981,1954.0291753767826,1023.7195633921074,YCAZH01夏玉米,88,2019-09-28,False
YCA,2019,9,28,YCAZH01ABC_01,禹城站综合观测场长期观测采样地,maize,迪卡517,J,7.05×0.68,87.4,5.196926389249786,5.196926389249786,1898.5028715044518,993.5483870967741,YCAZH01夏玉米,89,2019-09-28,False
YCA,2019,9,28,YCAZH01ABC_01,禹城站综合观测场长期观测采样地,maize,迪卡517,L,7.81×0.60,89.75,5.301275568459858,5.301275568459858,1932.7822524237642,975.6255505170785,YCAZH01夏玉米,90,2019-09-28,False
YCA,2019,9,28,YCAZH01ABC_01,禹城站综合观测场长期观测采样地,maize,迪卡517,N,7.02×0.67,91.95,5.3478135669916504,5.3478135669916504,2011.1897374637574,1029.133242831873,YCAZH01夏玉米,91,2019-09-28,False
YCA,2020,9,30,YCAZH01ABC_01,禹城站综合观测场长期观测采样地,maize,登海652,C,6.70×0.62,258.7,5.5643879173290935,5.5643879173290935,2215.374194739976,1132.4864864864865,YCAZH01夏玉米,92,2020-09-30,False
YCA,2020,9,30,YCAZH01ABC_01,禹城站综合观测场长期观测采样地,maize,登海652,E,7.22×0.58,273.9,5.541346973572038,5.541346973572038,2166.6101342038532,1105.986359761296,YCAZH01夏玉米,93,2020-09-30,False
YCA,2020,9,30,YCAZH01ABC_01,禹城站综合观测场长期观测采样地,maize,登海652,G,6.02×0.62,261.0,6.1504494559217795,6.1504494559217795,2330.4090254328084,1192.9165746727647,YCAZH01夏玉米,94,2020-09-30,False
YCA,2020,9,30,YCAZH01ABC_01,禹城站综合观测场长期观测采样地,maize,登海652,J,6.54×0.65,261.55,5.384063173007897,5.384063173007897,2410.7520896382243,1223.7544867193108,YCAZH01夏玉米,95,2020-09-30,False
YCA,2020,9,30,YCAZH01ABC_01,禹城站综合观测场长期观测采样地,maize,登海652,L,6.21×0.64,264.95,5.817335660267598,5.817335660267598,2307.6670181373584,1136.3816172193137,YCAZH01夏玉米,96,2020-09-30,False
YCA,2020,9,30,YCAZH01ABC_01,禹城站综合观测场长期观测采样地,maize,登海652,N,6.33×0.63,266.15,5.802707930367505,5.802707930367505,2383.764723461877,1177.3694390715668,YCAZH01夏玉米,97,2020-09-30,False
YCA,2021,10,2,YCAZH01ABC_01,禹城站综合观测场长期观测采样地,maize,登海652,C,7.84×0.64,258.7,4.997501249375313,4.997501249375313,1422.7453552666295,750.024987506247,YCAZH01夏玉米,98,2021-10-02,False
YCA,2021,10,2,YCAZH01ABC_01,禹城站综合观测场长期观测采样地,maize,登海652,E,6.58×0.70,273.9,5.461450561269073,5.461450561269073,1538.961914897133,803.0516905290045,YCAZH01夏玉米,99,2021-10-02,False
YCA,2021,10,2,YCAZH01ABC_01,禹城站综合观测场长期观测采样地,maize,登海652,G,7.64×0.61,261.0,5.349361967009025,5.349361967009025,1617.8453203850509,819.8004201680673,YCAZH01夏玉米,100,2021-10-02,False
YCA,2021,10,2,YCAZH01ABC_01,禹城站综合观测场长期观测采样地,maize,登海652,J,6.98×0.66,261.55,5.460502366217693,5.460502366217693,1527.8558198183198,807.1714597742991,YCAZH01夏玉米,101,2021-10-02,False
YCA,2021,10,2,YCAZH01ABC_01,禹城站综合观测场长期观测采样地,maize,登海652,L,6.98×0.62,264.95,5.7762374477917,5.7762374477917,1542.4766031813706,790.6744868035188,YCAZH01夏玉米,102,2021-10-02,False
YCA,2021,10,2,YCAZH01ABC_01,禹城站综合观测场长期观测采样地,maize,登海652,N,7.08×0.64,266.15,5.537004225160148,5.537004225160148,1449.393521811031,760.5629003679979,YCAZH01夏玉米,103,2021-10-02,False
YCA,2022,10,6,YCAZH01ABC_01,禹城站综合观测场长期观测采样地,maize,登海652,C,7.25×0.62,233.9,5.57672646156706,5.57672646156706,2192.0847813055443,1023.6639092852495,YCAZH01夏玉米,104,2022-10-06,False
YCA,2022,10,6,YCAZH01ABC_01,禹城站综合观测场长期观测采样地,maize,登海652,E,7.65×0.57,233.05,5.730406418055188,5.730406418055188,2157.9390614364634,1082.2903993652471,YCAZH01夏玉米,105,2022-10-06,False
YCA,2022,10,6,YCAZH01ABC_01,禹城站综合观测场长期观测采样地,maize,登海652,G,7.21×0.61,234.2,5.6546871073133955,5.6546871073133955,2351.4237373763276,1089.9522493088716,YCAZH01夏玉米,106,2022-10-06,False
YCA,2022,10,6,YCAZH01ABC_01,禹城站综合观测场长期观测采样地,maize,登海652,J,7.84×0.56,239.05,5.676686879112373,5.676686879112373,2355.001973816086,1092.103728551155,YCAZH01夏玉米,107,2022-10-06,False
YCA,2022,10,6,YCAZH01ABC_01,禹城站综合观测场长期观测采样地,maize,登海652,L,6.98×0.60,242.45,5.938776612017924,5.938776612017924,2336.895281186425,1128.8901686252632,YCAZH01夏玉米,108,2022-10-06,False
YCA,2022,10,6,YCAZH01ABC_01,禹城站综合观测场长期观测采样地,maize,登海652,N,6.83×0.65,236.8,5.611252431542721,5.611252431542721,2303.833650565371,1081.4903486458177,YCAZH01夏玉米,109,2022-10-06,False
YCA,2008,10,2,YCAFZ01ABC_01,禹城站土壤监测辅助观测场(养分池)-空白,maize,农大108,1,2.59×1.80,142.8,7.0,5.2,415.14,78.0,YCAFZ01夏玉米,2,2008-10-02,False
YCA,2008,10,2,YCAFZ01ABC_01,禹城站土壤监测辅助观测场(养分池)-空白,maize,农大108,2,2.83×1.78,141.0,6.7,5.4,453.14,93.0,YCAFZ01夏玉米,3,2008-10-02,False
YCA,2008,10,2,YCAFZ01ABC_01,禹城站土壤监测辅助观测场(养分池)-空白,maize,农大108,3,2.45×5.00,142.3,7.5,5.6,438.35,123.0,YCAFZ01夏玉米,4,2008-10-02,False
YCA,2008,10,2,YCAFZ01ABC_01,禹城站土壤监测辅助观测场(养分池)-空白,maize,农大108,4,2.61×1.76,143.7,7.0,5.6,398.33,98.0,YCAFZ01夏玉米,5,2008-10-02,False
YCA,2009,10,7,YCAFZ01ABC_01,禹城站土壤监测辅助观测场(养分池)-空白,maize,农大108,1,3.26×2.19,157.9,4.91362763915547,4.91362763915547,373.75690783395584,103.7551267804829,YCAFZ01夏玉米,6,2009-10-07,False
YCA,2009,10,7,YCAFZ01ABC_01,禹城站土壤监测辅助观测场(养分池)-空白,maize,农大108,2,2.59×2.19,158.25,6.183574879227053,6.183574879227053,383.71093012422597,132.77821695212998,YCAFZ01夏玉米,7,2009-10-07,False
YCA,2009,10,7,YCAFZ01ABC_01,禹城站土壤监测辅助观测场(养分池)-空白,maize,农大108,3,2.84×2.19,129.85,5.6410256410256405,5.6410256410256405,541.7587635436582,21.153846153846153,YCAFZ01夏玉米,8,2009-10-07,False
YCA,2009,10,7,YCAFZ01ABC_01,禹城站土壤监测辅助观测场(养分池)-空白,maize,农大108,4,2.49×2.19,181.05,6.432160804020101,6.432160804020101,745.3320208648042,190.17755443886097,YCAFZ01夏玉米,9,2009-10-07,False
YCA,2010,10,8,YCAFZ01ABC_01,禹城站土壤监测辅助观测场(养分池)-空白,maize,农大108,1,3.38×1.34,93.35,5.510323422248212,4.91362763915547,80.67712224013856,0.0,YCAFZ01夏玉米,10,2010-10-08,False
YCA,2010,10,8,YCAFZ01ABC_01,禹城站土壤监测辅助观测场(养分池)-空白,maize,农大108,2,3.37×1.26,128.75,5.870409604519774,6.183574879227053,165.96484060231185,13.697622410546138,YCAFZ01夏玉米,11,2010-10-08,False
YCA,2010,10,8,YCAFZ01ABC_01,禹城站土壤监测辅助观测场(养分池)-空白,maize,农大108,3,3.36×1.27,135.2,5.860914105594958,5.6410256410256405,193.67963279983337,68.572695035461,YCAFZ01夏玉米,12,2010-10-08,False
YCA,2010,10,8,YCAFZ01ABC_01,禹城站土壤监测辅助观测场(养分池)-空白,maize,农大108,4,3.21×1.48,148.95,5.273069679849341,6.432160804020101,227.3293537628423,83.78321824649508,YCAFZ01夏玉米,13,2010-10-08,False
YCA,2011,10,2,YCAFZ01ABC_01,禹城站土壤监测辅助观测场(养分池)-空白,maize,郑单958,1,5.00×1.20,174.6,4.91362763915547,4.91362763915547,373.75690783395584,103.7551267804829,YCAFZ01夏玉米,14,2011-10-02,False
YCA,2011,10,2,YCAFZ01ABC_01,禹城站土壤监测辅助观测场(养分池)-空白,maize,郑单958,2,5.00×1.20,175.8,6.183574879227053,6.183574879227053,383.71093012422597,132.77821695212998,YCAFZ01夏玉米,15,2011-10-02,False
YCA,2011,10,2,YCAFZ01ABC_01,禹城站土壤监测辅助观测场(养分池)-空白,maize,郑单958,3,5.00×1.20,187.65,5.6410256410256405,5.6410256410256405,541.7587635436582,21.153846153846153,YCAFZ01夏玉米,16,2011-10-02,False
YCA,2011,10,2,YCAFZ01ABC_01,禹城站土壤监测辅助观测场(养分池)-空白,maize,郑单958,4,5.00×1.20,181.8,6.432160804020101,6.432160804020101,745.3320208648042,190.17755443886097,YCAFZ01夏玉米,17,2011-10-02,False
YCA,2012,10,5,YCAFZ01ABC_01,禹城站土壤监测辅助观测场(养分池)-空白,maize,郑单958,1,2.99×1.87,184.65,4.4730721059223475,4.4730721059223475,384.1406905968529,231.0244502010938,YCAFZ01夏玉米,18,2012-10-05,False
YCA,2012,10,5,YCAFZ01ABC_01,禹城站土壤监测辅助观测场(养分池)-空白,maize,郑单958,2,3.00×1.70,189.75,4.890895410082769,4.890895410082769,425.2884946651924,241.03608466647032,YCAFZ01夏玉米,19,2012-10-05,False
YCA,2012,10,5,YCAFZ01ABC_01,禹城站土壤监测辅助观测场(养分池)-空白,maize,郑单958,3,3.04×1.85,187.25,4.445234708392603,4.445234708392603,344.7230969473951,163.68127280598677,YCAFZ01夏玉米,20,2012-10-05,False
YCA,2012,10,5,YCAFZ01ABC_01,禹城站土壤监测辅助观测场(养分池)-空白,maize,郑单958,4,3.05×1.29,192.55,6.375227686703096,6.375227686703096,592.8079280461901,289.51849212006016,YCAFZ01夏玉米,21,2012-10-05,False
YCA,2013,9,30,YCAFZ01ABC_01,禹城站土壤监测辅助观测场(养分池)-空白,maize,郑单958,1,3.24×1.19,133.15,6.235191420376606,6.235191420376606,250.45938298659016,97.24187662996036,YCAFZ01夏玉米,22,2013-09-30,False
YCA,2013,9,30,YCAFZ01ABC_01,禹城站土壤监测辅助观测场(养分池)-空白,maize,郑单958,2,3.00×1.22,138.25,6.5359477124183005,6.5359477124183005,352.14576421911426,124.72293265132139,YCAFZ01夏玉米,23,2013-09-30,False
YCA,2013,9,30,YCAFZ01ABC_01,禹城站土壤监测辅助观测场(养分池)-空白,maize,郑单958,3,3.33×1.22,145.3,5.888241182358828,5.888241182358828,328.4826565945086,105.34831506698515,YCAFZ01夏玉米,24,2013-09-30,False
YCA,2013,9,30,YCAFZ01ABC_01,禹城站土壤监测辅助观测场(养分池)-空白,maize,郑单958,4,2.87×1.22,151.5,6.876948468732807,6.876948468732807,427.7299152250515,154.10344525151692,YCAFZ01夏玉米,25,2013-09-30,False
YCA,2014,10,2,YCAFZ01ABC_01,禹城站土壤监测辅助观测场(养分池)-空白,maize,郑单958,1,1.11×6.00,164.7,6.4,6.4,363.36,127.50573747131267,YCAFZ01夏玉米,26,2014-10-02,False
YCA,2014,10,2,YCAFZ01ABC_01,禹城站土壤监测辅助观测场(养分池)-空白,maize,郑单958,2,1.11×6.00,164.5,6.6,6.6,420.885,161.97728861355694,YCAFZ01夏玉米,27,2014-10-02,False
YCA,2014,10,2,YCAFZ01ABC_01,禹城站土壤监测辅助观测场(养分池)-空白,maize,郑单958,3,1.11×6.00,165.7,6.7,6.7,446.46000000000004,158.33212458937706,YCAFZ01夏玉米,28,2014-10-02,False
YCA,2014,10,2,YCAFZ01ABC_01,禹城站土壤监测辅助观测场(养分池)-空白,maize,郑单958,4,1.11×6.00,164.7,6.5,6.5,407.235,164.91742091289547,YCAFZ01夏玉米,29,2014-10-02,False
YCA,2015,10,6,YCAFZ01ABC_01,禹城站土壤监测辅助观测场(养分池)-空白,maize,郑单958,1,1.11×6.00,174.2,6.1,6.1,527.6726726726727,234.08408408408408,YCAFZ01夏玉米,30,2015-10-06,False
YCA,2015,10,6,YCAFZ01ABC_01,禹城站土壤监测辅助观测场(养分池)-空白,maize,郑单958,2,1.11×6.00,170.65,6.3,6.3,534.5045045045046,220.4954954954955,YCAFZ01夏玉米,31,2015-10-06,False
YCA,2015,10,6,YCAFZ01ABC_01,禹城站土壤监测辅助观测场(养分池)-空白,maize,郑单958,3,1.11×6.00,173.7,6.2,5.9,498.73873873873873,176.03603603603605,YCAFZ01夏玉米,32,2015-10-06,False
YCA,2015,10,6,YCAFZ01ABC_01,禹城站土壤监测辅助观测场(养分池)-空白,maize,郑单958,4,1.11×6.00,180.2,6.4,6.4,570.0450450450451,226.11111111111111,YCAFZ01夏玉米,33,2015-10-06,False
YCA,2016,9,27,YCAFZ01ABC_01,禹城站土壤监测辅助观测场(养分池)-空白,maize,郑单958,1,1.11×6.00,174.2,6.3,6.3,436.60499999999996,234.83999999999997,YCAFZ01夏玉米,34,2016-09-27,False
YCA,2016,9,27,YCAFZ01ABC_01,禹城站土壤监测辅助观测场(养分池)-空白,maize,郑单958,2,1.11×6.00,170.65,6.1,6.1,394.935,240.21,YCAFZ01夏玉米,35,2016-09-27,False
YCA,2016,9,27,YCAFZ01ABC_01,禹城站土壤监测辅助观测场(养分池)-空白,maize,郑单958,3,1.11×6.00,173.7,6.5,6.5,501.645,165.86999999999998,YCAFZ01夏玉米,36,2016-09-27,False
YCA,2016,9,27,YCAFZ01ABC_01,禹城站土壤监测辅助观测场(养分池)-空白,maize,郑单958,4,1.11×6.00,180.2,6.6,6.6,508.56,213.67499999999998,YCAFZ01夏玉米,37,2016-09-27,False
YCA,2017,9,27,YCAFZ01ABC_01,禹城站土壤监测辅助观测场(养分池)-空白,maize,郑单958,1,1.22×6.00,191.2,5.5829061564228795,4.4730721059223475,533.258831205844,255.621469392653,YCAFZ01夏玉米,38,2017-09-27,False
YCA,2017,9,27,YCAFZ01ABC_01,禹城站土壤监测辅助观测场(养分池)-空白,maize,郑单958,2,1.20×6.00,190.45,5.665722379603399,4.890895410082769,616.1298318508408,308.47762011189945,YCAFZ01夏玉米,39,2017-09-27,False
YCA,2017,9,27,YCAFZ01ABC_01,禹城站土壤监测辅助观测场(养分池)-空白,maize,郑单958,3,1.18×6.00,185.35,6.313437909766403,4.445234708392603,550.5173699131504,242.8651581742091,YCAFZ01夏玉米,40,2017-09-27,False
YCA,2017,9,27,YCAFZ01ABC_01,禹城站土壤监测辅助观测场(养分池)-空白,maize,郑单958,4,1.20×6.00,190.6,6.120527306967985,6.375227686703096,568.1811090944547,238.01775991120047,YCAFZ01夏玉米,41,2017-09-27,False
YCA,2018,9,27,YCAFZ01ABC_01,禹城站土壤监测辅助观测场(养分池)-空白,maize,郑单958,1,1.17×6.00,132.74,5.882045383247935,2.9410226916239677,469.1286821065895,48.47978535107325,YCAFZ01夏玉米,42,2018-09-27,False
YCA,2018,9,27,YCAFZ01ABC_01,禹城站土壤监测辅助观测场(养分池)-空白,maize,郑单958,2,1.17×6.00,137.68,6.1154598825831705,5.503913894324854,557.1644869275655,151.53876505617475,YCAFZ01夏玉米,43,2018-09-27,False
YCA,2018,9,27,YCAFZ01ABC_01,禹城站土壤监测辅助观测场(养分池)-空白,maize,郑单958,3,1.17×6.00,142.3,5.927291886195996,4.149104320337197,551.8613061934692,86.14288478557609,YCAFZ01夏玉米,44,2018-09-27,False
YCA,2018,9,27,YCAFZ01ABC_01,禹城站土壤监测辅助观测场(养分池)-空白,maize,郑单958,4,1.17×6.00,138.9,5.9045819555975445,4.133207368918281,532.8569899650503,97.18491832540839,YCAFZ01夏玉米,45,2018-09-27,False
YCA,2019,9,29,YCAFZ01ABC_01,禹城站土壤监测辅助观测场(养分池)-空白,maize,郑单958,1,1.11×6.00,152.40500000000003,5.204819277108434,4.68433734939759,337.91627266863674,109.14336553317234,YCAFZ01夏玉米,46,2019-09-29,False
YCA,2019,9,29,YCAFZ01ABC_01,禹城站土壤监测辅助观测场(养分池)-空白,maize,郑单958,2,1.11×6.00,139.535,5.957446808510638,4.76595744680851,361.8932597837011,93.12866110669448,YCAFZ01夏玉米,47,2019-09-29,False
YCA,2019,9,29,YCAFZ01ABC_01,禹城站土壤监测辅助观测场(养分池)-空白,maize,郑单958,3,1.11×6.00,148.925,5.395095367847412,5.395095367847412,412.5664286678567,102.48809905950472,YCAFZ01夏玉米,48,2019-09-29,False
YCA,2019,9,29,YCAFZ01ABC_01,禹城站土壤监测辅助观测场(养分池)-空白,maize,郑单958,4,1.11×6.00,165.775,6.596858638743456,6.596858638743456,491.79865300673504,181.41985990070052,YCAFZ01夏玉米,49,2019-09-29,False
YCA,2020,10,8,YCAFZ01ABC_01,禹城站土壤监测辅助观测场(养分池)-空白,maize,郑单958,1,1.09×6.00,159.65,5.504587155963303,5.504587155963303,455.08500000000004,224.835,YCAFZ01夏玉米,50,2020-10-08,False
YCA,2020,10,8,YCAFZ01ABC_01,禹城站土壤监测辅助观测场(养分池)-空白,maize,郑单958,2,1.10×6.00,174.375,5.757575757575758,5.757575757575758,521.235,264.885,YCAFZ01夏玉米,51,2020-10-08,False
YCA,2020,10,8,YCAFZ01ABC_01,禹城站土壤监测辅助观测场(养分池)-空白,maize,郑单958,3,1.04×6.00,175.65,6.410256410256411,6.410256410256411,600.6,266.13,YCAFZ01夏玉米,52,2020-10-08,False
YCA,2020,10,8,YCAFZ01ABC_01,禹城站土壤监测辅助观测场(养分池)-空白,maize,郑单958,4,1.05×6.00,154.75,6.666666666666666,6.666666666666666,493.275,232.92,YCAFZ01夏玉米,53,2020-10-08,False
YCA,2021,10,9,YCAFZ01ABC_01,禹城站土壤监测辅助观测场(养分池)-空白,maize,郑单958,1,1.67×6.00,159.65,7.2,7.2,380.11999999999995,130.12,YCAFZ01夏玉米,54,2021-10-09,False
YCA,2021,10,9,YCAFZ01ABC_01,禹城站土壤监测辅助观测场(养分池)-空白,maize,郑单958,2,1.67×6.00,174.375,7.2,7.2,509.68999999999994,144.69,YCAFZ01夏玉米,55,2021-10-09,False
YCA,2021,10,9,YCAFZ01ABC_01,禹城站土壤监测辅助观测场(养分池)-空白,maize,郑单958,3,1.67×6.00,175.65,7.2,7.2,559.0899999999999,164.09000000000003,YCAFZ01夏玉米,56,2021-10-09,False
YCA,2021,10,9,YCAFZ01ABC_01,禹城站土壤监测辅助观测场(养分池)-空白,maize,郑单958,4,1.67×6.00,154.75,7.2,7.2,547.2900000000001,217.29000000000002,YCAFZ01夏玉米,57,2021-10-09,False
YCA,2022,9,27,YCAFZ01ABC_01,禹城站土壤监测辅助观测场(养分池)-空白,maize,郑单958,1,1.25×6.00,168.0,6.7,6.7,480.84842775786126,270.5640411797941,YCAFZ01夏玉米,58,2022-09-27,False
YCA,2022,9,27,YCAFZ01ABC_01,禹城站土壤监测辅助观测场(养分池)-空白,maize,郑单958,2,1.25×6.00,166.6,6.7,6.7,542.9041554792227,281.8080529597352,YCAFZ01夏玉米,59,2022-09-27,False
YCA,2022,9,27,YCAFZ01ABC_01,禹城站土壤监测辅助观测场(养分池)-空白,maize,郑单958,3,1.25×6.00,177.4,6.7,6.7,645.6626716866416,353.59879800601004,YCAFZ01夏玉米,60,2022-09-27,False
YCA,2022,9,27,YCAFZ01ABC_01,禹城站土壤监测辅助观测场(养分池)-空白,maize,郑单958,4,1.25×6.00,168.5,6.7,6.7,483.30555147224277,243.8027589862051,YCAFZ01夏玉米,61,2022-09-27,False
YCA,2008,6,9,YCAFZ01ABC_01,禹城站土壤监测辅助观测场(养分池)-空白,wheat,衡5229,1,2.05×2.10,21.6,302.9,159.4,200.0,57.0,YCAFZ01冬小麦,2,2008-06-09,False
YCA,2008,6,9,YCAFZ01ABC_01,禹城站土壤监测辅助观测场(养分池)-空白,wheat,衡5229,2,2.22×1.98,23.4,307.3,180.8,180.0,52.0,YCAFZ01冬小麦,3,2008-06-09,False
YCA,2008,6,9,YCAFZ01ABC_01,禹城站土壤监测辅助观测场(养分池)-空白,wheat,衡5229,3,2.10×2.02,20.4,326.6,171.9,186.67,45.0,YCAFZ01冬小麦,4,2008-06-09,False
YCA,2008,6,9,YCAFZ01ABC_01,禹城站土壤监测辅助观测场(养分池)-空白,wheat,衡5229,4,2.08×2.10,26.7,287.8,137.1,173.33,58.0,YCAFZ01冬小麦,5,2008-06-09,False
YCA,2009,6,9,YCAFZ01ABC_01,禹城站土壤监测辅助观测场(养分池)-空白,wheat,衡5229,1,1.91×1.00,30.65,448.33333333333337,448.33333333333337,134.3773120767574,39.01570680628272,YCAFZ01冬小麦,6,2009-06-09,False
YCA,2009,6,9,YCAFZ01ABC_01,禹城站土壤监测辅助观测场(养分池)-空白,wheat,衡5229,2,2.03×1.00,32.05,390.0,390.0,177.21882968982928,42.67980295566504,YCAFZ01冬小麦,7,2009-06-09,False
YCA,2009,6,9,YCAFZ01ABC_01,禹城站土壤监测辅助观测场(养分池)-空白,wheat,衡5229,3,2.05×1.00,30.75,431.6666666666667,431.6666666666667,88.32428214132655,36.12682926829269,YCAFZ01冬小麦,8,2009-06-09,False
YCA,2009,6,9,YCAFZ01ABC_01,禹城站土壤监测辅助观测场(养分池)-空白,wheat,衡5229,4,2.00×1.00,30.45,403.33333333333337,403.33333333333337,156.93779904306217,61.655,YCAFZ01冬小麦,9,2009-06-09,False
YCA,2010,6,14,YCAFZ01ABC_01,禹城站土壤监测辅助观测场(养分池)-空白,wheat,济麦22,1,2.00×1.00,33.075,331.6666666666667,331.6666666666667,138.18071068249256,32.5,YCAFZ01冬小麦,10,2010-06-14,False
YCA,2010,6,14,YCAFZ01ABC_01,禹城站土壤监测辅助观测场(养分池)-空白,wheat,济麦22,2,2.00×1.00,37.375,486.66666666666663,486.66666666666663,171.04433347826085,36.5,YCAFZ01冬小麦,11,2010-06-14,False
YCA,2010,6,14,YCAFZ01ABC_01,禹城站土壤监测辅助观测场(养分池)-空白,wheat,济麦22,3,2.00×1.00,37.25,476.6666666666667,476.6666666666667,202.68029626494018,50.5,YCAFZ01冬小麦,12,2010-06-14,False
YCA,2010,6,14,YCAFZ01ABC_01,禹城站土壤监测辅助观测场(养分池)-空白,wheat,济麦22,4,2.00×1.00,32.85,335.0,335.0,140.72445489296632,34.0,YCAFZ01冬小麦,13,2010-06-14,False
YCA,2011,6,10,YCAFZ01ABC_01,禹城站土壤监测辅助观测场(养分池)-空白,wheat,济麦22,1,1.10×1.07,30.65,448.33333333333337,438.5964912280702,205.3763440860215,86.02150537634408,YCAFZ01冬小麦,14,2011-06-10,False
YCA,2011,6,10,YCAFZ01ABC_01,禹城站土壤监测辅助观测场(养分池)-空白,wheat,济麦22,2,1.00×0.93,32.05,390.0,344.6428571428571,215.53398058252426,90.29126213592232,YCAFZ01冬小麦,15,2011-06-10,False
YCA,2011,6,10,YCAFZ01ABC_01,禹城站土壤监测辅助观测场(养分池)-空白,wheat,济麦22,3,1.00×1.03,30.75,431.6666666666667,482.1428571428571,175.0,66.66666666666667,YCAFZ01冬小麦,16,2011-06-10,False
YCA,2011,6,10,YCAFZ01ABC_01,禹城站土壤监测辅助观测场(养分池)-空白,wheat,济麦22,4,1.00×0.96,30.45,403.33333333333337,489.47368421052636,189.2857142857143,85.71428571428571,YCAFZ01冬小麦,17,2011-06-10,False
YCA,2012,6,8,YCAFZ01ABC_01,禹城站土壤监测辅助观测场(养分池)-空白,wheat,济麦22,1,1.05×1.10,32.0,304.6,304.6153846153846,175.6497948016415,55.030303030303,YCAFZ01冬小麦,18,2012-06-08,False
YCA,2012,6,8,YCAFZ01ABC_01,禹城站土壤监测辅助观测场(养分池)-空白,wheat,济麦22,2,1.11×1.09,33.7,345.6,345.45454545454544,277.5393419170245,32.845689726423664,YCAFZ01冬小麦,19,2012-06-08,False
YCA,2012,6,8,YCAFZ01ABC_01,禹城站土壤监测辅助观测场(养分池)-空白,wheat,济麦22,3,1.22×1.31,29.675,359.1,359.09090909090907,365.8783783783781,39.550744587661114,YCAFZ01冬小麦,20,2012-06-08,False
YCA,2012,6,8,YCAFZ01ABC_01,禹城站土壤监测辅助观测场(养分池)-空白,wheat,济麦22,4,0.98×1.18,35.1,433.9,433.8709677419355,263.6696288552015,47.267381528882744,YCAFZ01冬小麦,21,2012-06-08,False
YCA,2013,6,12,YCAFZ01ABC_01,禹城站土壤监测辅助观测场(养分池)-空白,wheat,济麦22,1,1.08×0.94,34.95,378.8748564867968,378.8748564867968,184.61964147333032,66.78486997635933,YCAFZ01冬小麦,22,2013-06-12,False
YCA,2013,6,12,YCAFZ01ABC_01,禹城站土壤监测辅助观测场(养分池)-空白,wheat,济麦22,2,1.05×1.04,33.05,285.0678733031674,285.0678733031674,168.99670878909646,65.84249084249085,YCAFZ01冬小麦,23,2013-06-12,False
YCA,2013,6,12,YCAFZ01ABC_01,禹城站土壤监测辅助观测场(养分池)-空白,wheat,济麦22,3,1.05×1.06,35.51,240.7960199004975,240.7960199004975,162.3651608078605,51.39263252470798,YCAFZ01冬小麦,24,2013-06-12,False
YCA,2013,6,12,YCAFZ01ABC_01,禹城站土壤监测辅助观测场(养分池)-空白,wheat,济麦22,4,1.06×1.04,33.925,240.65934065934067,240.65934065934067,158.77589467709677,51.52394775036285,YCAFZ01冬小麦,25,2013-06-12,False
YCA,2014,6,7,YCAFZ01ABC_01,禹城站土壤监测辅助观测场(养分池)-空白,wheat,济麦22,1,1.00×6.00,35.0,338.7096774193548,338.7096774193548,219.94215028924853,83.52465737671312,YCAFZ01冬小麦,26,2014-06-07,False
YCA,2014,6,7,YCAFZ01ABC_01,禹城站土壤监测辅助观测场(养分池)-空白,wheat,济麦22,2,1.00×6.00,36.0,407.01754385964915,407.01754385964915,217.60766196169018,78.62223188884056,YCAFZ01冬小麦,27,2014-06-07,False
YCA,2014,6,7,YCAFZ01ABC_01,禹城站土壤监测辅助观测场(养分池)-空白,wheat,济麦22,3,1.00×6.00,37.0,391.93548387096774,391.93548387096774,230.61409692951537,72.6359368203159,YCAFZ01冬小麦,28,2014-06-07,False
YCA,2014,6,7,YCAFZ01ABC_01,禹城站土壤监测辅助观测场(养分池)-空白,wheat,济麦22,4,1.00×6.00,39.0,393.33333333333337,393.33333333333337,204.43447782761083,72.76933615331923,YCAFZ01冬小麦,29,2014-06-07,False
YCA,2015,6,11,YCAFZ01ABC_01,禹城站土壤监测辅助观测场(养分池)-空白,wheat,济麦22,1,1.00×6.00,33.55,338.7096774193548,338.7096774193548,219.94215028924853,83.52465737671312,YCAFZ01冬小麦,30,2015-06-11,False
YCA,2015,6,11,YCAFZ01ABC_01,禹城站土壤监测辅助观测场(养分池)-空白,wheat,济麦22,2,1.00×6.00,36.1,407.01754385964915,407.01754385964915,217.60766196169018,78.62223188884056,YCAFZ01冬小麦,31,2015-06-11,False
YCA,2015,6,11,YCAFZ01ABC_01,禹城站土壤监测辅助观测场(养分池)-空白,wheat,济麦22,3,1.00×6.00,34.7,391.93548387096774,391.93548387096774,230.61409692951537,72.6359368203159,YCAFZ01冬小麦,32,2015-06-11,False
YCA,2015,6,11,YCAFZ01ABC_01,禹城站土壤监测辅助观测场(养分池)-空白,wheat,济麦22,4,1.00×6.00,39.15,393.33333333333337,393.33333333333337,204.43447782761083,72.76933615331923,YCAFZ01冬小麦,33,2015-06-11,False
YCA,2016,6,8,YCAFZ01ABC_01,禹城站土壤监测辅助观测场(养分池)-空白,wheat,济麦22,1,1.00×6.00,26.5,327.6,327.6,151.9,29.608333333333334,YCAFZ01冬小麦,34,2016-06-08,False
YCA,2016,6,8,YCAFZ01ABC_01,禹城站土壤监测辅助观测场(养分池)-空白,wheat,济麦22,2,1.00×6.00,29.35,339.8,339.8,204.38333333333333,40.58,YCAFZ01冬小麦,35,2016-06-08,False
YCA,2016,6,8,YCAFZ01ABC_01,禹城站土壤监测辅助观测场(养分池)-空白,wheat,济麦22,3,1.00×6.00,29.15,346.7,346.7,207.70000000000002,32.07333333333333,YCAFZ01冬小麦,36,2016-06-08,False
YCA,2016,6,8,YCAFZ01ABC_01,禹城站土壤监测辅助观测场(养分池)-空白,wheat,济麦22,4,1.00×6.00,28.55,329.8,329.8,193.63333333333333,33.406666666666666,YCAFZ01冬小麦,37,2016-06-08,False
YCA,2017,6,8,YCAFZ01ABC_01,禹城站土壤监测辅助观测场(养分池)-空白,wheat,济麦22,1,1.00×6.00,23.119999999999997,479.26267281105993,503.2258064516129,233.34383328083368,21.350960745196275,YCAFZ01冬小麦,38,2017-06-08,False
YCA,2017,6,8,YCAFZ01ABC_01,禹城站土壤监测辅助观测场(养分池)-空白,wheat,济麦22,2,1.00×6.00,23.29,589.6551724137931,589.6551724137931,233.34383328083362,26.034504827475864,YCAFZ01冬小麦,39,2017-06-08,False
YCA,2017,6,8,YCAFZ01ABC_01,禹城站土壤监测辅助观测场(养分池)-空白,wheat,济麦22,3,1.00×6.00,26.7,598.1481481481482,598.1481481481482,216.67641661791694,22.75102374488128,YCAFZ01冬小麦,40,2017-06-08,False
YCA,2017,6,8,YCAFZ01ABC_01,禹城站土壤监测辅助观测场(养分池)-空白,wheat,济麦22,4,1.00×6.00,26.45,520.6349206349206,520.6349206349206,266.67866660666704,7.750348748256259,YCAFZ01冬小麦,41,2017-06-08,False
YCA,2018,6,7,YCAFZ01ABC_01,禹城站土壤监测辅助观测场(养分池)-空白,wheat,济麦22,1,1.00×6.00,24.025,652.7272727272726,540.983606557377,122.62218438907809,30.868055659721705,YCAFZ01冬小麦,42,2018-06-07,False
YCA,2018,6,7,YCAFZ01ABC_01,禹城站土壤监测辅助观测场(养分池)-空白,wheat,济麦22,2,1.00×6.00,23.525,901.639344262295,554.8387096774194,135.57276713616434,23.634396828015863,YCAFZ01冬小麦,43,2018-06-07,False
YCA,2018,6,7,YCAFZ01ABC_01,禹城站土壤监测辅助观测场(养分池)-空白,wheat,济麦22,3,1.00×6.00,26.8,584.0407470288626,448.4375,133.57267713661435,18.36749316253419,YCAFZ01冬小麦,44,2018-06-07,False
YCA,2018,6,7,YCAFZ01ABC_01,禹城站土壤监测辅助观测场(养分池)-空白,wheat,济麦22,4,1.00×6.00,26.55,472.0394736842105,512.5,114.17180414097932,32.11811190944046,YCAFZ01冬小麦,45,2018-06-07,False
YCA,2019,6,9,YCAFZ01ABC_01,禹城站土壤监测辅助观测场(养分池)-空白,wheat,济麦22,1,1.00×6.00,31.125,435.4166666666667,348.33333333333337,179.78895105524475,68.98413007934961,YCAFZ01冬小麦,46,2019-06-09,False
YCA,2019,6,9,YCAFZ01ABC_01,禹城站土壤监测辅助观测场(养分池)-空白,wheat,济麦22,2,1.00×6.00,32.565,424.0740740740741,381.6666666666667,161.57994210028954,61.347018264908684,YCAFZ01冬小麦,47,2019-06-09,False
YCA,2019,6,9,YCAFZ01ABC_01,禹城站土壤监测辅助观测场(养分池)-空白,wheat,济麦22,3,1.00×6.00,32.95,390.3061224489795,273.21428571428567,154.32635336823316,55.127274363628196,YCAFZ01冬小麦,48,2019-06-09,False
YCA,2019,6,9,YCAFZ01ABC_01,禹城站土壤监测辅助观测场(养分池)-空白,wheat,济麦22,4,1.00×6.00,33.05,471.264367816092,282.7586206896552,172.7354613226934,70.71832140839295,YCAFZ01冬小麦,49,2019-06-09,False
YCA,2020,6,5,YCAFZ01ABC_01,禹城站土壤监测辅助观测场(养分池)-空白,wheat,济麦22,1,0.60×6.00,36.2,407.46268656716416,407.46268656716416,111.11111111111113,51.38888888888889,YCAFZ01冬小麦,50,2020-06-05,False
YCA,2020,6,5,YCAFZ01ABC_01,禹城站土壤监测辅助观测场(养分池)-空白,wheat,济麦22,2,0.60×6.00,33.85,393.6507936507937,393.6507936507937,180.55555555555557,62.861111111111114,YCAFZ01冬小麦,51,2020-06-05,False
YCA,2020,6,5,YCAFZ01ABC_01,禹城站土壤监测辅助观测场(养分池)-空白,wheat,济麦22,3,0.60×6.00,36.325,360.60606060606057,360.60606060606057,180.55555555555557,50.44444444444445,YCAFZ01冬小麦,52,2020-06-05,False
YCA,2020,6,5,YCAFZ01ABC_01,禹城站土壤监测辅助观测场(养分池)-空白,wheat,济麦22,4,0.60×6.00,37.8,363.15789473684214,363.15789473684214,194.44444444444446,62.16666666666668,YCAFZ01冬小麦,53,2020-06-05,False
YCA,2021,6,9,YCAFZ01ABC_01,禹城站土壤监测辅助观测场(养分池)-空白,wheat,济麦22,1,1.04×6.00,36.45,191.66666666666669,191.66666666666669,125.0,42.416666666666664,YCAFZ01冬小麦,54,2021-06-09,False
YCA,2021,6,9,YCAFZ01ABC_01,禹城站土壤监测辅助观测场(养分池)-空白,wheat,济麦22,2,1.04×6.00,35.61,300.0,300.0,158.33333333333334,55.25,YCAFZ01冬小麦,55,2021-06-09,False
YCA,2021,6,9,YCAFZ01ABC_01,禹城站土壤监测辅助观测场(养分池)-空白,wheat,济麦22,3,1.04×6.00,38.05,274.6031746031746,274.6031746031746,125.0,44.35,YCAFZ01冬小麦,56,2021-06-09,False
YCA,2021,6,9,YCAFZ01ABC_01,禹城站土壤监测辅助观测场(养分池)-空白,wheat,济麦22,4,1.04×6.00,35.725,218.33333333333334,218.33333333333334,150.0,56.61666666666667,YCAFZ01冬小麦,57,2021-06-09,False
YCA,2022,6,9,YCAFZ01ABC_01,禹城站土壤监测辅助观测场(养分池)-空白,wheat,济麦22,1,1.04×6.00,37.7,531.3432835820895,531.3432835820895,241.67754161229198,91.08743206283968,YCAFZ01冬小麦,58,2022-06-09,False
YCA,2022,6,9,YCAFZ01ABC_01,禹城站土壤监测辅助观测场(养分池)-空白,wheat,济麦22,2,1.04×6.00,40.5,435.38461538461536,435.38461538461536,300.01349993250034,101.20455397723013,YCAFZ01冬小麦,59,2022-06-09,False
YCA,2022,6,9,YCAFZ01ABC_01,禹城站土壤监测辅助观测场(养分池)-空白,wheat,济麦22,3,1.04×6.00,39.8,375.86206896551727,375.86206896551727,300.01349993250045,89.05400722996386,YCAFZ01冬小麦,60,2022-06-09,False
YCA,2022,6,9,YCAFZ01ABC_01,禹城站土壤监测辅助观测场(养分池)-空白,wheat,济麦22,4,1.04×6.00,38.35,423.07692307692304,423.07692307692304,283.3460832695837,96.8710256448718,YCAFZ01冬小麦,61,2022-06-09,False
YCA,2008,6,9,YCAFZ02ABC_01,禹城站土壤监测辅助观测场(养分池)-秸秆还田,wheat,衡5229,1,2.14×2.02,67.2,343.8,660.0,1662.1,753.0,YCAFZ02冬小麦,2,2008-06-09,False
YCA,2008,6,9,YCAFZ02ABC_01,禹城站土壤监测辅助观测场(养分池)-秸秆还田,wheat,衡5229,2,2.10×2.02,69.4,327.7,583.3,1643.63,722.0,YCAFZ02冬小麦,3,2008-06-09,False
YCA,2009,6,9,YCAFZ02ABC_01,禹城站土壤监测辅助观测场(养分池)-秸秆还田,wheat,衡5229,1,2.15×1.20,69.25,424.6,806.6666666666667,1416.4249472191054,728.2441860465118,YCAFZ02冬小麦,4,2009-06-09,False
YCA,2009,6,9,YCAFZ02ABC_01,禹城站土壤监测辅助观测场(养分池)-秸秆还田,wheat,衡5229,2,2.15×1.00,72.65,409.3,736.6666666666667,1768.8196581041848,782.2837209302326,YCAFZ02冬小麦,5,2009-06-09,False
YCA,2010,6,14,YCAFZ02ABC_01,禹城站土壤监测辅助观测场(养分池)-秸秆还田,wheat,济麦22,1,2.00×1.00,68.725,348.1481481481481,626.6666666666666,1465.1192816223065,619.5,YCAFZ02冬小麦,6,2010-06-14,False
YCA,2010,6,14,YCAFZ02ABC_01,禹城站土壤监测辅助观测场(养分池)-秸秆还田,wheat,济麦22,2,2.00×1.00,66.675,285.8333333333333,571.6666666666666,1422.8810146627566,615.0,YCAFZ02冬小麦,7,2010-06-14,False
YCA,2011,6,10,YCAFZ02ABC_01,禹城站土壤监测辅助观测场(养分池)-秸秆还田,wheat,济麦22,1,1.00×0.96,69.25,424.6,751.7857142857142,1794.1747572815534,826.2135922330098,YCAFZ02冬小麦,8,2011-06-10,False
YCA,2011,6,10,YCAFZ02ABC_01,禹城站土壤监测辅助观测场(养分池)-秸秆还田,wheat,济麦22,2,1.03×1.03,72.65,409.3,743.5483870967741,1568.3673469387757,672.4489795918369,YCAFZ02冬小麦,9,2011-06-10,False
YCA,2012,6,8,YCAFZ02ABC_01,禹城站土壤监测辅助观测场(养分池)-秸秆还田,wheat,济麦22,1,1.02×1.17,73.55,517.0,827.2727272727273,1666.7416662916687,683.7140989295056,YCAFZ02冬小麦,10,2012-06-08,False
YCA,2012,6,8,YCAFZ02ABC_01,禹城站土壤监测辅助观测场(养分池)-秸秆还田,wheat,济麦22,2,1.04×1.09,71.075,489.0,669.0140845070423,1683.409082954585,706.2317788411058,YCAFZ02冬小麦,11,2012-06-08,False
YCA,2013,6,12,YCAFZ02ABC_01,禹城站土壤监测辅助观测场(养分池)-秸秆还田,wheat,济麦22,1,0.96×1.06,78.05,291.358024691358,491.6666666666667,1950.804452664822,910.7704402515724,YCAFZ02冬小麦,12,2013-06-12,False
YCA,2013,6,12,YCAFZ02ABC_01,禹城站土壤监测辅助观测场(养分池)-秸秆还田,wheat,济麦22,2,1.02×1.06,77.575,494.7916666666667,494.7916666666667,1920.962070201555,932.3899371069181,YCAFZ02冬小麦,13,2013-06-12,False
YCA,2014,6,7,YCAFZ02ABC_01,禹城站土壤监测辅助观测场(养分池)-秸秆还田,wheat,济麦22,1,1.00×6.00,74.2,432.05128205128204,518.4615384615385,1934.2903285483571,732.1122144389278,YCAFZ02冬小麦,14,2014-06-07,False
YCA,2014,6,7,YCAFZ02ABC_01,禹城站土壤监测辅助观测场(养分池)-秸秆还田,wheat,济麦22,2,1.00×6.00,76.9,361.7664851784634,524.561403508772,2067.689661551692,772.5488872555638,YCAFZ02冬小麦,15,2014-06-07,False
YCA,2015,6,11,YCAFZ02ABC_01,禹城站土壤监测辅助观测场(养分池)-秸秆还田,wheat,济麦22,1,1.00×6.00,71.8,432.05128205128204,518.4615384615385,1934.2903285483571,732.1122144389278,YCAFZ02冬小麦,16,2015-06-11,False
YCA,2015,6,11,YCAFZ02ABC_01,禹城站土壤监测辅助观测场(养分池)-秸秆还田,wheat,济麦22,2,1.00×6.00,70.5,361.7664851784634,524.561403508772,2067.689661551692,772.5488872555638,YCAFZ02冬小麦,17,2015-06-11,False
YCA,2016,6,8,YCAFZ02ABC_01,禹城站土壤监测辅助观测场(养分池)-秸秆还田,wheat,济麦22,1,1.00×6.00,67.1,390.7058823529412,664.2,1700.0,459.59999999999997,YCAFZ02冬小麦,18,2016-06-08,False
YCA,2016,6,8,YCAFZ02ABC_01,禹城站土壤监测辅助观测场(养分池)-秸秆还田,wheat,济麦22,2,1.00×6.00,72.3,421.5333333333333,632.3,1783.3333333333333,475.05,YCAFZ02冬小麦,19,2016-06-08,False
YCA,2017,6,8,YCAFZ02ABC_01,禹城站土壤监测辅助观测场(养分池)-秸秆还田,wheat,济麦22,1,1.00×6.00,65.46,679.3650793650794,713.3333333333334,1766.7461662691685,636.7953210233949,YCAFZ02冬小麦,20,2017-06-08,False
YCA,2017,6,8,YCAFZ02ABC_01,禹城站土壤监测辅助观测场(养分池)-秸秆还田,wheat,济麦22,2,1.00×6.00,65.69,560.6060606060606,616.6666666666667,1716.7439162804185,580.4261178694106,YCAFZ02冬小麦,21,2017-06-08,False
YCA,2018,6,7,YCAFZ02ABC_01,禹城站土壤监测辅助观测场(养分池)-秸秆还田,wheat,济麦22,1,1.00×6.00,59.225,465.9090909090909,550.7936507936508,1266.7236663816686,462.92083039584816,YCAFZ02冬小麦,22,2018-06-07,False
YCA,2018,6,7,YCAFZ02ABC_01,禹城站土壤监测辅助观测场(养分池)-秸秆还田,wheat,济麦22,2,1.00×6.00,64.925,458.9947089947091,603.1746031746031,1316.7259163704184,426.41918790406066,YCAFZ02冬小麦,23,2018-06-07,False
YCA,2019,6,9,YCAFZ02ABC_01,禹城站土壤监测辅助观测场(养分池)-秸秆还田,wheat,济麦22,1,1.00×6.00,65.3,507.6023391812866,761.4035087719299,1917.6154119229402,800.5293973530133,YCAFZ02冬小麦,24,2019-06-09,False
YCA,2019,6,9,YCAFZ02ABC_01,禹城站土壤监测辅助观测场(养分池)-秸秆还田,wheat,济麦22,2,1.00×6.00,65.96000000000001,496.70329670329676,645.7142857142858,1667.4916625416872,708.4171579142103,YCAFZ02冬小麦,25,2019-06-09,False
YCA,2020,6,5,YCAFZ02ABC_01,禹城站土壤监测辅助观测场(养分池)-秸秆还田,wheat,济麦22,1,0.60×6.00,68.875,288.0597014925373,576.1194029850745,1902.777777777778,759.4444444444445,YCAFZ02冬小麦,26,2020-06-05,False
YCA,2020,6,5,YCAFZ02ABC_01,禹城站土壤监测辅助观测场(养分池)-秸秆还田,wheat,济麦22,2,0.60×6.00,74.075,311.6776315789474,592.1875,1694.4444444444446,673.3333333333334,YCAFZ02冬小麦,27,2020-06-05,False
YCA,2021,6,9,YCAFZ02ABC_01,禹城站土壤监测辅助观测场(养分池)-秸秆还田,wheat,济麦22,1,1.04×6.00,75.83,299.3421052631579,478.94736842105266,1683.3333333333333,720.9333333333334,YCAFZ02冬小麦,28,2021-06-09,False
YCA,2021,6,9,YCAFZ02ABC_01,禹城站土壤监测辅助观测场(养分池)-秸秆还田,wheat,济麦22,2,1.04×6.00,74.755,335.3174603174603,536.5079365079365,1850.0,721.5333333333333,YCAFZ02冬小麦,29,2021-06-09,False
YCA,2022,6,9,YCAFZ02ABC_01,禹城站土壤监测辅助观测场(养分池)-秸秆还田,wheat,济麦22,1,1.04×6.00,73.05,519.2307692307692,675.0,1950.0877495612524,902.4906100469498,YCAFZ02冬小麦,30,2022-06-09,False
YCA,2022,6,9,YCAFZ02ABC_01,禹城站土壤监测辅助观测场(养分池)-秸秆还田,wheat,济麦22,2,1.04×6.00,76.9,407.90842872008324,632.258064516129,1933.4203328983358,860.038699806501,YCAFZ02冬小麦,31,2022-06-09,False
YCA,2008,10,2,YCAFZ02ABC_01,禹城站土壤监测辅助观测场(养分池)-秸秆还田,maize,农大108,1,3.01×1.76,251.1,6.1,6.1,2156.84,934.0,YCAFZ02夏玉米,2,2008-10-02,False
YCA,2008,10,2,YCAFZ02ABC_01,禹城站土壤监测辅助观测场(养分池)-秸秆还田,maize,农大108,2,2.83×1.80,255.0,6.5,6.5,2147.34,1007.0,YCAFZ02夏玉米,3,2008-10-02,False
YCA,2009,10,7,YCAFZ02ABC_01,禹城站土壤监测辅助观测场(养分池)-秸秆还田,maize,农大108,1,3.34×2.19,250.75,4.795005202913631,4.795005202913631,1532.467249152859,739.4769842020622,YCAFZ02夏玉米,4,2009-10-07,False
YCA,2009,10,7,YCAFZ02ABC_01,禹城站土壤监测辅助观测场(养分池)-秸秆还田,maize,农大108,2,2.96×2.19,262.45,5.408727719729564,5.408727719729564,1410.9281502981596,765.1546814177423,YCAFZ02夏玉米,5,2009-10-07,False
YCA,2010,10,8,YCAFZ02ABC_01,禹城站土壤监测辅助观测场(养分池)-秸秆还田,maize,农大108,1,2.88×1.38,242.2,6.309770284925564,4.795005202913631,1395.6078974702295,831.7212016314845,YCAFZ02夏玉米,6,2010-10-08,False
YCA,2010,10,8,YCAFZ02ABC_01,禹城站土壤监测辅助观测场(养分池)-秸秆还田,maize,农大108,2,2.88×1.55,241.0,5.597201399300349,5.408727719729564,1330.0635882120393,814.8592370481425,YCAFZ02夏玉米,7,2010-10-08,False
YCA,2011,10,2,YCAFZ02ABC_01,禹城站土壤监测辅助观测场(养分池)-秸秆还田,maize,郑单958,1,5.00×1.20,233.25,4.795005202913631,4.795005202913631,1532.467249152859,739.4769842020622,YCAFZ02夏玉米,8,2011-10-02,False
YCA,2011,10,2,YCAFZ02ABC_01,禹城站土壤监测辅助观测场(养分池)-秸秆还田,maize,郑单958,2,5.00×1.20,229.65,5.408727719729564,5.408727719729564,1410.9281502981596,765.1546814177423,YCAFZ02夏玉米,9,2011-10-02,False
YCA,2012,10,5,YCAFZ02ABC_01,禹城站土壤监测辅助观测场(养分池)-秸秆还田,maize,郑单958,1,2.96×1.23,272.65,6.862331081081081,6.862331081081081,2550.0,1080.0,YCAFZ02夏玉米,10,2012-10-05,False
YCA,2012,10,5,YCAFZ02ABC_01,禹城站土壤监测辅助观测场(养分池)-秸秆还田,maize,郑单958,2,3.02×1.30,269.05,6.367804381049415,6.367804381049415,2692.5,1072.5,YCAFZ02夏玉米,11,2012-10-05,False
YCA,2013,9,30,YCAFZ02ABC_01,禹城站土壤监测辅助观测场(养分池)-秸秆还田,maize,郑单958,1,3.21×1.22,237.0,6.148548942449582,6.148548942449582,1674.9501360469685,954.3617271541308,YCAFZ02夏玉米,12,2013-09-30,False
YCA,2013,9,30,YCAFZ02ABC_01,禹城站土壤监测辅助观测场(养分池)-秸秆还田,maize,郑单958,2,3.08×1.20,234.5,6.515223906528255,6.515223906528255,1834.785368128578,974.0826281469003,YCAFZ02夏玉米,13,2013-09-30,False
YCA,2014,10,2,YCAFZ02ABC_01,禹城站土壤监测辅助观测场(养分池)-秸秆还田,maize,郑单958,1,1.11×6.00,280.25,6.5,6.5,1807.4550000000002,1017.0757661211695,YCAFZ02夏玉米,14,2014-10-02,False
YCA,2014,10,2,YCAFZ02ABC_01,禹城站土壤监测辅助观测场(养分池)-秸秆还田,maize,郑单958,2,1.11×6.00,240.25,6.7,6.7,2231.835,1222.3900047999762,YCAFZ02夏玉米,15,2014-10-02,False
YCA,2015,10,6,YCAFZ02ABC_01,禹城站土壤监测辅助观测场(养分池)-秸秆还田,maize,郑单958,1,1.11×6.00,247.85,6.6,6.6,2334.90990990991,1304.93993993994,YCAFZ02夏玉米,16,2015-10-06,False
YCA,2015,10,6,YCAFZ02ABC_01,禹城站土壤监测辅助观测场(养分池)-秸秆还田,maize,郑单958,2,1.11×6.00,253.3,6.8,6.8,2338.7837837837837,1260.6156156156158,YCAFZ02夏玉米,17,2015-10-06,False
YCA,2016,9,27,YCAFZ02ABC_01,禹城站土壤监测辅助观测场(养分池)-秸秆还田,maize,郑单958,1,1.11×6.00,247.85,6.7,6.7,1846.5149999999999,1040.22,YCAFZ02夏玉米,18,2016-09-27,False
YCA,2016,9,27,YCAFZ02ABC_01,禹城站土壤监测辅助观测场(养分池)-秸秆还田,maize,郑单958,2,1.11×6.00,253.3,6.8,6.8,1709.3849999999998,1076.49,YCAFZ02夏玉米,19,2016-09-27,False
YCA,2017,9,27,YCAFZ02ABC_01,禹城站土壤监测辅助观测场(养分池)-秸秆还田,maize,郑单958,1,1.22×6.00,247.9,5.190535922834033,6.862331081081081,2339.567507162464,1259.0329098354507,YCAFZ02夏玉米,20,2017-09-27,False
YCA,2017,9,27,YCAFZ02ABC_01,禹城站土壤监测辅助观测场(养分池)-秸秆还田,maize,郑单958,2,1.89×6.00,251.65,4.88615264340858,6.367804381049415,2373.604346978265,1270.558612206939,YCAFZ02夏玉米,21,2017-09-27,False
YCA,2018,9,27,YCAFZ02ABC_01,禹城站土壤监测辅助观测场(养分池)-秸秆还田,maize,郑单958,1,1.13×6.00,168.7,6.309944472488643,6.309944472488643,2123.435630821846,771.3498912505438,YCAFZ02夏玉米,22,2018-09-27,False
YCA,2018,9,27,YCAFZ02ABC_01,禹城站土壤监测辅助观测场(养分池)-秸秆还田,maize,郑单958,2,1.16×6.00,172.4,5.900091779205455,5.900091779205455,2025.2742061289696,733.2811660941696,YCAFZ02夏玉米,23,2018-09-27,False
YCA,2019,9,29,YCAFZ02ABC_01,禹城站土壤监测辅助观测场(养分池)-秸秆还田,maize,郑单958,1,1.11×6.00,247.825,5.333333333333333,5.333333333333333,2381.6239143804287,960.5367325663372,YCAFZ02夏玉米,24,2019-09-29,False
YCA,2019,9,29,YCAFZ02ABC_01,禹城站土壤监测辅助观测场(养分池)-秸秆还田,maize,郑单958,2,1.11×6.00,246.0,5.070422535211268,5.070422535211268,2020.3315815920923,871.2990737546312,YCAFZ02夏玉米,25,2019-09-29,False
YCA,2020,10,8,YCAFZ02ABC_01,禹城站土壤监测辅助观测场(养分池)-秸秆还田,maize,郑单958,1,1.10×6.00,248.7,6.0606060606060606,6.0606060606060606,2684.7,1104.18,YCAFZ02夏玉米,26,2020-10-08,False
YCA,2020,10,8,YCAFZ02ABC_01,禹城站土壤监测辅助观测场(养分池)-秸秆还田,maize,郑单958,2,1.12×6.00,246.2,6.25,6.875000000000001,2588.1,1063.86,YCAFZ02夏玉米,27,2020-10-08,False
YCA,2021,10,9,YCAFZ02ABC_01,禹城站土壤监测辅助观测场(养分池)-秸秆还田,maize,郑单958,1,1.67×6.00,248.7,7.2,7.2,1457.57,912.57,YCAFZ02夏玉米,28,2021-10-09,False
YCA,2021,10,9,YCAFZ02ABC_01,禹城站土壤监测辅助观测场(养分池)-秸秆还田,maize,郑单958,2,1.67×6.00,246.2,7.2,7.2,1239.8200000000002,774.8199999999999,YCAFZ02夏玉米,29,2021-10-09,False
YCA,2022,9,27,YCAFZ02ABC_01,禹城站土壤监测辅助观测场(养分池)-秸秆还田,maize,郑单958,1,1.25×6.00,265.75,6.7,6.7,2495.542980285099,1110.8869975650123,YCAFZ02夏玉米,30,2022-09-27,False
YCA,2022,9,27,YCAFZ02ABC_01,禹城站土壤监测辅助观测场(养分池)-秸秆还田,maize,郑单958,2,1.25×6.00,262.5,6.7,6.7,2409.516942415288,1162.4198259008706,YCAFZ02夏玉米,31,2022-09-27,False
