date,tmin_c,tmax_c,precipitation_mm,solar_radiation_mj_m2,reference_et0_mm,actual_vapour_pressure_kpa,wind_speed_10m_m_s
2016-06-16,19.789087295532227,34.866355895996094,0.0,27.223642349243164,7.979591369628906,1.4893810749053955,3.9875104427337646
2016-06-17,24.051843643188477,34.819175720214844,0.0,24.15777587890625,8.869665145874023,1.6078011989593506,5.6053466796875
2016-06-18,23.53081703186035,33.68230438232422,0.090307602641603,24.81281852722168,6.476003646850586,1.8557460308074951,2.532409429550171
2016-06-19,21.483301162719727,34.62065887451172,0.030102532344856426,23.361309051513672,5.641438961029053,2.113516330718994,1.7795087099075317
2016-06-20,21.956323623657227,31.977075576782227,17.34909411452444,18.751506805419922,4.527300834655762,2.68068265914917,2.308551073074341
2016-06-21,23.75176429748535,33.465049743652344,10.345237601467247,20.422290802001953,5.098246097564697,2.84950590133667,2.420532464981079
2016-06-22,23.2902774810791,35.11382293701172,0.07023924400700957,25.2753849029541,6.181053638458252,2.594639778137207,2.4102954864501953
2016-06-23,18.4825382232666,28.101892471313477,24.352949670647885,7.09227180480957,2.748258590698242,2.276231050491333,2.501926898956299
2016-06-24,17.597681045532227,31.4186954498291,0.0,27.868392944335938,6.466746807098389,1.5694780349731445,2.827467679977417
2016-06-25,19.02923011779785,33.550987243652344,0.0,28.705102920532227,6.834496974945068,1.397337794303894,2.3492941856384277
2016-06-26,21.434412002563477,33.02983856201172,0.0,25.996700286865234,7.146181583404541,1.6276695728302002,3.509251832962036
2016-06-27,23.333765029907227,30.8345890045166,0.0,24.1864070892334,7.850582122802734,1.6996971368789673,5.890216827392578
2016-06-28,21.0111026763916,29.053369522094727,3.9835685647170416,19.59610366821289,5.551448345184326,2.040484666824341,4.68961238861084
2016-06-29,22.440027236938477,31.536035537719727,0.06020506468971285,23.16816520690918,5.49514627456665,2.463592529296875,3.0513622760772705
2016-06-30,21.448633193969727,32.95763397216797,12.873849877348535,23.64862823486328,5.928927421569824,2.622532844543457,3.2345693111419678
2016-07-01,20.72979164123535,29.378931045532227,6.321532125103849,18.058443069458008,4.0875325202941895,2.397024631500244,2.206883192062378
2016-07-02,21.18242835998535,31.7952823638916,0.010034177448285476,23.8675594329834,5.1698198318481445,2.3279011249542236,1.5455583333969116
2016-07-03,22.5429630279541,29.90032386779785,6.110814355702597,22.26922607421875,4.79132080078125,2.6025304794311523,1.8609817028045654
2016-07-04,21.848108291625977,30.0738468170166,1.1739987446282996,18.123092651367188,4.132937908172607,2.446436643600464,1.7592285871505737
2016-07-05,19.711816787719727,30.879541397094727,0.0,26.156187057495117,5.732236385345459,2.051928758621216,2.4308395385742188
2016-07-06,21.084863662719727,32.398643493652344,0.030102532344856426,24.688812255859375,5.3982319831848145,2.2447049617767334,1.5863630771636963
2016-07-07,23.818445205688477,32.682884216308594,0.28095697602803826,21.48509979248047,5.159626007080078,2.5383455753326416,2.044180154800415
2016-07-08,24.0936222076416,32.16490936279297,0.270922807924809,20.77197265625,4.705488681793213,2.8198351860046387,1.5761816501617432
2016-07-09,24.3332462310791,30.648767471313477,1.384716514029553,14.219921112060547,3.7446789741516113,2.8297760486602783,2.1969170570373535
2016-07-10,22.697595596313477,33.27654266357422,0.16054683917256762,22.765893936157227,5.130908489227295,2.749781370162964,1.739036202430725
2016-07-11,24.7681827545166,33.977989196777344,0.020068354896570953,23.983238220214844,6.142704010009766,2.581594228744507,2.9702768325805664
2016-07-12,22.892908096313477,28.5039005279541,6.632591575537396,7.924732208251953,2.467844247817993,2.8376216888427734,2.4514029026031494
2016-07-13,22.5974063873291,31.662317276000977,0.9331785307257178,19.764028549194336,4.681289196014404,2.649902582168579,2.512451410293579
2016-07-14,21.86077308654785,29.463891983032227,2.137279959088784,10.732312202453613,3.2620348930358887,2.4275927543640137,2.593907594680786
2016-07-15,19.331384658813477,24.018457412719727,11.318552146713927,12.228976249694824,2.8851964473724365,2.1427860260009766,2.7771146297454834
2016-07-16,18.92937660217285,27.44219398498535,0.7324949892360533,17.786401748657227,3.614982843399048,2.201153516769409,1.2203819751739502
2016-07-17,22.03569984436035,29.85857582092285,0.5518797839528472,21.154972076416016,4.584704875946045,2.3731753826141357,1.65790855884552
2016-07-18,21.69585609436035,30.39214515686035,1.2342038728643945,19.304391860961914,4.1945295333862305,2.6222848892211914,1.6986643075942993
2016-07-19,23.894311904907227,29.58965492248535,4.8164054742188265,9.620729446411133,2.921788454055786,2.833838939666748,3.540410041809082
2016-07-20,23.518945693969727,28.645044326782227,83.13316048612214,9.623204231262207,2.8509998321533203,2.8882532119750977,6.124879360198975
2016-07-21,23.67608070373535,30.059900283813477,11.840329845015603,14.350712776184082,3.442521095275879,2.9525504112243652,3.021533966064453
2016-07-22,23.9219913482666,32.64977264404297,1.3646481778230943,19.155179977416992,4.236517906188965,3.332057476043701,2.177117109298706
2016-07-23,26.433679580688477,32.49816131591797,23.44987406289037,16.487428665161133,4.020289421081543,3.556459903717041,3.103105306625366
2016-07-24,27.247583389282227,34.945884704589844,1.3646481778230943,20.069421768188477,4.987072944641113,3.5664000511169434,3.194678783416748
2016-07-25,26.9698429107666,33.24321746826172,29.66102866422463,17.86785125732422,4.354061126708984,3.538785457611084,2.940357208251953
2016-07-26,23.301782608032227,31.341516494750977,0.13044430495869994,23.20467185974121,5.247893810272217,2.9556884765625,2.523293972015381
2016-07-27,22.23150062561035,30.690393447875977,0.0,16.278182983398438,3.732858896255493,2.883833885192871,2.808194160461426
2016-07-28,24.6163272857666,33.744590759277344,0.0,24.865171432495117,5.660894870758057,3.1280019283294678,2.747199058532715
2016-07-29,25.678735733032227,35.472190856933594,0.020068354896570953,23.865842819213867,5.57918119430542,3.301942825317383,1.9027822017669678
2016-07-30,24.901391983032227,34.66313934326172,3.220971071171301,21.022409439086914,4.966030597686768,3.2634568214416504,1.740036129951477
2016-07-31,24.141748428344727,33.339256286621094,1.5552974914011701,20.577491760253906,4.511276721954346,3.1886374950408936,1.1193538904190063
2016-08-01,24.8314151763916,30.93535804748535,2.2275874720178477,17.355287551879883,3.9363532066345215,3.0996904373168945,1.5264724493026733
2016-08-02,24.1809024810791,31.1088809967041,0.7324949892360533,20.460372924804688,4.620560646057129,2.833895444869995,2.2184338569641113
2016-08-03,22.800012588500977,31.746484756469727,0.05017088911043861,21.905431747436523,4.812595844268799,2.7590184211730957,2.106565237045288
2016-08-04,24.031030654907227,31.7873477935791,1.5753659472243478,20.49416732788086,4.475904941558838,2.9172043800354004,1.4655903577804565
2016-08-05,24.842309951782227,32.064903259277344,2.046972206926282,17.82992172241211,3.9418351650238037,3.09730863571167,0.9874765276908875
2016-08-06,24.952478408813477,30.30828285217285,4.475243280242154,13.503190040588379,3.049697160720825,3.195150136947632,1.2419111728668213
2016-08-07,24.10405921936035,29.2686710357666,20.810884263239494,12.967620849609375,3.1192872524261475,3.029407262802124,3.26680850982666
2016-08-08,23.515710830688477,29.2053165435791,2.167382463398472,10.335351943969727,2.839104413986206,2.879185676574707,3.500950574874878
2016-08-09,24.069604873657227,31.43486976623535,1.876391229554665,18.132638931274414,3.897024393081665,3.1492257118225098,1.181088924407959
2016-08-10,25.38677406311035,33.061180114746094,0.090307602641603,21.760507583618164,5.0662760734558105,3.1482949256896973,2.7888076305389404
2016-08-11,26.5175724029541,33.821983337402344,0.8629392941947531,20.32558250427246,4.860988140106201,3.400545120239258,2.707521915435791
2016-08-12,26.893945693969727,34.50695037841797,2.046972206926282,19.634140014648438,4.907201766967773,3.4739131927490234,2.544778347015381
2016-08-13,25.0071964263916,30.68462562561035,42.876040735549836,11.187894821166992,2.6374566555023193,3.3227031230926514,1.2730079889297485
2016-08-14,23.90142250061035,30.24199867248535,0.541845615849618,18.984874725341797,4.37699556350708,2.5847344398498535,2.259989023208618
2016-08-15,20.751733779907227,24.7137393951416,12.051047614416857,5.221943378448486,1.8057483434677124,2.353705883026123,3.674440860748291
2016-08-16,21.72539710998535,26.6497745513916,7.746384952696163,8.3262939453125,2.006640672683716,2.62054705619812,1.3749868869781494
2016-08-17,23.024805068969727,28.149682998657227,8.619358773844302,10.070813179016113,2.245609760284424,2.9498848915100098,0.9782161712646484
2016-08-18,24.419214248657227,30.230615615844727,3.5520988578113055,14.55744457244873,3.3091933727264404,3.1398720741271973,2.7996714115142822
2016-08-19,23.04717445373535,27.400049209594727,20.429586353783655,8.16208553314209,2.4375903606414795,2.805072069168091,4.01056432723999
2016-08-20,21.8677921295166,29.4809513092041,0.010034177448285476,19.924325942993164,4.463662624359131,2.4939913749694824,3.328948497772217
2016-08-21,20.97503089904785,31.1230411529541,0.0,22.44289207458496,4.773311614990234,2.552534580230713,2.5455245971679688
2016-08-22,21.4135684967041,31.451135635375977,0.0,20.82187271118164,4.564521312713623,2.522885799407959,2.189511775970459
2016-08-23,21.505945205688477,32.26879119873047,0.020068354896570953,19.581327438354492,4.714798450469971,2.4806227684020996,2.7695493698120117
2016-08-24,25.2789249420166,32.843040466308594,3.2510735754809885,14.671685218811035,3.749399185180664,3.082731246948242,2.2609102725982666
2016-08-25,17.7918643951416,27.2265567779541,45.53509934987405,8.214832305908203,3.4145445823669434,2.3041844367980957,4.021257400512695
2016-08-26,16.994104385375977,27.84819984436035,0.0,23.963512420654297,4.917072772979736,1.603655457496643,2.5663375854492188
2016-08-27,15.131311416625977,29.180505752563477,0.0,23.624006271362305,4.768807888031006,1.6740586757659912,2.3222506046295166
2016-08-28,18.569665908813477,29.2116641998291,0.0,23.734424591064453,5.142513275146484,1.6644093990325928,2.5766851902008057
2016-08-29,17.1302433013916,30.183679580688477,0.0,20.362783432006836,4.432458877563477,1.797309160232544,2.057871103286743
2016-08-30,18.944421768188477,30.802331924438477,0.0,22.38133430480957,5.159952640533447,1.845911979675293,2.78041934967041
2016-08-31,19.98381996154785,32.08727264404297,0.0,22.8001651763916,5.650479316711426,1.8817245960235596,3.1874802112579346
2016-09-01,18.476037979125977,29.65764808654785,0.0,19.689847946166992,4.9332380294799805,1.5182636976242065,2.760241985321045
2016-09-02,18.9766788482666,30.0678653717041,0.0,22.392221450805664,4.916182518005371,1.657790184020996,2.231254816055298
2016-09-03,18.995447158813477,28.851160049438477,0.0,20.237560272216797,4.157599925994873,1.9574788808822632,1.8853594064712524
2016-09-04,20.54961585998535,30.20244789123535,0.08027341958628381,20.029537200927734,4.134230136871338,2.2739109992980957,1.6819751262664795
2016-09-05,20.0891056060791,30.347070693969727,12.683200922620617,20.494606018066406,4.0535454750061035,2.48785138130188,1.6108646392822266
2016-09-06,20.027978897094727,30.0684757232666,3.1206291509055695,14.592204093933105,3.3231513500213623,2.308156728744507,1.6822075843811035
2016-09-07,19.1680850982666,28.1600284576416,7.947068793227625,20.12893295288086,4.046793460845947,2.0405611991882324,2.0994434356689453
2016-09-08,18.887720108032227,30.275903701782227,0.0,21.492448806762695,4.472078800201416,1.9794626235961914,1.9774597883224487
2016-09-09,18.131677627563477,31.011011123657227,0.08027341958628381,18.01426124572754,3.944096565246582,2.1380581855773926,1.997867465019226
2016-09-10,20.83965492248535,30.46709632873535,0.0,19.99152183532715,4.222187042236328,1.994930624961853,1.6418567895889282
2016-09-11,18.7930850982666,27.43755531311035,1.1840329127315288,15.93156909942627,3.36611008644104,2.0791122913360596,2.1710784435272217
2016-09-12,17.55779457092285,26.75127601623535,8.388572189769715,18.15381622314453,3.5101711750030518,1.9619719982147217,2.0490927696228027
2016-09-13,19.4847354888916,28.604761123657227,0.6421873566902705,18.29036521911621,3.6001980304718018,2.1380655765533447,1.5201056003570557
2016-09-14,18.169580459594727,28.989282608032227,0.020068354896570953,19.862592697143555,3.7728538513183594,2.173065662384033,1.6931992769241333
2016-09-15,19.681970596313477,30.394433975219727,0.10034177822087723,19.64567756652832,3.9139585494995117,2.321544647216797,1.6932568550109863
2016-09-16,19.851648330688477,30.2958927154541,0.26088860991739987,19.5380859375,3.8769450187683105,2.288118362426758,1.6017982959747314
2016-09-17,19.2553653717041,26.6625919342041,3.532030521604847,15.01463508605957,3.441180944442749,2.0622076988220215,3.372380256652832
2016-09-18,17.38628578186035,22.685449600219727,2.1974849677081596,5.568258285522461,2.1789803504943848,1.7352559566497803,2.8739185333251953
2016-09-19,15.973505020141602,24.66192054748535,0.0,18.582731246948242,3.886101484298706,1.3502287864685059,2.6806514263153076
2016-09-20,13.010217666625977,25.56780433654785,0.0,19.446630477905273,3.516756296157837,1.2219258546829224,1.6327351331710815
2016-09-21,14.765893936157227,26.985193252563477,0.0,19.44148063659668,4.089062690734863,1.3113404512405396,2.4467992782592773
2016-09-22,17.34331703186035,27.888147354125977,0.0,19.008054733276367,4.955933094024658,1.385638952255249,3.861253499984741
2016-09-23,19.702478408813477,27.922021865844727,0.22075190760030294,17.336713790893555,4.918210029602051,1.5293523073196411,4.075047492980957
2016-09-24,19.907617568969727,27.577112197875977,0.0,13.043837547302246,4.064471244812012,1.8467727899551392,4.390592575073242
2016-09-25,19.23406410217285,28.328210830688477,3.0102533017700472,17.330610275268555,3.526752233505249,2.0784449577331543,2.141958475112915
2016-09-26,20.2353458404541,26.068933486938477,2.97011662935713,10.810271263122559,2.178788185119629,2.30319881439209,1.0431666374206543
2016-09-27,17.12114906311035,21.725183486938477,0.0,13.7687349319458,4.019588470458984,1.3140861988067627,4.736839294433594
2016-09-28,10.489740371704102,19.797571182250977,0.0,17.197439193725586,4.226781368255615,0.9161532521247864,4.09592866897583
2016-09-29,8.665063858032227,21.77129554748535,0.0,18.55056381225586,2.800595283508301,0.9864986538887024,1.3691232204437256
2016-09-30,13.340692520141602,24.970117568969727,0.0,17.72191619873047,3.326382637023926,1.1736972332000732,1.8678196668624878
2016-10-01,12.433771133422852,25.307275772094727,0.0,13.78197956085205,2.7166481018066406,1.6050059795379639,2.254532814025879
2016-10-02,17.869043350219727,26.70293617248535,0.05017088911043861,14.119544982910156,2.7691538333892822,1.9372507333755493,1.633969783782959
2016-10-03,18.533044815063477,29.428003311157227,0.0,16.981300354003906,3.586825370788574,2.1363091468811035,2.661712884902954
