policy,harvest_year,period,represented_area_ha,class_available,class_available_area_pct,grain_production_t,irrigation_mm,irrigation_volume_m3,modeled_total_et_mm,modeled_total_et_volume_m3,annual_bottom_drainage_mm,annual_bottom_drainage_volume_m3,annual_runoff_mm,annual_runoff_volume_m3,grain_retention_pct,irrigation_reduction_mm,et_reduction_mm
adaptive_95,1997,training,9866601.682522975,False,0.0,188801135.16955608,380.0,37493086393.5873,926.1918378686836,91383659458.542,189.32357088400005,18679802630.253326,43.44836444319559,4286877057.1810493,100.0,0.0,0.0
adaptive_95,1998,training,9866601.682522975,False,0.0,156258938.6044814,380.0,37493086393.5873,865.3402693470259,85379677574.9425,423.6203021042336,41796927854.925224,77.53927476421194,7650491388.501848,100.0,0.0,0.0
adaptive_95,1999,training,9866601.682522975,False,0.0,170789277.4134854,380.0,37493086393.5873,864.7082409500034,85317317850.48785,134.1846012338148,13239460123.022312,28.98744447645344,2860075684.4341683,100.0,0.0,0.0
adaptive_95,2000,training,9866601.682522975,False,0.0,167608550.0118662,380.0,37493086393.5873,883.4290201154312,87164422562.60536,258.8479165324099,25539492887.76242,50.86013279405885,5018166717.99203,100.0,0.0,0.0
adaptive_95,2001,training,9866601.682522975,False,0.0,178002469.1680998,380.0,37493086393.5873,941.771890573826,92920881200.88554,235.54306859060185,23240096368.626564,21.737995716243585,2144801451.0856616,99.99999999999999,0.0,0.0
adaptive_95,2002,training,9866601.682522975,False,0.0,169923282.50671685,380.0,37493086393.5873,882.6030874290573,87082931074.27509,119.64978351123828,11805367553.054934,59.031126043916196,5824366075.461293,100.0,0.0,0.0
adaptive_95,2003,training,9866601.682522975,True,100.0,141104897.84682462,277.87134580372236,27416458880.319305,756.734342798597,74663963398.79555,386.86026208292736,38169961127.686905,63.08546429517138,6224391481.57481,98.42529426324701,102.12865419627764,15.953965073884433
adaptive_95,2004,training,9866601.682522975,True,100.0,183647720.23075014,215.8603974615846,21298085607.84549,922.4339599945328,91012884616.98387,230.786746136302,22770808977.3244,16.939641312344218,1671366934.7371116,99.42744961704624,164.1396025384154,17.444080998016602
adaptive_95,2005,training,9866601.682522975,True,100.0,170748168.57079008,210.4146588479992,20760776270.171665,854.974323938619,84356911030.86722,221.79217061800526,21883350037.900333,60.81102669922061,5999981783.464796,95.92125917987688,169.5853411520008,41.591261535201966
adaptive_95,2006,training,9866601.682522975,True,100.0,169349654.8064662,214.0519437138753,21119652679.94635,840.8060110064795,82958980028.71962,108.70899026805428,10725883062.841581,14.827612619075039,1462981476.1516466,97.05265490556947,165.9480562861247,31.454180200658243
adaptive_95,2007,training,9866601.682522975,True,100.0,175034018.0277112,263.4728960822717,25995821197.84543,851.0470384275335,83969421412.55296,194.58665957361094,19199090627.45515,34.1774937688129,3372157175.237879,96.69624516077394,116.52710391772831,37.813901328557904
adaptive_95,2008,training,9866601.682522975,True,100.0,169139715.1797501,234.78655351874724,23165454039.81842,828.2891063040914,81723986898.754,167.57992143540193,16534443347.916046,16.151701738849734,1593624075.5214405,96.65913810334624,145.21344648125276,26.731118756780006
adaptive_95,2009,training,9866601.682522975,True,100.0,166701608.20188758,225.76723808589207,22275554111.56828,872.0403195818187,86040744844.13846,58.11498813123341,5733974396.754303,4.819631284016605,475533821.36018604,96.81395042982379,154.23276191410793,36.60893156047143
adaptive_95,2010,training,9866601.682522975,True,100.0,157745164.00983572,262.09240051855267,25859613199.32837,861.7068865529495,85021186167.04967,98.52666801588806,9721233884.189438,8.419455452666881,830714133.3521028,95.79549076502552,117.90759948144733,39.270436707494355
adaptive_95,2011,training,9866601.682522975,True,100.0,160108199.05865625,226.5553017305114,22353309212.387638,794.527568079795,78392870400.26991,69.7225755822528,6879248815.496907,4.63046143023069,456869185.3837186,92.87398048797704,153.4446982694886,59.395026628597634
adaptive_95,2012,training,9866601.682522975,True,100.0,163002172.91022545,245.98447222703663,24270308075.498055,844.7118604514275,83344354635.77167,73.96340556815875,7297674618.239243,3.7730825893488777,372275030.2436778,97.43115868428664,134.01552777296337,32.704613048123406
adaptive_95,2013,training,9866601.682522975,True,100.0,162221149.9901731,235.14483403451075,23200804151.214897,911.286294266728,89912988842.72224,58.504475323122854,5772403546.582479,9.495295207033411,936862956.657682,95.92623454416047,144.85516596548925,37.80372265164169
adaptive_95,2014,testing,9866601.682522975,False,0.0,158465707.4860314,380.0,37493086393.5873,856.1860267293509,84476464918.80475,71.07685895200858,7012870561.2433605,19.030293136948227,1877643222.839188,97.59899198736628,0.0,11.140972309952645
adaptive_95,2015,testing,9866601.682522975,True,100.0,161804013.8072848,271.93452941797386,26830696854.91474,829.8608536319603,81879064947.0505,121.71222542110827,12008860481.235226,22.78663335256638,2248266349.754656,98.01024934401407,108.06547058202614,24.028360096911456
adaptive_95,2016,testing,9866601.682522975,True,100.0,156769823.09891364,280.2664360206248,27652772891.95814,875.6262158481103,86394550945.4819,115.83722328417684,11429197421.544487,20.844274279656418,2056621516.786284,95.67770339129737,99.73356397937522,31.651090711667052
adaptive_95,2017,testing,9866601.682522975,True,100.0,158936628.14954668,245.4294952476599,24215550707.513256,880.3179790017525,86857468527.73917,150.09364925504383,14809142522.75829,27.129428216807113,2676752620.8983536,97.2457848896059,134.5705047523401,35.29778894752337
adaptive_95,2018,testing,9866601.682522975,False,0.0,156556589.49039128,380.0,37493086393.5873,888.371243045229,87652052013.35083,198.8890337953699,19623588754.807655,61.67082171781717,6084814333.235893,98.02883110777718,0.0,11.449204855211633
adaptive_95,2019,testing,9866601.682522975,False,0.0,175756265.16726565,380.0,37493086393.5873,911.0784453648254,89892481219.47003,63.951704242852145,6309859926.827366,21.706025734892027,2141647100.3677268,99.61738945943951,0.0,2.630669492274251
adaptive_95,2020,testing,9866601.682522975,True,100.0,156417871.86068568,281.74036809111635,27798199898.42451,799.6350765125903,78896807913.2351,145.09689871261898,14316133049.667921,45.93572329827789,4532294847.826984,97.12463338301988,98.25963190888365,26.691718006704946
adaptive_95,2021,testing,9866601.682522975,True,100.0,154477386.91060328,243.96150309452008,24070709769.032257,815.4822294909545,80460383375.63039,239.5538194228465,23635821177.722622,38.070219139723726,3756236882.1801653,97.34514204241805,136.03849690547992,29.212901735488572
adaptive_95,2022,testing,9866601.682522975,True,100.0,171678284.25867084,191.3161758207711,18876405022.470814,870.5383305206417,85892549566.15706,137.5010977828343,13566685627.328691,7.230095350721003,713364709.5222539,97.50345379636912,188.6838241792289,30.543159276794768
adaptive_95,2023,testing,9866601.682522975,True,100.0,159482888.69242212,282.2613738964073,27849605465.975384,878.1783336501774,86646358243.48062,91.33981788069286,9012136007.829863,18.66531161784489,1841631950.13444,96.35734315625646,97.73862610359271,32.77926749911853
adaptive_95,2024,testing,9866601.682522975,True,100.0,155607139.82966977,237.87401387828882,23470081455.60018,841.2053768306959,82998383863.85117,163.40374966372661,16122397113.62688,24.21953481500445,2389645029.556467,95.09610667457088,142.12598612171118,45.72348330903333
adaptive_95,2025,testing,9866601.682522975,True,100.0,154773419.44997773,208.73074859878136,20594631553.190163,845.8979423761162,83461380614.90912,74.20586521263107,7321597145.600187,13.907135060368976,1372161621.8571079,92.11503330114216,171.26925140121864,75.64957816859066
adaptive_98,1997,training,9866601.682522975,False,0.0,188801135.16955608,380.0,37493086393.5873,926.1918378686836,91383659458.542,189.32357088400005,18679802630.253326,43.44836444319559,4286877057.1810493,100.0,0.0,0.0
adaptive_98,1998,training,9866601.682522975,False,0.0,156258938.6044814,380.0,37493086393.5873,865.3402693470259,85379677574.9425,423.6203021042336,41796927854.925224,77.53927476421194,7650491388.501848,100.0,0.0,0.0
adaptive_98,1999,training,9866601.682522975,False,0.0,170789277.4134854,380.0,37493086393.5873,864.7082409500034,85317317850.48785,134.1846012338148,13239460123.022312,28.98744447645344,2860075684.4341683,100.0,0.0,0.0
adaptive_98,2000,training,9866601.682522975,False,0.0,167608550.0118662,380.0,37493086393.5873,883.4290201154312,87164422562.60536,258.8479165324099,25539492887.76242,50.86013279405885,5018166717.99203,100.0,0.0,0.0
adaptive_98,2001,training,9866601.682522975,False,0.0,178002469.1680998,380.0,37493086393.5873,941.771890573826,92920881200.88554,235.54306859060185,23240096368.626564,21.737995716243585,2144801451.0856616,99.99999999999999,0.0,0.0
adaptive_98,2002,training,9866601.682522975,False,0.0,169923282.50671685,380.0,37493086393.5873,882.6030874290573,87082931074.27509,119.64978351123828,11805367553.054934,59.031126043916196,5824366075.461293,100.0,0.0,0.0
adaptive_98,2003,training,9866601.682522975,True,100.0,143362434.32279682,372.87134580372236,36789730478.71613,772.5111996028951,76220603017.69766,436.76481647153827,43093844730.64918,78.43601870281411,7738969541.035892,99.99999999882526,7.128654196277637,0.17710826958636972
adaptive_98,2004,training,9866601.682522975,True,100.0,184630539.62549677,310.8603974615846,30671357206.242313,934.5977670606849,92213039009.63168,315.09399896981887,31089069803.885075,26.11992655018581,2577149112.474398,99.95955110859235,69.13960253841537,5.280273931864485
adaptive_98,2005,training,9866601.682522975,True,100.0,176536427.54960525,305.41465884799925,30134047868.568497,883.5005947620983,87171484547.89767,271.5734420781682,26795069805.370102,69.29971382201921,6837526729.946955,99.17293147806024,74.58534115200075,13.064990711722658
adaptive_98,2006,training,9866601.682522975,True,100.0,173668668.4660144,309.05194371387535,30492924278.34318,864.15974512854,85263199952.53877,160.195742154933,15805875790.788784,20.291781024748722,2002109208.0017352,99.52784000536553,70.94805628612465,8.10044607859777
adaptive_98,2007,training,9866601.682522975,True,100.0,180524845.46917957,358.4728960822717,35369092796.242256,884.7116691136449,87290976430.24399,250.1308772285325,24679417341.139866,41.9508594542309,4139124204.7439947,99.72961205938259,21.52710391772831,4.149270642446481
adaptive_98,2008,training,9866601.682522975,True,100.0,174480423.72570246,329.7865535187472,32538725638.21525,850.9961417075557,83964399635.9233,240.0734772222008,23687093742.897076,24.014726694048527,2369437428.048286,99.71122013129762,50.21344648125279,4.024083353315746
adaptive_98,2009,training,9866601.682522975,True,100.0,171781151.8375541,320.7672380858921,31648825709.965103,902.5477967769051,89050796102.36417,108.7485242075481,10729783719.180847,6.469078475645005,638278205.7217216,99.76395607796353,59.232761914107925,6.101454365385052
adaptive_98,2010,training,9866601.682522975,True,100.0,164365582.58072406,357.09240051855267,35232884797.7252,896.7839609476218,88482101379.45422,160.08100438091188,15794555071.646729,18.651608040630823,1840279872.7544713,99.81593887225621,22.907599481447335,4.193362312822046
adaptive_98,2011,training,9866601.682522975,True,100.0,170230960.67985904,321.55530173051136,31726580810.784462,839.9868644984747,82878158105.57848,102.28276818171706,10091833326.34837,8.896626406579564,877794690.7193625,98.7458919254894,58.44469826948864,13.935730209917892
adaptive_98,2012,training,9866601.682522975,True,100.0,166928090.71581367,340.98447222703663,33643579673.894882,871.1214463945714,85950083286.78526,141.83310094597076,13994107124.309658,11.639000447458544,1148373813.9778013,99.77779440004733,39.01552777296337,6.295027104979454
adaptive_98,2013,training,9866601.682522975,True,100.0,168225787.23035145,330.1448340345108,32574075749.61172,941.1334383068514,92857887658.77013,117.48064615183229,11591347409.855547,16.592413685029005,1637107367.818244,99.47695675448162,49.85516596548922,7.956578611518239
adaptive_98,2014,testing,9866601.682522975,False,0.0,161890229.41861293,380.0,37493086393.5873,865.9550431957746,85440334861.84685,76.63837933210631,7561603624.639941,19.328332481311083,1907049577.804674,99.70815424058151,0.0,1.3719558435290082
adaptive_98,2015,testing,9866601.682522975,True,100.0,165003292.04215863,366.93452941797386,36203968453.31157,853.3179170994324,84193479965.8026,163.6398621919596,16145693396.310162,34.388941935759114,3393019923.635458,99.94816207029741,13.065470582026137,0.5712966294393027
adaptive_98,2016,testing,9866601.682522975,True,100.0,163797801.47063166,375.2664360206247,37026044490.354965,906.9595626615695,89486087469.36943,176.63817449219914,17428185096.42519,32.30547081063946,3187452126.5495214,99.96692702373987,4.733563979375276,0.3177438982078229
adaptive_98,2017,testing,9866601.682522975,True,100.0,162946465.36664852,340.4294952476599,33588822305.91008,907.7355831133566,89562654316.32217,192.59387959356266,19002470964.414726,40.79573168309428,4025152348.641739,99.69921410851269,39.57050475234013,7.8801848359192945
adaptive_98,2018,testing,9866601.682522975,False,0.0,158629049.31289846,380.0,37493086393.5873,895.7506850657344,88380152163.90683,215.52576414085112,21265068670.991714,61.89813204997167,6107242138.292798,99.32651403878327,0.0,4.069762834706239
adaptive_98,2019,testing,9866601.682522975,False,0.0,176040470.77728382,380.0,37493086393.5873,912.1923567547813,90002386419.41322,64.76641672161247,6390244361.964457,21.62298393875637,2133453697.1130085,99.7784751590747,0.0,1.516758102318363
adaptive_98,2020,testing,9866601.682522975,True,100.0,160886942.25855586,376.74036809111635,37171471496.821335,825.2160455059757,81420780230.34216,182.8450342785511,18040591228.53723,60.504075333509434,5969696114.851009,99.89961567112212,3.259631908883648,1.1107490133196052
adaptive_98,2021,testing,9866601.682522975,True,100.0,158577855.29026893,338.9615030945201,33443981367.429085,841.1646348766226,82994364017.52509,310.21675957429164,30607852019.625313,49.673163778879335,4901053213.169302,99.92908448759931,41.03849690547992,3.5304963498205097
adaptive_98,2022,testing,9866601.682522975,True,100.0,175345946.9551702,286.3161758207711,28249676620.867638,889.9124224002198,87804114041.52106,189.2380962375465,18671369187.34821,14.669788257499869,1447409575.0370398,99.58647659574643,93.6838241792289,11.169067397216622
adaptive_98,2023,testing,9866601.682522975,True,100.0,164338942.35607648,377.2613738964073,37222877064.37221,907.2487933933087,89514624713.61359,143.1764447434633,14126649506.035128,30.756570975345955,3034628349.339857,99.29130323868486,2.7386261035927078,3.708807755987209
adaptive_98,2024,testing,9866601.682522975,True,100.0,163264967.55148268,332.87401387828885,32843353053.997005,880.5082949649928,86876246245.77034,212.169393775156,20933908976.018337,34.65881570454921,3419647293.44759,99.77603076241246,47.12598612171115,6.420565174736339
adaptive_98,2025,testing,9866601.682522975,True,100.0,165634826.95252958,303.73074859878136,29967903151.58699,900.7132849071552,88869792123.35733,104.61781006251867,10322222607.847158,17.418396491922973,1718603801.3405948,98.57931455402355,76.26925140121864,20.83423563755173
conventional,1997,training,9866601.682522975,False,0.0,188801135.16955608,380.0,37493086393.5873,926.1918378686836,91383659458.542,189.32357088400005,18679802630.253326,43.44836444319559,4286877057.1810493,100.0,0.0,0.0
conventional,1998,training,9866601.682522975,False,0.0,156258938.6044814,380.0,37493086393.5873,865.3402693470259,85379677574.9425,423.6203021042336,41796927854.925224,77.53927476421194,7650491388.501848,100.0,0.0,0.0
conventional,1999,training,9866601.682522975,False,0.0,170789277.4134854,380.0,37493086393.5873,864.7082409500034,85317317850.48785,134.1846012338148,13239460123.022312,28.98744447645344,2860075684.4341683,100.0,0.0,0.0
conventional,2000,training,9866601.682522975,False,0.0,167608550.0118662,380.0,37493086393.5873,883.4290201154312,87164422562.60536,258.8479165324099,25539492887.76242,50.86013279405885,5018166717.99203,100.0,0.0,0.0
conventional,2001,training,9866601.682522975,False,0.0,178002469.16809982,380.0,37493086393.5873,941.771890573826,92920881200.88554,235.54306859060185,23240096368.626564,21.737995716243585,2144801451.0856616,100.0,0.0,0.0
conventional,2002,training,9866601.682522975,False,0.0,169923282.50671685,380.0,37493086393.5873,882.6030874290573,87082931074.27509,119.64978351123828,11805367553.054934,59.031126043916196,5824366075.461293,100.0,0.0,0.0
conventional,2003,training,9866601.682522975,True,100.0,143362434.32448095,380.0,37493086393.5873,772.6883078724815,76238077585.20456,438.68379932992536,43283183125.64213,83.46858177111812,8235512493.407206,100.0,0.0,0.0
conventional,2004,training,9866601.682522975,True,100.0,184705250.85183808,380.0,37493086393.5873,939.8780409925494,92734022606.23486,360.93494242083835,35612013101.70777,43.618278558427235,4303641806.133339,100.0,0.0,0.0
conventional,2005,training,9866601.682522975,True,100.0,178008681.31911573,380.0,37493086393.5873,896.565585473821,88460555141.28198,317.34913405533246,31311575000.17552,77.95332153354327,7691343734.011126,99.99999999999999,0.0,0.0
conventional,2006,training,9866601.682522975,True,100.0,174492552.49250054,380.0,37493086393.5873,872.2601912071377,86062438701.62157,211.40973535087412,20858956505.146713,32.048961617549324,3162143386.188264,100.0,0.0,0.0
conventional,2007,training,9866601.682522975,True,100.0,181014286.27004847,380.0,37493086393.5873,888.8609397560914,87700368437.26404,266.2446848533592,26269302555.369534,47.62238544423381,4698711083.498349,100.00000000000001,0.0,0.0
conventional,2008,training,9866601.682522975,True,100.0,174985747.33711046,380.0,37493086393.5873,855.0202250608714,84361439911.76767,275.8717536876316,27219167090.949497,37.464315643071124,3696454797.5849733,99.99999999999999,0.0,0.0
conventional,2009,training,9866601.682522975,True,100.0,172187590.17867193,380.0,37493086393.5873,908.6492511422902,89652802301.4376,146.52051248197304,14456595349.787638,14.840982222965438,1464300601.7140436,99.99999999999999,0.0,0.0
conventional,2010,training,9866601.682522975,True,100.0,164668673.59839,380.0,37493086393.5873,900.9773232604439,88895843735.96542,176.59520557820824,17423945524.8344,26.626590497913305,2627139626.0656166,100.0,0.0,0.0
conventional,2011,training,9866601.682522975,True,100.0,172392954.64393604,380.0,37493086393.5873,853.9225947083926,84253141096.94211,129.41638265401835,12768998988.401747,12.615838156267438,1244754499.7906585,100.0,0.0,0.0
conventional,2012,training,9866601.682522975,True,100.0,167299840.32973823,380.0,37493086393.5873,877.4164734995509,86571188537.04044,179.13316697157282,17674356066.373894,18.71490068991865,1846524706.3540173,100.0,0.0,0.0
conventional,2013,training,9866601.682522975,True,100.0,169110307.27000257,380.0,37493086393.5873,949.0900169183697,93642931577.92545,154.97014053255805,15290286493.19359,20.71761195133221,2044124249.3687248,100.0,0.0,0.0
conventional,2014,testing,9866601.682522975,False,0.0,162364082.10706115,380.0,37493086393.5873,867.3269990393036,85575700280.18796,77.97828488697886,7693806768.661214,19.29784991868573,1904041984.767805,100.0,0.0,0.0
conventional,2015,testing,9866601.682522975,True,100.0,165088870.69489625,380.0,37493086393.5873,853.8892137288717,84249847528.65506,171.7584846305812,16946725534.43689,39.4300004381367,3890401086.648012,100.0,0.0,0.0
conventional,2016,testing,9866601.682522975,True,100.0,163851992.2011141,380.0,37493086393.5873,907.2773065597773,89517437994.17612,180.0770420752834,17767484463.23752,33.39949382880556,3295395020.0670867,100.0,0.0,0.0
conventional,2017,testing,9866601.682522975,True,100.0,163438064.00449404,380.0,37493086393.5873,915.6157679492759,90340160765.92892,209.96179776631925,20716094271.067142,42.74352894933072,4217333746.4843597,100.0,0.0,0.0
conventional,2018,testing,9866601.682522975,False,0.0,159704637.6267265,380.0,37493086393.5873,899.8204479004406,88781699452.23065,221.7190999778652,21876140448.890842,61.86366795701897,6103841703.51766,100.0,0.0,0.0
conventional,2019,testing,9866601.682522975,False,0.0,176431309.9560063,380.0,37493086393.5873,913.7091148570996,90152038899.85638,65.00315521011106,6413602405.653839,21.61601064062813,2132765669.5625603,100.0,0.0,0.0
conventional,2020,testing,9866601.682522975,True,100.0,161048609.82469553,380.0,37493086393.5873,826.3267945192953,81530373411.17896,185.01016952599082,18254216499.290016,60.454671229319864,5964821608.675806,100.0,0.0,0.0
conventional,2021,testing,9866601.682522975,True,100.0,158690391.39445698,380.0,37493086393.5873,844.6951312264431,83342704029.77788,333.98062428487526,32952537894.992237,63.86482296596791,6301287697.300509,100.0,0.0,0.0
conventional,2022,testing,9866601.682522975,True,100.0,176074054.3788449,380.0,37493086393.5873,901.0814897974365,88906121433.25696,248.10636235483224,24479666522.548428,27.167288228733064,2680488117.4720426,99.99999999999999,0.0,0.0
conventional,2023,testing,9866601.682522975,True,100.0,165511919.97251216,380.0,37493086393.5873,910.9576011492959,89880558002.06735,151.49076432686127,14946990301.94101,30.780630383185603,3037002195.2785687,100.0,0.0,0.0
conventional,2024,testing,9866601.682522975,True,100.0,163631451.66623297,380.0,37493086393.5873,886.9288601397292,87509737837.32835,244.02832446055186,24077302767.057434,44.45258016550709,4385959022.534797,100.0,0.0,0.0
conventional,2025,testing,9866601.682522975,True,100.0,168021889.48246154,380.0,37493086393.5873,921.5475205447069,90925423167.3128,134.04342413641507,13225530741.154938,26.771544662330168,2641441676.090858,100.0,0.0,0.0
rain_95_available,1997,training,9866601.682522975,False,0.0,188801135.16955608,380.0,37493086393.5873,926.1918378686836,91383659458.542,189.32357088400005,18679802630.253326,43.44836444319559,4286877057.1810493,100.0,0.0,0.0
rain_95_available,1998,training,9866601.682522975,False,0.0,156258938.6044814,380.0,37493086393.5873,865.3402693470259,85379677574.9425,423.6203021042336,41796927854.925224,77.53927476421194,7650491388.501848,100.0,0.0,0.0
rain_95_available,1999,training,9866601.682522975,False,0.0,170789277.4134854,380.0,37493086393.5873,864.7082409500034,85317317850.48785,134.1846012338148,13239460123.022312,28.98744447645344,2860075684.4341683,100.0,0.0,0.0
rain_95_available,2000,training,9866601.682522975,False,0.0,167608550.0118662,380.0,37493086393.5873,883.4290201154312,87164422562.60536,258.8479165324099,25539492887.76242,50.86013279405885,5018166717.99203,100.0,0.0,0.0
rain_95_available,2001,training,9866601.682522975,False,0.0,178002469.1680998,380.0,37493086393.5873,941.771890573826,92920881200.88554,235.54306859060185,23240096368.626564,21.737995716243585,2144801451.0856616,99.99999999999999,0.0,0.0
rain_95_available,2002,training,9866601.682522975,False,0.0,169923282.50671685,380.0,37493086393.5873,882.6030874290573,87082931074.27509,119.64978351123828,11805367553.054934,59.031126043916196,5824366075.461293,100.0,0.0,0.0
rain_95_available,2003,training,9866601.682522975,True,100.0,141104897.84682462,277.87134580372236,27416458880.319305,756.734342798597,74663963398.79555,386.86026208292736,38169961127.686905,63.08546429517138,6224391481.57481,98.42529426324701,102.12865419627764,15.953965073884433
rain_95_available,2004,training,9866601.682522975,True,100.0,183647720.23075014,215.8603974615846,21298085607.84549,922.4339599945328,91012884616.98387,230.786746136302,22770808977.3244,16.939641312344218,1671366934.7371116,99.42744961704624,164.1396025384154,17.444080998016602
rain_95_available,2005,training,9866601.682522975,True,100.0,170748168.57079008,210.4146588479992,20760776270.171665,854.974323938619,84356911030.86722,221.79217061800526,21883350037.900333,60.81102669922061,5999981783.464796,95.92125917987688,169.5853411520008,41.591261535201966
rain_95_available,2006,training,9866601.682522975,True,100.0,169349654.8064662,214.0519437138753,21119652679.94635,840.8060110064795,82958980028.71962,108.70899026805428,10725883062.841581,14.827612619075039,1462981476.1516466,97.05265490556947,165.9480562861247,31.454180200658243
rain_95_available,2007,training,9866601.682522975,True,100.0,175034018.0277112,263.4728960822717,25995821197.84543,851.0470384275335,83969421412.55296,194.58665957361094,19199090627.45515,34.1774937688129,3372157175.237879,96.69624516077394,116.52710391772831,37.813901328557904
rain_95_available,2008,training,9866601.682522975,True,100.0,169139715.1797501,234.78655351874724,23165454039.81842,828.2891063040914,81723986898.754,167.57992143540193,16534443347.916046,16.151701738849734,1593624075.5214405,96.65913810334624,145.21344648125276,26.731118756780006
rain_95_available,2009,training,9866601.682522975,True,100.0,166701608.20188758,225.76723808589207,22275554111.56828,872.0403195818187,86040744844.13846,58.11498813123341,5733974396.754303,4.819631284016605,475533821.36018604,96.81395042982379,154.23276191410793,36.60893156047143
rain_95_available,2010,training,9866601.682522975,True,100.0,157745164.00983572,262.09240051855267,25859613199.32837,861.7068865529495,85021186167.04967,98.52666801588806,9721233884.189438,8.419455452666881,830714133.3521028,95.79549076502552,117.90759948144733,39.270436707494355
rain_95_available,2011,training,9866601.682522975,True,100.0,160108199.05865625,226.5553017305114,22353309212.387638,794.527568079795,78392870400.26991,69.7225755822528,6879248815.496907,4.63046143023069,456869185.3837186,92.87398048797704,153.4446982694886,59.395026628597634
rain_95_available,2012,training,9866601.682522975,True,100.0,163002172.91022545,245.98447222703663,24270308075.498055,844.7118604514275,83344354635.77167,73.96340556815875,7297674618.239243,3.7730825893488777,372275030.2436778,97.43115868428664,134.01552777296337,32.704613048123406
rain_95_available,2013,training,9866601.682522975,True,100.0,162221149.9901731,235.14483403451075,23200804151.214897,911.286294266728,89912988842.72224,58.504475323122854,5772403546.582479,9.495295207033411,936862956.657682,95.92623454416047,144.85516596548925,37.80372265164169
rain_95_available,2014,testing,9866601.682522975,False,0.0,150051647.9441801,251.09990746077065,24775027694.33803,803.1772722206648,79246302254.56625,42.618484158910285,4204996075.08883,8.368662535229328,825702598.5056067,92.41677469357887,128.90009253922935,64.14972681863878
rain_95_available,2015,testing,9866601.682522975,True,100.0,156842815.52543157,271.93452941797386,26830696854.91474,812.6891026696682,80184796677.68634,109.49470413976258,10803406320.927368,22.632759571114914,2233084236.6450033,95.00508112100157,108.06547058202614,41.20011105920355
rain_95_available,2016,testing,9866601.682522975,True,100.0,155427598.0984775,280.2664360206248,27652772891.95814,871.8182177509943,86018830941.16142,113.69930759988594,11218257796.667318,20.81297570709864,2053533411.2996924,94.85853422380342,99.73356397937522,35.45908880878301
rain_95_available,2017,testing,9866601.682522975,True,100.0,158805032.23200387,245.4294952476599,24215550707.513256,879.8326634453292,86809584374.88356,149.74160482922971,14774407701.517685,27.12575379207974,2676390080.046379,97.1652675888508,134.5705047523401,35.783104503946674
rain_95_available,2018,testing,9866601.682522975,False,0.0,153014697.7636652,238.435722909265,23525503048.301357,867.6138207357773,85603999834.51807,123.90248482629426,12224964652.558922,32.98562803366752,3254560530.560609,95.8110547304847,141.564277090735,32.20662716466336
rain_95_available,2019,testing,9866601.682522975,False,0.0,165399458.4197809,249.73203264388655,24640064934.640537,846.7181447921854,83542306720.29309,29.282962413810754,2889233262.213622,7.035204250233701,694135580.9224862,93.74722573959451,130.26796735611345,66.99097006491422
rain_95_available,2020,testing,9866601.682522975,True,100.0,150568351.41716167,281.74036809111635,27798199898.42451,783.9834097480274,77352520296.89986,131.82895316953503,13007037711.477768,44.87204815061301,4427346257.810903,93.49248750489569,98.25963190888365,42.34338477126789
rain_95_available,2021,testing,9866601.682522975,True,100.0,153903561.5963438,243.96150309452008,24070709769.032257,813.6931681651206,80283863820.75429,237.84639919599803,23467356824.892654,37.685815018884355,3718309258.7257395,96.98354150112682,136.03849690547992,31.0019630613225
rain_95_available,2022,testing,9866601.682522975,True,100.0,171676770.33047405,191.3161758207711,18876405022.470814,870.5281047164488,85891540626.7885,137.26088433505063,13542984723.24802,7.229832648842258,713338789.7742655,97.50259397167652,188.6838241792289,30.55338508098771
rain_95_available,2023,testing,9866601.682522975,True,100.0,159483072.70319915,282.2613738964073,27849605465.975384,878.1791441980486,86646438217.01051,91.36336101079621,9014458914.700758,18.635645913327146,1838704953.23336,96.3574543330086,97.73862610359271,32.778456951247335
rain_95_available,2024,testing,9866601.682522975,True,100.0,155607432.99816677,237.87401387828882,23470081455.60018,841.2064496831355,82998489717.92802,163.54686959571643,16136518187.244614,24.07773676318277,2375654380.589644,95.09628583847488,142.12598612171118,45.72241045659371
rain_95_available,2025,testing,9866601.682522975,True,100.0,154773422.53367433,208.73074859878136,20594631553.190163,845.8981582760276,83461401916.8934,74.21571423768678,7322568909.672047,13.900126630281083,1371470127.9761374,92.11503513643673,171.26925140121864,75.64936226867928
rain_95_matched,1997,training,9866601.682522975,False,0.0,188801135.16955608,380.0,37493086393.5873,926.1918378686836,91383659458.542,189.32357088400005,18679802630.253326,43.44836444319559,4286877057.1810493,100.0,0.0,0.0
rain_95_matched,1998,training,9866601.682522975,False,0.0,156258938.6044814,380.0,37493086393.5873,865.3402693470259,85379677574.9425,423.6203021042336,41796927854.925224,77.53927476421194,7650491388.501848,100.0,0.0,0.0
rain_95_matched,1999,training,9866601.682522975,False,0.0,170789277.4134854,380.0,37493086393.5873,864.7082409500034,85317317850.48785,134.1846012338148,13239460123.022312,28.98744447645344,2860075684.4341683,100.0,0.0,0.0
rain_95_matched,2000,training,9866601.682522975,False,0.0,167608550.0118662,380.0,37493086393.5873,883.4290201154312,87164422562.60536,258.8479165324099,25539492887.76242,50.86013279405885,5018166717.99203,100.0,0.0,0.0
rain_95_matched,2001,training,9866601.682522975,False,0.0,178002469.1680998,380.0,37493086393.5873,941.771890573826,92920881200.88554,235.54306859060185,23240096368.626564,21.737995716243585,2144801451.0856616,99.99999999999999,0.0,0.0
rain_95_matched,2002,training,9866601.682522975,False,0.0,169923282.50671685,380.0,37493086393.5873,882.6030874290573,87082931074.27509,119.64978351123828,11805367553.054934,59.031126043916196,5824366075.461293,100.0,0.0,0.0
rain_95_matched,2003,training,9866601.682522975,True,100.0,141104897.84682462,277.87134580372236,27416458880.319305,756.734342798597,74663963398.79555,386.86026208292736,38169961127.686905,63.08546429517138,6224391481.57481,98.42529426324701,102.12865419627764,15.953965073884433
rain_95_matched,2004,training,9866601.682522975,True,100.0,183647720.23075014,215.8603974615846,21298085607.84549,922.4339599945328,91012884616.98387,230.786746136302,22770808977.3244,16.939641312344218,1671366934.7371116,99.42744961704624,164.1396025384154,17.444080998016602
rain_95_matched,2005,training,9866601.682522975,True,100.0,170748168.57079008,210.4146588479992,20760776270.171665,854.974323938619,84356911030.86722,221.79217061800526,21883350037.900333,60.81102669922061,5999981783.464796,95.92125917987688,169.5853411520008,41.591261535201966
rain_95_matched,2006,training,9866601.682522975,True,100.0,169349654.8064662,214.0519437138753,21119652679.94635,840.8060110064795,82958980028.71962,108.70899026805428,10725883062.841581,14.827612619075039,1462981476.1516466,97.05265490556947,165.9480562861247,31.454180200658243
rain_95_matched,2007,training,9866601.682522975,True,100.0,175034018.0277112,263.4728960822717,25995821197.84543,851.0470384275335,83969421412.55296,194.58665957361094,19199090627.45515,34.1774937688129,3372157175.237879,96.69624516077394,116.52710391772831,37.813901328557904
rain_95_matched,2008,training,9866601.682522975,True,100.0,169139715.1797501,234.78655351874724,23165454039.81842,828.2891063040914,81723986898.754,167.57992143540193,16534443347.916046,16.151701738849734,1593624075.5214405,96.65913810334624,145.21344648125276,26.731118756780006
rain_95_matched,2009,training,9866601.682522975,True,100.0,166701608.20188758,225.76723808589207,22275554111.56828,872.0403195818187,86040744844.13846,58.11498813123341,5733974396.754303,4.819631284016605,475533821.36018604,96.81395042982379,154.23276191410793,36.60893156047143
rain_95_matched,2010,training,9866601.682522975,True,100.0,157745164.00983572,262.09240051855267,25859613199.32837,861.7068865529495,85021186167.04967,98.52666801588806,9721233884.189438,8.419455452666881,830714133.3521028,95.79549076502552,117.90759948144733,39.270436707494355
rain_95_matched,2011,training,9866601.682522975,True,100.0,160108199.05865625,226.5553017305114,22353309212.387638,794.527568079795,78392870400.26991,69.7225755822528,6879248815.496907,4.63046143023069,456869185.3837186,92.87398048797704,153.4446982694886,59.395026628597634
rain_95_matched,2012,training,9866601.682522975,True,100.0,163002172.91022545,245.98447222703663,24270308075.498055,844.7118604514275,83344354635.77167,73.96340556815875,7297674618.239243,3.7730825893488777,372275030.2436778,97.43115868428664,134.01552777296337,32.704613048123406
rain_95_matched,2013,training,9866601.682522975,True,100.0,162221149.9901731,235.14483403451075,23200804151.214897,911.286294266728,89912988842.72224,58.504475323122854,5772403546.582479,9.495295207033411,936862956.657682,95.92623454416047,144.85516596548925,37.80372265164169
rain_95_matched,2014,testing,9866601.682522975,False,0.0,158465707.4860314,380.0,37493086393.5873,856.1860267293509,84476464918.80475,71.07685895200858,7012870561.2433605,19.030293136948227,1877643222.839188,97.59899198736628,0.0,11.140972309952645
rain_95_matched,2015,testing,9866601.682522975,True,100.0,161804013.8072848,271.93452941797386,26830696854.91474,829.8608536319603,81879064947.0505,121.71222542110827,12008860481.235226,22.78663335256638,2248266349.754656,98.01024934401407,108.06547058202614,24.028360096911456
rain_95_matched,2016,testing,9866601.682522975,True,100.0,156769823.09891364,280.2664360206248,27652772891.95814,875.6262158481103,86394550945.4819,115.83722328417684,11429197421.544487,20.844274279656418,2056621516.786284,95.67770339129737,99.73356397937522,31.651090711667052
rain_95_matched,2017,testing,9866601.682522975,True,100.0,158936628.14954668,245.4294952476599,24215550707.513256,880.3179790017525,86857468527.73917,150.09364925504383,14809142522.75829,27.129428216807113,2676752620.8983536,97.2457848896059,134.5705047523401,35.29778894752337
rain_95_matched,2018,testing,9866601.682522975,False,0.0,156556589.49039128,380.0,37493086393.5873,888.371243045229,87652052013.35083,198.8890337953699,19623588754.807655,61.67082171781717,6084814333.235893,98.02883110777718,0.0,11.449204855211633
rain_95_matched,2019,testing,9866601.682522975,False,0.0,175756265.16726565,380.0,37493086393.5873,911.0784453648254,89892481219.47003,63.951704242852145,6309859926.827366,21.706025734892027,2141647100.3677268,99.61738945943951,0.0,2.630669492274251
rain_95_matched,2020,testing,9866601.682522975,True,100.0,156417871.86068568,281.74036809111635,27798199898.42451,799.6350765125903,78896807913.2351,145.09689871261898,14316133049.667921,45.93572329827789,4532294847.826984,97.12463338301988,98.25963190888365,26.691718006704946
rain_95_matched,2021,testing,9866601.682522975,True,100.0,154477386.91060328,243.96150309452008,24070709769.032257,815.4822294909545,80460383375.63039,239.5538194228465,23635821177.722622,38.070219139723726,3756236882.1801653,97.34514204241805,136.03849690547992,29.212901735488572
rain_95_matched,2022,testing,9866601.682522975,True,100.0,171678284.25867084,191.3161758207711,18876405022.470814,870.5383305206417,85892549566.15706,137.5010977828343,13566685627.328691,7.230095350721003,713364709.5222539,97.50345379636912,188.6838241792289,30.543159276794768
rain_95_matched,2023,testing,9866601.682522975,True,100.0,159482888.69242212,282.2613738964073,27849605465.975384,878.1783336501774,86646358243.48062,91.33981788069286,9012136007.829863,18.66531161784489,1841631950.13444,96.35734315625646,97.73862610359271,32.77926749911853
rain_95_matched,2024,testing,9866601.682522975,True,100.0,155607139.82966977,237.87401387828882,23470081455.60018,841.2053768306959,82998383863.85117,163.40374966372661,16122397113.62688,24.21953481500445,2389645029.556467,95.09610667457088,142.12598612171118,45.72348330903333
rain_95_matched,2025,testing,9866601.682522975,True,100.0,154773419.44997773,208.73074859878136,20594631553.190163,845.8979423761162,83461380614.90912,74.20586521263107,7321597145.600187,13.907135060368976,1372161621.8571079,92.11503330114216,171.26925140121864,75.64957816859066
rain_98_available,1997,training,9866601.682522975,False,0.0,188801135.16955608,380.0,37493086393.5873,926.1918378686836,91383659458.542,189.32357088400005,18679802630.253326,43.44836444319559,4286877057.1810493,100.0,0.0,0.0
rain_98_available,1998,training,9866601.682522975,False,0.0,156258938.6044814,380.0,37493086393.5873,865.3402693470259,85379677574.9425,423.6203021042336,41796927854.925224,77.53927476421194,7650491388.501848,100.0,0.0,0.0
rain_98_available,1999,training,9866601.682522975,False,0.0,170789277.4134854,380.0,37493086393.5873,864.7082409500034,85317317850.48785,134.1846012338148,13239460123.022312,28.98744447645344,2860075684.4341683,100.0,0.0,0.0
rain_98_available,2000,training,9866601.682522975,False,0.0,167608550.0118662,380.0,37493086393.5873,883.4290201154312,87164422562.60536,258.8479165324099,25539492887.76242,50.86013279405885,5018166717.99203,100.0,0.0,0.0
rain_98_available,2001,training,9866601.682522975,False,0.0,178002469.1680998,380.0,37493086393.5873,941.771890573826,92920881200.88554,235.54306859060185,23240096368.626564,21.737995716243585,2144801451.0856616,99.99999999999999,0.0,0.0
rain_98_available,2002,training,9866601.682522975,False,0.0,169923282.50671685,380.0,37493086393.5873,882.6030874290573,87082931074.27509,119.64978351123828,11805367553.054934,59.031126043916196,5824366075.461293,100.0,0.0,0.0
rain_98_available,2003,training,9866601.682522975,True,100.0,143362434.32279682,372.87134580372236,36789730478.71613,772.5111996028951,76220603017.69766,436.76481647153827,43093844730.64918,78.43601870281411,7738969541.035892,99.99999999882526,7.128654196277637,0.17710826958636972
rain_98_available,2004,training,9866601.682522975,True,100.0,184630539.62549677,310.8603974615846,30671357206.242313,934.5977670606849,92213039009.63168,315.09399896981887,31089069803.885075,26.11992655018581,2577149112.474398,99.95955110859235,69.13960253841537,5.280273931864485
rain_98_available,2005,training,9866601.682522975,True,100.0,176536427.54960525,305.41465884799925,30134047868.568497,883.5005947620983,87171484547.89767,271.5734420781682,26795069805.370102,69.29971382201921,6837526729.946955,99.17293147806024,74.58534115200075,13.064990711722658
rain_98_available,2006,training,9866601.682522975,True,100.0,173668668.4660144,309.05194371387535,30492924278.34318,864.15974512854,85263199952.53877,160.195742154933,15805875790.788784,20.291781024748722,2002109208.0017352,99.52784000536553,70.94805628612465,8.10044607859777
rain_98_available,2007,training,9866601.682522975,True,100.0,180524845.46917957,358.4728960822717,35369092796.242256,884.7116691136449,87290976430.24399,250.1308772285325,24679417341.139866,41.9508594542309,4139124204.7439947,99.72961205938259,21.52710391772831,4.149270642446481
rain_98_available,2008,training,9866601.682522975,True,100.0,174480423.72570246,329.7865535187472,32538725638.21525,850.9961417075557,83964399635.9233,240.0734772222008,23687093742.897076,24.014726694048527,2369437428.048286,99.71122013129762,50.21344648125279,4.024083353315746
rain_98_available,2009,training,9866601.682522975,True,100.0,171781151.8375541,320.7672380858921,31648825709.965103,902.5477967769051,89050796102.36417,108.7485242075481,10729783719.180847,6.469078475645005,638278205.7217216,99.76395607796353,59.232761914107925,6.101454365385052
rain_98_available,2010,training,9866601.682522975,True,100.0,164365582.58072406,357.09240051855267,35232884797.7252,896.7839609476218,88482101379.45422,160.08100438091188,15794555071.646729,18.651608040630823,1840279872.7544713,99.81593887225621,22.907599481447335,4.193362312822046
rain_98_available,2011,training,9866601.682522975,True,100.0,170230960.67985904,321.55530173051136,31726580810.784462,839.9868644984747,82878158105.57848,102.28276818171706,10091833326.34837,8.896626406579564,877794690.7193625,98.7458919254894,58.44469826948864,13.935730209917892
rain_98_available,2012,training,9866601.682522975,True,100.0,166928090.71581367,340.98447222703663,33643579673.894882,871.1214463945714,85950083286.78526,141.83310094597076,13994107124.309658,11.639000447458544,1148373813.9778013,99.77779440004733,39.01552777296337,6.295027104979454
rain_98_available,2013,training,9866601.682522975,True,100.0,168225787.23035145,330.1448340345108,32574075749.61172,941.1334383068514,92857887658.77013,117.48064615183229,11591347409.855547,16.592413685029005,1637107367.818244,99.47695675448162,49.85516596548922,7.956578611518239
rain_98_available,2014,testing,9866601.682522975,False,0.0,160836213.86507252,346.0999074607706,34148299292.73485,856.7133040699879,84528489273.7676,66.86239610708915,6597046299.277234,14.822813040881995,1462507920.888898,99.05898630894167,33.90009253922938,10.613694969315702
rain_98_available,2015,testing,9866601.682522975,True,100.0,163650519.53712276,366.93452941797386,36203968453.31157,849.2808489067609,83795158527.57986,162.26651021820444,16010190227.360676,34.35371204750676,3389543930.8884,99.12874129448028,13.065470582026137,4.608364822110843
rain_98_available,2016,testing,9866601.682522975,True,100.0,163285899.32707515,375.2664360206247,37026044490.354965,905.1144798532458,89304040497.95943,174.42738408839483,17210055213.246376,32.30381449106564,3187288704.0945826,99.65450961783601,4.733563979375276,2.1628267065315185
rain_98_available,2017,testing,9866601.682522975,True,100.0,162888631.31697464,340.4294952476599,33588822305.91008,907.4933829724467,89538757393.14409,192.06793605098116,18950578209.99326,40.80243871373706,4025814104.639987,99.66382819640822,39.57050475234013,8.122384976829153
rain_98_available,2018,testing,9866601.682522975,False,0.0,158582701.45734352,333.43572290926505,32898774646.69819,893.8670947971249,88194305814.77235,188.88768701523063,18636795705.123478,44.686362763328965,4409025420.2649355,99.29749305589657,46.56427709073495,5.953353103315749
rain_98_available,2019,testing,9866601.682522975,False,0.0,175010621.028199,344.73203264388655,34013336533.03736,902.092171192335,89005841340.77095,52.7339547083042,5203049262.510447,15.79236348955152,1558169601.770234,99.19476371390002,35.267967356113445,11.616943664764676
rain_98_available,2020,testing,9866601.682522975,True,100.0,159720681.50066778,376.74036809111635,37171471496.821335,822.1936868266341,81122576138.03436,178.74467587982534,17636025197.779087,60.242127767963275,5943850791.9415045,99.17544875086273,3.259631908883648,4.133107692661156
rain_98_available,2021,testing,9866601.682522975,True,100.0,158502073.6395957,338.9615030945201,33443981367.429085,840.8962906293889,82967887559.51257,309.55023982133383,30542089170.465626,49.79321946580891,4912898629.59586,99.88133008356303,41.03849690547992,3.798840597054209
rain_98_available,2022,testing,9866601.682522975,True,100.0,175345881.63997853,286.3161758207711,28249676620.867638,889.9107793314249,87803951926.46768,189.18644995521336,18666273454.386566,14.673015041765934,1447727948.987727,99.58643950045041,93.6838241792289,11.170710466011542
rain_98_available,2023,testing,9866601.682522975,True,100.0,164339131.64545506,377.2613738964073,37222877064.37221,907.2519944875885,89514940552.83566,143.21010827219874,14129970952.327736,30.721584803525857,3031176403.122405,99.29141760469464,2.7386261035927078,3.7056066617074066
rain_98_available,2024,testing,9866601.682522975,True,100.0,163264965.89148867,332.87401387828885,32843353053.997005,880.508412667419,86876257858.99991,212.15565287842438,20932553216.470222,34.67367843898217,3421113740.2532206,99.77602974794122,47.12598612171115,6.420447472310229
rain_98_available,2025,testing,9866601.682522975,True,100.0,165634603.47984204,303.73074859878136,29967903151.58699,900.710589920245,88869526219.7335,104.59126140450195,10319603157.508593,17.449164080812125,1721639516.7836037,98.57918155189613,76.26925140121864,20.836930624461957
rain_98_matched,1997,training,9866601.682522975,False,0.0,188801135.16955608,380.0,37493086393.5873,926.1918378686836,91383659458.542,189.32357088400005,18679802630.253326,43.44836444319559,4286877057.1810493,100.0,0.0,0.0
rain_98_matched,1998,training,9866601.682522975,False,0.0,156258938.6044814,380.0,37493086393.5873,865.3402693470259,85379677574.9425,423.6203021042336,41796927854.925224,77.53927476421194,7650491388.501848,100.0,0.0,0.0
rain_98_matched,1999,training,9866601.682522975,False,0.0,170789277.4134854,380.0,37493086393.5873,864.7082409500034,85317317850.48785,134.1846012338148,13239460123.022312,28.98744447645344,2860075684.4341683,100.0,0.0,0.0
rain_98_matched,2000,training,9866601.682522975,False,0.0,167608550.0118662,380.0,37493086393.5873,883.4290201154312,87164422562.60536,258.8479165324099,25539492887.76242,50.86013279405885,5018166717.99203,100.0,0.0,0.0
rain_98_matched,2001,training,9866601.682522975,False,0.0,178002469.1680998,380.0,37493086393.5873,941.771890573826,92920881200.88554,235.54306859060185,23240096368.626564,21.737995716243585,2144801451.0856616,99.99999999999999,0.0,0.0
rain_98_matched,2002,training,9866601.682522975,False,0.0,169923282.50671685,380.0,37493086393.5873,882.6030874290573,87082931074.27509,119.64978351123828,11805367553.054934,59.031126043916196,5824366075.461293,100.0,0.0,0.0
rain_98_matched,2003,training,9866601.682522975,True,100.0,143362434.32279682,372.87134580372236,36789730478.71613,772.5111996028951,76220603017.69766,436.76481647153827,43093844730.64918,78.43601870281411,7738969541.035892,99.99999999882526,7.128654196277637,0.17710826958636972
rain_98_matched,2004,training,9866601.682522975,True,100.0,184630539.62549677,310.8603974615846,30671357206.242313,934.5977670606849,92213039009.63168,315.09399896981887,31089069803.885075,26.11992655018581,2577149112.474398,99.95955110859235,69.13960253841537,5.280273931864485
rain_98_matched,2005,training,9866601.682522975,True,100.0,176536427.54960525,305.41465884799925,30134047868.568497,883.5005947620983,87171484547.89767,271.5734420781682,26795069805.370102,69.29971382201921,6837526729.946955,99.17293147806024,74.58534115200075,13.064990711722658
rain_98_matched,2006,training,9866601.682522975,True,100.0,173668668.4660144,309.05194371387535,30492924278.34318,864.15974512854,85263199952.53877,160.195742154933,15805875790.788784,20.291781024748722,2002109208.0017352,99.52784000536553,70.94805628612465,8.10044607859777
rain_98_matched,2007,training,9866601.682522975,True,100.0,180524845.46917957,358.4728960822717,35369092796.242256,884.7116691136449,87290976430.24399,250.1308772285325,24679417341.139866,41.9508594542309,4139124204.7439947,99.72961205938259,21.52710391772831,4.149270642446481
rain_98_matched,2008,training,9866601.682522975,True,100.0,174480423.72570246,329.7865535187472,32538725638.21525,850.9961417075557,83964399635.9233,240.0734772222008,23687093742.897076,24.014726694048527,2369437428.048286,99.71122013129762,50.21344648125279,4.024083353315746
rain_98_matched,2009,training,9866601.682522975,True,100.0,171781151.8375541,320.7672380858921,31648825709.965103,902.5477967769051,89050796102.36417,108.7485242075481,10729783719.180847,6.469078475645005,638278205.7217216,99.76395607796353,59.232761914107925,6.101454365385052
rain_98_matched,2010,training,9866601.682522975,True,100.0,164365582.58072406,357.09240051855267,35232884797.7252,896.7839609476218,88482101379.45422,160.08100438091188,15794555071.646729,18.651608040630823,1840279872.7544713,99.81593887225621,22.907599481447335,4.193362312822046
rain_98_matched,2011,training,9866601.682522975,True,100.0,170230960.67985904,321.55530173051136,31726580810.784462,839.9868644984747,82878158105.57848,102.28276818171706,10091833326.34837,8.896626406579564,877794690.7193625,98.7458919254894,58.44469826948864,13.935730209917892
rain_98_matched,2012,training,9866601.682522975,True,100.0,166928090.71581367,340.98447222703663,33643579673.894882,871.1214463945714,85950083286.78526,141.83310094597076,13994107124.309658,11.639000447458544,1148373813.9778013,99.77779440004733,39.01552777296337,6.295027104979454
rain_98_matched,2013,training,9866601.682522975,True,100.0,168225787.23035145,330.1448340345108,32574075749.61172,941.1334383068514,92857887658.77013,117.48064615183229,11591347409.855547,16.592413685029005,1637107367.818244,99.47695675448162,49.85516596548922,7.956578611518239
rain_98_matched,2014,testing,9866601.682522975,False,0.0,161890229.41861293,380.0,37493086393.5873,865.9550431957746,85440334861.84685,76.63837933210631,7561603624.639941,19.328332481311083,1907049577.804674,99.70815424058151,0.0,1.3719558435290082
rain_98_matched,2015,testing,9866601.682522975,True,100.0,165003292.04215863,366.93452941797386,36203968453.31157,853.3179170994324,84193479965.8026,163.6398621919596,16145693396.310162,34.388941935759114,3393019923.635458,99.94816207029741,13.065470582026137,0.5712966294393027
rain_98_matched,2016,testing,9866601.682522975,True,100.0,163797801.47063166,375.2664360206247,37026044490.354965,906.9595626615695,89486087469.36943,176.63817449219914,17428185096.42519,32.30547081063946,3187452126.5495214,99.96692702373987,4.733563979375276,0.3177438982078229
rain_98_matched,2017,testing,9866601.682522975,True,100.0,162946465.36664852,340.4294952476599,33588822305.91008,907.7355831133566,89562654316.32217,192.59387959356266,19002470964.414726,40.79573168309428,4025152348.641739,99.69921410851269,39.57050475234013,7.8801848359192945
rain_98_matched,2018,testing,9866601.682522975,False,0.0,158629049.31289846,380.0,37493086393.5873,895.7506850657344,88380152163.90683,215.52576414085112,21265068670.991714,61.89813204997167,6107242138.292798,99.32651403878327,0.0,4.069762834706239
rain_98_matched,2019,testing,9866601.682522975,False,0.0,176040470.77728382,380.0,37493086393.5873,912.1923567547813,90002386419.41322,64.76641672161247,6390244361.964457,21.62298393875637,2133453697.1130085,99.7784751590747,0.0,1.516758102318363
rain_98_matched,2020,testing,9866601.682522975,True,100.0,160886942.25855586,376.74036809111635,37171471496.821335,825.2160455059757,81420780230.34216,182.8450342785511,18040591228.53723,60.504075333509434,5969696114.851009,99.89961567112212,3.259631908883648,1.1107490133196052
rain_98_matched,2021,testing,9866601.682522975,True,100.0,158577855.29026893,338.9615030945201,33443981367.429085,841.1646348766226,82994364017.52509,310.21675957429164,30607852019.625313,49.673163778879335,4901053213.169302,99.92908448759931,41.03849690547992,3.5304963498205097
rain_98_matched,2022,testing,9866601.682522975,True,100.0,175345946.9551702,286.3161758207711,28249676620.867638,889.9124224002198,87804114041.52106,189.2380962375465,18671369187.34821,14.669788257499869,1447409575.0370398,99.58647659574643,93.6838241792289,11.169067397216622
rain_98_matched,2023,testing,9866601.682522975,True,100.0,164338942.35607648,377.2613738964073,37222877064.37221,907.2487933933087,89514624713.61359,143.1764447434633,14126649506.035128,30.756570975345955,3034628349.339857,99.29130323868486,2.7386261035927078,3.708807755987209
rain_98_matched,2024,testing,9866601.682522975,True,100.0,163264967.55148268,332.87401387828885,32843353053.997005,880.5082949649928,86876246245.77034,212.169393775156,20933908976.018337,34.65881570454921,3419647293.44759,99.77603076241246,47.12598612171115,6.420565174736339
rain_98_matched,2025,testing,9866601.682522975,True,100.0,165634826.95252958,303.73074859878136,29967903151.58699,900.7132849071552,88869792123.35733,104.61781006251867,10322222607.847158,17.418396491922973,1718603801.3405948,98.57931455402355,76.26925140121864,20.83423563755173
