period,relative_class,class_available,quota_fraction,n_representative_years,n_unique_representatives,n_harvest_years,total_class_area_year_ha,mean_annual_class_area_ha,mean_yield_kg_ha,mean_full_yield_kg_ha,paired_delta_yield_kg_ha,annual_mean_yield_kg_ha_minimum,annual_mean_yield_kg_ha_maximum,annual_mean_yield_kg_ha_std_ddof1,mean_crop_et_mm,mean_full_crop_et_mm,paired_delta_crop_et_mm,annual_mean_crop_et_mm_minimum,annual_mean_crop_et_mm_maximum,annual_mean_crop_et_mm_std_ddof1,mean_modeled_total_et_mm,mean_full_modeled_total_et_mm,paired_delta_modeled_total_et_mm,annual_mean_modeled_total_et_mm_minimum,annual_mean_modeled_total_et_mm_maximum,annual_mean_modeled_total_et_mm_std_ddof1,mean_irrigation_mm,mean_full_irrigation_mm,paired_delta_irrigation_mm,annual_mean_irrigation_mm_minimum,annual_mean_irrigation_mm_maximum,annual_mean_irrigation_mm_std_ddof1,mean_annual_bottom_drainage_mm,mean_full_annual_bottom_drainage_mm,paired_delta_annual_bottom_drainage_mm,annual_mean_annual_bottom_drainage_mm_minimum,annual_mean_annual_bottom_drainage_mm_maximum,annual_mean_annual_bottom_drainage_mm_std_ddof1,mean_annual_runoff_mm,mean_full_annual_runoff_mm,paired_delta_annual_runoff_mm,annual_mean_annual_runoff_mm_minimum,annual_mean_annual_runoff_mm_maximum,annual_mean_annual_runoff_mm_std_ddof1,grain_retention_pct,area_weighted_mean_paired_grain_retention_pct,annual_grain_retention_pct_minimum,annual_grain_retention_pct_maximum,annual_grain_retention_pct_std_ddof1,field_irrigation_reduction_pct
testing,lower_storage_dry,True,0.0,174,32,9,55410278.787301674,6156697.643033519,11227.954478456446,16571.308344771205,-5343.353866314761,9308.184884116552,14262.958725889504,1661.568799358255,614.9494951294084,852.905136149698,-237.95564102028953,520.3148058913757,705.1473904994637,66.53180057923554,635.7372275836194,876.0992803860274,-240.36205280240821,539.645996795824,729.687851036212,70.02216968141764,0.0,380.0,-380.0,0.0,0.0,0.0,39.84896408555115,169.37903471721054,-129.5300706316594,11.825274413060766,101.75320723939548,29.796601872548084,13.483755182899271,36.89416455344855,-23.410409370549285,0.0,31.20503984775662,9.801459568718226,67.7553892840286,68.06209616382051,56.589335629975714,76.92327291801854,8.012804990632365,100.0
testing,lower_storage_dry,True,0.25,174,32,9,55410278.787301674,6156697.643033519,12651.26518627405,16571.308344771205,-3920.0431584971575,10583.640268072797,15704.305078338944,1552.1175462105484,697.4924949532543,852.905136149698,-155.41264119644356,629.1682172333798,774.4400795448266,55.888800535553926,718.6490763324814,876.0992803860274,-157.45020405354623,648.5796336719739,799.2225280669056,59.49826150601606,95.0,380.0,-285.00000000000006,94.99999999999997,95.00000000000001,1.1234667099445444e-14,51.20088413486699,169.37903471721054,-118.17815058234355,18.992328848250867,102.9743427440143,31.82777463095045,15.624269580291376,36.89416455344855,-21.269894973157182,0.0,32.89019481888253,10.685915070854408,76.34439552424321,76.60991597495554,64.34349755330862,84.218430415462,7.010394191731387,75.0
testing,lower_storage_dry,True,0.5,174,32,9,55410278.787301674,6156697.643033519,14416.836258268904,16571.308344771205,-2154.472086502302,12666.737853099337,17510.245728391554,1458.496951226215,764.5494359053805,852.905136149698,-88.35570024431742,713.0941858084163,831.9342764851432,48.70652182564506,786.2064732918993,876.0992803860274,-89.89280709412823,726.3944110900854,857.0129940722039,52.62581199921527,190.0,380.0,-190.0,189.99999999999994,190.00000000000003,2.2469334198890888e-14,77.73190100265433,169.37903471721054,-91.64713371455622,40.322704444688185,143.4987942431991,37.48756378371632,18.40834819713709,36.89416455344855,-18.485816356311464,0.0,38.24432668263789,12.22922186192199,86.99878101548869,87.11423597507694,77.09484953578063,93.90325799695705,6.010622888898321,50.0
testing,lower_storage_dry,True,0.75,174,32,9,55410278.787301674,6156697.643033519,15805.136407194927,16571.308344771205,-766.1719375762791,14799.091924097267,18554.815906782726,1090.1890638568582,817.4407030107723,852.905136149698,-35.46443313892561,764.7526185987091,870.4595867944926,37.78366398507142,839.7694838103736,876.0992803860274,-36.32979657565395,786.6586933844652,895.9082512999355,41.01042141939566,285.00000000000006,380.0,-95.0,284.99999999999994,285.0,4.0194366942304644e-14,117.1820439383629,169.37903471721054,-52.19699077884766,80.06907326199311,188.08109588657035,41.81914724799661,24.428421306801788,36.89416455344855,-12.465743246646772,0.0,47.11505960202438,15.411889532695648,95.37651510891094,95.39148783716387,90.0732120918803,99.5050379193456,3.0112089653543004,25.0
testing,lower_storage_dry,True,1.0,174,32,9,55410278.787301674,6156697.643033519,16571.308344771205,16571.308344771205,0.0,16240.215091342703,18647.112040520442,744.2025403693874,852.905136149698,852.905136149698,0.0,801.8329364027919,889.9551503764576,30.956809525617068,876.0992803860274,876.0992803860274,0.0,824.4761837184012,915.7805271294004,32.24258382018278,380.0,380.0,0.0,379.9999999999999,380.00000000000006,4.4938668397781776e-14,169.37903471721054,169.37903471721054,0.0,109.98653452249052,252.97053718061844,52.396597676880006,36.89416455344855,36.89416455344855,0.0,0.0,67.65841284780403,21.29054222846985,100.0,100.0,100.0,100.0,0.0,0.0
testing,lower_storage_wet,True,0.0,114,32,9,33389136.35540508,3709904.0394894537,13834.131766895396,16985.657320656886,-3151.5255537614876,12167.556142054702,15613.891036367504,1116.2741899316115,722.3561484821503,883.3127207773049,-160.95657229515444,639.8371761661313,772.3459228587766,38.70090510583066,737.8284799128303,900.7519908658983,-162.92351095306807,655.9983303086202,794.4097379918262,41.857727392582404,0.0,380.00000000000006,-380.00000000000006,0.0,0.0,0.0,108.28147294809422,268.09065289641205,-159.8091799483178,27.305276944683904,339.7223712598583,98.13641743974624,16.57763077503584,47.83283570212789,-31.25520492709204,0.0,78.03016862711125,29.686774456157867,81.44596058741392,81.95709113721327,68.21767269082311,101.06516659620827,9.998267971615373,100.0
testing,lower_storage_wet,True,0.25,114,32,9,33389136.35540508,3709904.0394894537,15124.36735583738,16985.657320656886,-1861.2899648195028,13883.391879138931,16141.316603781512,771.7703692965338,791.886321123515,883.3127207773049,-91.4263996537899,707.4306990652733,809.465489318467,29.30756382391742,807.7627510722451,900.7519908658983,-92.98923979365321,724.0139733404312,830.2228341889796,31.234253156456074,95.00000000000001,380.00000000000006,-285.0,94.99999999999999,95.00000000000001,8.702335715267317e-15,126.46141975145652,268.09065289641205,-141.6292331449555,18.728150277813796,397.7044470755093,120.13211575798209,19.338451931091928,47.83283570212789,-28.494383771035952,0.0,79.93921058825781,32.3813308303084,89.04199037057033,89.37953407157082,77.83826372572331,100.01354927384712,7.149465082051258,75.0
testing,lower_storage_wet,True,0.5,114,32,9,33389136.35540508,3709904.0394894537,16329.40191227993,16985.657320656886,-656.2554083769546,14667.385098867533,17377.84994604294,768.149042958282,838.140181094307,883.3127207773049,-45.17253968299786,775.2981724238258,849.1812590384103,24.41500976063462,854.509136154365,900.7519908658983,-46.242854711533234,792.3447999005434,870.3183309706197,23.238617753496268,190.00000000000003,380.00000000000006,-190.00000000000003,189.99999999999997,190.00000000000003,1.7404671430534633e-14,163.7460828357163,268.09065289641205,-104.34457006069573,18.636763500476203,464.5024679805183,143.07523308460804,23.865370437058697,47.83283570212789,-23.967465265069187,0.0,80.35504664346044,34.525885823308904,96.13641441135834,96.23314372588902,89.9882955790409,99.99999998466845,3.2960939270843603,50.0
testing,lower_storage_wet,True,0.75,114,32,9,33389136.35540508,3709904.0394894537,16827.440790007877,16985.657320656886,-158.21653064900667,15128.339354421212,17961.326108048605,993.625494827757,867.2651765418651,883.3127207773049,-16.047544235439673,811.6587245145821,897.684102645229,29.16353256661294,884.1803855635425,900.7519908658983,-16.571605302355835,836.7857184363855,902.247253090678,25.38806093382723,285.0,380.00000000000006,-95.00000000000001,284.9999999999999,285.0,4.9227844771419234e-14,213.5580404740741,268.09065289641205,-54.53261242233793,44.26739824354614,542.5673496339643,161.31709590387743,31.87082051930312,47.83283570212789,-15.962015182824763,0.0,90.62781169208316,40.13251783218536,99.06852865531087,99.07747095037955,97.53188822251133,99.9999999953045,0.8162436466018912,25.0
testing,lower_storage_wet,True,1.0,114,32,9,33389136.35540508,3709904.0394894537,16985.657320656886,16985.657320656886,0.0,15225.365503373967,18284.53037727173,1075.1122824077308,883.3127207773049,883.3127207773049,0.0,813.2201954701922,927.3066806523865,35.63813821766158,900.7519908658983,900.7519908658983,0.0,838.5839616376588,932.5449151034917,31.190756065634528,380.00000000000006,380.00000000000006,0.0,379.99999999999994,380.00000000000006,3.4809342861069267e-14,268.09065289641205,268.09065289641205,0.0,108.79517010214033,619.951589100456,168.04618797142362,47.83283570212789,47.83283570212789,0.0,0.0,127.03106907322756,52.96912181286653,100.0,100.0,99.99999999999999,100.0,5.0242958677880805e-15,0.0
testing,missing_storage,False,0.0,96,32,3,29599805.04756892,9866601.682522973,11132.213373055809,16841.32814012356,-5709.1147670677565,10111.442135402178,12373.50798999539,1147.0433310201943,599.8026036598806,869.3962586325374,-269.59365497265713,541.2053496809655,680.8706020940407,72.49342349607798,620.9058105728386,893.6188539322812,-272.71304335944274,563.46327659011,706.1203302489467,75.27430591955016,0.0,380.00000000000006,-380.00000000000006,0.0,0.0,0.0,27.478846846996866,121.56684669165172,-94.08799984465486,12.991815398164908,56.29949416097432,24.95953060021034,10.624760134452643,34.25917617211095,-23.634416037658305,4.717468032968576,22.427628857679274,10.221585830310651,66.1005668937351,66.23415141361698,61.02165136026279,76.44391331837518,8.784223758612566,100.0
testing,missing_storage,False,0.25,96,32,3,29599805.04756892,9866601.682522973,12646.209686262626,16841.32814012356,-4195.118453860938,11746.79295060914,13458.37223599577,859.1192479869237,688.2039226760313,869.3962586325374,-181.19233595650613,634.5542977274271,756.814267734804,62.48793824581094,709.8073278812492,893.6188539322812,-183.81152605103222,657.2026489562767,782.6448773115801,65.12269151648282,95.00000000000001,380.00000000000006,-285.0,95.0,95.0,0.0,36.36919810222688,121.56684669165172,-85.19764858942484,13.686643503367444,74.71721432231068,33.395174194425934,12.26664661495467,34.25917617211095,-21.99252955715628,4.904083430427878,26.37577358207402,12.222743621892624,75.09033480639636,75.11116839192212,71.20959204857328,83.14623803102026,6.842016723723749,75.0
testing,missing_storage,False,0.5,96,32,3,29599805.04756892,9866601.682522973,14710.020219617241,16841.32814012356,-2131.307920506322,13976.12228304717,15407.959947348956,716.5957848155715,769.7323809397399,869.3962586325374,-99.66387769279766,727.5425788909939,809.4879328846488,41.026874612409536,792.0886989572922,893.6188539322812,-101.53015497498906,750.6943615701437,836.4540293536933,42.95695815792792,190.00000000000003,380.00000000000006,-190.00000000000003,190.0,190.0,0.0,55.14716941045588,121.56684669165172,-66.41967728119585,21.03807202228033,110.9367980322977,48.71323547544884,14.586208802184059,34.25917617211095,-19.67296736992689,4.724688485057794,32.416693859611684,15.470620210263233,87.34477528866269,87.23185409209707,84.93062618500338,91.10110873092096,3.2648282191667217,50.0
testing,missing_storage,False,0.75,96,32,3,29599805.04756892,9866601.682522973,16139.113420083047,16841.32814012356,-702.2147200405152,15646.208065014534,17077.189597665623,812.7483205830097,832.9228810530019,869.3962586325374,-36.47337757953558,802.7366443302767,848.3266621913823,26.143893684210948,856.2390322012358,893.6188539322812,-37.37982173104563,826.5847730928602,876.0730683703148,26.164870079941938,285.0,380.00000000000006,-95.00000000000001,285.0,285.0,0.0,83.49925661900969,121.56684669165172,-38.06759007264203,39.21793164752426,157.49603900430844,64.4956120752401,21.179065299652166,34.25917617211095,-13.080110872458782,9.376467697638693,44.21999608812328,19.956025838878915,95.83040770776549,95.73808022124547,95.36954135982448,96.66275514189725,0.7117078914606084,25.0
testing,missing_storage,False,1.0,96,32,3,29599805.04756892,9866601.682522973,16841.32814012356,16841.32814012356,0.0,16186.387447829824,17881.669457532138,910.9860067444845,869.3962586325374,869.3962586325374,0.0,842.7318574851319,895.0922396837066,26.19362105756478,893.6188539322812,893.6188539322812,0.0,867.3269990393036,913.7091148570995,23.804831289956496,380.00000000000006,380.00000000000006,0.0,380.0,380.0,0.0,121.56684669165172,121.56684669165172,0.0,65.00315521011106,221.7190999778652,86.97668582017988,34.25917617211095,34.25917617211095,0.0,19.29784991868573,61.86366795701897,23.93427338171101,100.0,100.0,100.0,100.0,0.0,0.0
training,higher_storage_dry,True,0.0,68,24,6,19466918.67471152,3244486.445785254,11693.919624834207,18129.675807028172,-6435.756182193971,10551.549880292752,15325.57678747871,1769.8376307995964,588.3247896476382,856.6087071591339,-268.2839175114954,533.5026320357025,746.4814842115047,81.24749274182085,609.7870351726918,881.7373323310269,-271.95029715833505,554.6382303083528,766.0409309859125,81.62724553122933,0.0,379.99999999999994,-379.99999999999994,0.0,0.0,0.0,23.094991096967146,133.57470275991327,-110.47971166294613,0.9987008338975112,91.03138146273315,41.43446347891636,11.87141685577922,19.96155004558649,-8.09013318980727,0.0,100.735782346367,40.78900639015547,64.50153742021647,64.41992472116127,60.198909698798516,80.06757979878043,7.623076810858079,100.0
training,higher_storage_dry,True,0.25,68,24,6,19466918.67471152,3244486.445785254,13412.638623060404,18129.675807028172,-4717.037183967774,12346.427130810176,16752.909830536162,1794.2748750692726,681.5818805720694,856.6087071591339,-175.02682658706442,637.0511361604594,807.1611903374418,68.76066959581745,703.3366027270138,881.7373323310269,-178.40072960401318,658.301033753903,827.3012439203443,69.70884247429531,94.99999999999999,379.99999999999994,-284.9999999999999,95.0,95.00000000000001,1.2710574864626037e-14,27.514689916982025,133.57470275991327,-106.06001284293129,0.8404448487660132,106.20661439287996,49.67993571747551,12.869581186587828,19.96155004558649,-7.09196885899866,0.0,109.92801686019041,44.539497907457616,73.98167935171155,73.97619705970081,66.66479761743162,87.52459782225934,7.938607243770407,75.0
training,higher_storage_dry,True,0.5,68,24,6,19466918.67471152,3244486.445785254,15576.055990217385,18129.675807028172,-2553.6198168107967,14861.73749014917,18156.831087864295,1351.0920704546763,760.7147472919962,856.6087071591339,-95.8939598671376,731.5560616317237,847.0732783594943,48.79655402910695,783.2127021259471,881.7373323310269,-98.5246302050798,753.1501431408254,868.1561077485176,50.1381656395925,189.99999999999997,379.99999999999994,-189.99999999999997,190.0,190.00000000000003,2.5421149729252075e-14,40.29546773601017,133.57470275991327,-93.27923502390314,3.6513047323520955,148.2299031179743,67.39737977325404,14.482483073694745,19.96155004558649,-5.479066971891743,0.0,123.57352787178098,50.06229670161595,85.9146967436624,85.95994642969484,80.35697574870746,94.85930234014504,5.29857799339128,50.0
training,higher_storage_dry,True,0.75,68,24,6,19466918.67471152,3244486.445785254,17320.487717533386,18129.675807028172,-809.1880894947919,16511.865081057134,18852.51533489465,838.8748817983335,821.310941761237,856.6087071591339,-35.29776539789686,788.9952523357518,872.0164418959134,31.54810925928751,845.0511678757437,881.7373323310269,-36.686164455283205,811.1960482860335,894.2926470354876,33.034967204923525,284.9999999999999,379.99999999999994,-94.99999999999999,285.0,285.00000000000006,3.595093471822542e-14,70.34298416932185,133.57470275991327,-63.231718590591434,15.219110963524288,236.16429015538705,93.10610145607441,15.716926074758883,19.96155004558649,-4.244623970827604,0.0,133.97370916260806,54.27011771956592,95.53666542023275,95.53862890342552,94.38586011918177,98.49386401023938,1.7454210856515158,25.0
training,higher_storage_dry,True,1.0,68,24,6,19466918.67471152,3244486.445785254,18129.675807028172,18129.675807028172,0.0,17469.811742728263,19140.80184013773,596.3285425880467,856.6087071591339,856.6087071591339,0.0,823.5074073950917,887.8251618347625,24.258323152957413,881.7373323310269,881.7373323310269,0.0,847.0689835605634,911.2279068625301,25.492539688909336,379.99999999999994,379.99999999999994,0.0,380.0,380.00000000000006,5.084229945850415e-14,133.57470275991327,133.57470275991327,0.0,60.876683555866954,377.1819007209203,123.42357947662681,19.96155004558649,19.96155004558649,0.0,0.0,159.22812501565392,64.09487771658996,100.0,100.0,100.0,100.0,0.0,0.0
training,higher_storage_wet,True,0.0,124,29,6,39732691.42042634,6622115.236737723,14973.885487578764,17714.477100009095,-2740.5916124303353,12462.526149573276,16830.696587512728,1696.8137688651002,728.162270396079,863.1704002779647,-135.00812988188565,597.5682922173016,839.6324190702667,81.76507831498957,752.2732711761769,890.6452034807479,-138.37193230457115,620.5274367588439,862.1129814211853,80.83487501728646,0.0,379.99999999999983,-379.99999999999983,0.0,0.0,0.0,116.50484410911898,292.5158682307603,-176.01102412164136,48.665978835698574,183.02744070927642,53.32512596199888,14.649807485313671,44.48915862454949,-29.83935113923582,2.6127662555564246,32.78882261534384,11.056756125246157,84.52908546519318,84.66468269086523,71.98578284632309,93.52772252664492,8.228866718782164,100.0
training,higher_storage_wet,True,0.25,124,29,6,39732691.42042634,6622115.236737723,16280.532251944263,17714.477100009095,-1433.9448480648305,13847.955750873147,18111.12437626599,1497.1848339107203,793.1437456109571,863.1704002779647,-70.02665466700758,682.9503213881246,887.7294481380549,67.14332132146068,817.9992770891578,890.6452034807479,-72.64592639159054,706.1606840936912,910.8802529663618,66.70741107006145,94.99999999999996,379.99999999999983,-284.99999999999983,94.99999999999999,95.00000000000001,8.987733679556355e-15,135.983587565221,292.5158682307603,-156.53228066553933,54.45990645386905,218.85274355459347,66.54521610273639,17.46061686217448,44.48915862454949,-27.028541762375017,3.267799416752006,37.09626386569239,12.481106903195643,91.90523750732616,92.02560948593333,79.98827232807679,97.6153063232479,6.839332138525329,75.0
training,higher_storage_wet,True,0.5,124,29,6,39732691.42042634,6622115.236737723,17199.538900124215,17714.477100009095,-514.9381998848778,15818.449561303274,18499.96486423011,927.8578421104897,830.2332612353391,863.1704002779647,-32.937139042625624,751.1532825572128,907.9552472158142,51.39707421940954,856.0341296315053,890.6452034807479,-34.61107384924292,774.7505220664995,931.9230463350722,51.34966402263013,189.99999999999991,379.99999999999983,-189.99999999999991,189.99999999999997,190.00000000000003,1.797546735911271e-14,177.08568822939768,292.5158682307603,-115.43018000136263,76.74754735518134,291.8383785232239,85.92362571292841,21.66752758332423,44.48915862454949,-22.821631041225267,4.443324348228649,40.81362616142855,13.643160545010979,97.09312221310435,97.15538844077042,91.37019745587311,99.6606921479093,3.1294199765584487,50.0
training,higher_storage_wet,True,0.75,124,29,6,39732691.42042634,6622115.236737723,17593.953545432672,17714.477100009095,-120.52355457642365,16917.457963460773,18551.733759623112,633.907177792294,851.8787615260721,863.1704002779647,-11.291638751892478,796.6747421050862,918.5832933784329,41.76767357673081,878.6102484155275,890.6452034807479,-12.034955065220693,820.9479730151322,943.2761255779751,41.969440327099285,284.99999999999983,379.99999999999983,-94.99999999999996,284.99999999999994,285.00000000000006,3.595093471822542e-14,232.83449626957312,292.5158682307603,-59.68137196118724,126.1970288954662,363.18418607266614,97.34422194129495,28.73859794858178,44.48915862454949,-15.75056067596772,6.941663220839206,44.67685108701619,16.537698744334868,99.31963244584645,99.33550634664296,97.78838610980637,99.93957505306415,0.8198327331964581,25.0
training,higher_storage_wet,True,1.0,124,29,6,39732691.42042634,6622115.236737723,17714.477100009095,17714.477100009095,0.0,16995.02276914515,18562.95041255963,567.6558085836406,863.1704002779647,863.1704002779647,0.0,819.9261527088509,925.3256777498023,38.10094836016584,890.6452034807479,890.6452034807479,0.0,844.9566666976227,950.5940970404328,38.44145958432708,379.99999999999983,379.99999999999983,0.0,379.99999999999994,380.00000000000006,3.595093471822542e-14,292.5158682307603,292.5158682307603,0.0,172.28578664167475,426.99682006375707,101.44240201233733,44.48915862454949,44.48915862454949,0.0,12.897179977907687,70.09920660238969,22.11386851180559,100.0,100.0,100.0,100.0,0.0,0.0
training,lower_storage_dry,True,0.0,109,30,5,34747673.1791977,6949534.63583954,11021.218619429412,16702.272115307638,-5681.0534958782255,9449.475541957845,12435.767384950605,1113.493449712932,589.3942838777239,841.3816872045048,-251.98740332678096,532.5793426259792,654.4238341934321,45.86605927117035,611.1977673044507,867.2405627602092,-256.04279545575855,554.8305814779131,677.8009002500863,45.25012930185718,0.0,379.99999999999994,-379.99999999999994,0.0,0.0,0.0,80.45322614382218,228.8435142978239,-148.39028815400172,2.885131083211276,222.25906859212455,92.53942775946874,13.135778574864723,30.513731249679108,-17.37795267481438,0.7078287327174103,34.72999034676374,14.619335129628718,65.98634331510178,66.46611983441255,64.4917271619776,69.41559058951161,2.0008960024362157,100.0
training,lower_storage_dry,True,0.25,109,30,5,34747673.1791977,6949534.63583954,12506.022586092826,16702.272115307638,-4196.24952921481,11079.742164818825,14272.567115263393,1186.9031668424643,680.7148326797608,841.3816872045048,-160.66685452474408,617.1723108490351,760.3331652390241,52.6849704799435,703.023314522443,867.2405627602092,-164.21724823776648,639.7776079686248,784.0931817396335,52.27343742111558,94.99999999999999,379.99999999999994,-284.99999999999994,94.99999999999997,95.0,1.2306961192854808e-14,92.40314520385081,228.8435142978239,-136.44036909397306,3.89116132458691,248.57764838500327,103.22425884839805,14.188816259319898,30.513731249679108,-16.32491499035921,0.7580360275819058,36.385036129894786,15.195971199791664,74.87617552722693,75.3760463335777,71.26557790618105,76.58237900724124,2.1446441490498906,75.0
training,lower_storage_dry,True,0.5,109,30,5,34747673.1791977,6949534.63583954,14648.608585827787,16702.272115307638,-2053.663529479848,12805.035614129061,16597.622445472338,1401.4688591267268,757.2652238790674,841.3816872045048,-84.11646332543734,678.0041939878695,849.1004688861096,61.26800128078587,780.4371774493735,867.2405627602092,-86.80338531083564,701.1814117907676,874.1824997114617,61.4988644409912,189.99999999999997,379.99999999999994,-189.99999999999997,189.99999999999994,190.0,2.4613922385709617e-14,122.31298315539122,228.8435142978239,-106.53053114243266,12.608143474210095,296.9223998441358,117.90285739594255,15.722698641109867,30.513731249679108,-14.79103260856924,1.2394220248707981,38.339962338681076,15.56962861683657,87.70428648688063,87.91453956920967,84.47512530953459,89.97031087035658,2.0780004170519737,50.0
training,lower_storage_dry,True,0.75,109,30,5,34747673.1791977,6949534.63583954,16137.277973302336,16702.272115307638,-564.9941420053018,14082.638264967765,18227.181093808813,1486.6137353657175,812.0903653894285,841.3816872045048,-29.291321815076195,723.9960090217514,907.7339232712685,65.8545882191453,836.6494544996026,867.2405627602092,-30.59110826060684,747.9750356485343,935.1582432510678,66.73174046907036,284.99999999999994,379.99999999999994,-94.99999999999999,285.0,285.00000000000006,2.842170943040401e-14,168.21024801408686,228.8435142978239,-60.63326628373703,44.18611746398631,351.98637201247254,124.25685661744073,20.779085606341955,30.513731249679108,-9.734645643337153,2.8833482477173003,46.850759006476906,17.682653606787603,96.61726178267995,96.63485311150247,95.37342679215101,97.47172166851333,0.8628866274189833,25.0
training,lower_storage_dry,True,1.0,109,30,5,34747673.1791977,6949534.63583954,16702.272115307638,16702.272115307638,0.0,14628.403047232781,18737.80276604553,1462.639395349792,841.3816872045048,841.3816872045048,0.0,749.2386416346912,931.7200804026269,66.11547296855258,867.2405627602092,867.2405627602092,0.0,773.9924673326981,960.9296237672856,67.37408962726661,379.99999999999994,379.99999999999994,0.0,379.9999999999999,380.0,4.9227844771419234e-14,228.8435142978239,228.8435142978239,0.0,100.62379942524889,413.32111098921223,123.22786224651531,30.513731249679108,30.513731249679108,0.0,11.288734445441042,59.2845972040688,18.889675011679547,100.0,100.0,100.0,100.0,0.0,0.0
training,lower_storage_wet,True,0.0,51,25,5,14585335.233417172,2917067.0466834344,14252.8487493462,16803.89549212313,-2551.046742776929,12791.417097183892,15138.438696549569,950.6348469712682,725.2264445829243,872.3012403948875,-147.074795811963,701.0949105567939,774.0187181268699,29.609579814800878,751.5204814692261,902.9788574642938,-151.45837599506763,726.827610935021,805.702728019929,31.911609965700713,0.0,380.00000000000006,-380.00000000000006,0.0,0.0,0.0,96.97891465009457,277.1501421016324,-180.17122745153782,35.59781585590227,530.3165373067741,210.2683843314902,23.236855786431548,60.67190371464253,-37.435047928210984,0.37918781054340756,238.97678061524513,102.33847022312435,84.81871811228092,85.33465351312913,79.16503337215481,96.0461065494372,6.1847596926056925,100.0
training,lower_storage_wet,True,0.25,51,25,5,14585335.233417172,2917067.0466834344,15340.49247456854,16803.89549212313,-1463.403017554587,13317.996477281084,15941.918932321536,1126.4564799847635,795.761888476237,872.3012403948875,-76.5393519186503,711.0899323011372,832.5233728835856,45.17200086931699,822.8807047066988,902.9788574642938,-80.09815275759506,741.9131135108172,865.0633613890296,45.53974351306284,95.00000000000001,380.00000000000006,-285.00000000000006,94.99999999999999,95.0,1.2306961192854808e-14,113.76377183734466,277.1501421016324,-163.3863702642877,41.76268812341463,612.8331032425147,240.6491731196769,27.068760238174228,60.67190371464253,-33.6031434764683,2.004359156156185,249.73511942213554,105.57972754258046,91.29128708137607,91.65343702309583,85.77186474591397,99.99999991897528,5.199959531860338,75.0
training,lower_storage_wet,True,0.5,51,25,5,14585335.233417172,2917067.0466834344,16372.269274082857,16803.89549212313,-431.62621804027145,13317.996482037453,16868.153096759357,1462.0274466067901,839.7430123164978,872.3012403948875,-32.55822807838969,719.0907821350919,871.4832409335346,60.38817035472324,868.1476608481166,902.9788574642938,-34.83119661617719,749.9290646824217,905.2913301629709,60.892053567616074,190.00000000000003,380.00000000000006,-190.00000000000003,189.99999999999997,190.0,2.4613922385709617e-14,155.09457828557711,277.1501421016324,-122.05556381605524,73.26154205886438,689.7214978046264,257.1817912810991,31.120084669483813,60.67190371464253,-29.551819045158727,5.0590751670031135,259.8504771490468,108.6643272542367,97.43139191598401,97.5441979389193,94.99625349402076,99.99999995468913,1.9676537211927834,50.0
training,lower_storage_wet,True,0.75,51,25,5,14585335.233417172,2917067.0466834344,16724.478184812968,16803.89549212313,-79.41730731016102,13317.996485797185,17057.13917159753,1602.3693924369645,861.7018369206932,872.3012403948875,-10.599403474194418,723.406873664198,891.1336452713332,67.69235285127166,891.4635979107064,902.9788574642938,-11.515259553587308,754.2523275173204,922.9819854256399,68.54012799778137,285.00000000000006,380.00000000000006,-95.00000000000001,284.9999999999999,285.00000000000006,6.961868572213853e-14,213.57338301700233,277.1501421016324,-63.57675908463008,132.85582571253852,725.7442789019254,246.7582688687532,40.54588905777357,60.67190371464253,-20.12601465686895,11.162955744521197,314.5047545809705,129.1915252201363,99.52738751947493,99.54635901098027,99.04497621543528,100.03582440827184,0.40277117897837283,25.0
training,lower_storage_wet,True,1.0,51,25,5,14585335.233417172,2917067.0466834344,16803.89549212313,16803.89549212313,0.0,13317.996488071953,17182.930391943264,1640.2598343292045,872.3012403948875,872.3012403948875,0.0,725.7636920193171,905.0292105684157,71.31244341866088,902.9788574642938,902.9788574642938,0.0,756.6125881424189,938.3690198887303,72.49871700869373,380.00000000000006,380.00000000000006,0.0,379.99999999999994,380.0,4.9227844771419234e-14,277.1501421016324,277.1501421016324,0.0,204.18182205360077,751.3169410613032,228.5109304910505,60.67190371464253,60.67190371464253,0.0,18.969025839838682,381.5724331141574,150.53303316068863,100.0,100.0,100.0,100.0,0.0,0.0
