crop,fraction,variable,n_cells,n_cell_years,rmse,bias,mean_actual_cell_prediction
maize,0.0,yield_kg_ha,8,96,1168.1056371550112,183.18530686164647,7294.783121897516
maize,0.0,et_mm,8,96,35.212746960322356,6.407260594478674,252.14111949957166
maize,0.0,irrigation_field_mm,8,96,0.0,0.0,0.0
maize,0.25,yield_kg_ha,8,96,721.6326813975318,131.54089082777253,7933.563437800528
maize,0.25,et_mm,8,96,27.385076560862274,5.1733180944235055,278.59098037127774
maize,0.25,irrigation_field_mm,8,96,0.0,0.0,20.0
maize,0.5,yield_kg_ha,8,96,502.42786940220253,83.02333094528684,8416.528330247596
maize,0.5,et_mm,8,96,22.19129329632035,3.8187398787425386,297.3547212987318
maize,0.5,irrigation_field_mm,8,96,0.0,0.0,40.0
maize,0.75,yield_kg_ha,8,96,388.2111445034395,76.30964205626468,8666.06478217464
maize,0.75,et_mm,8,96,17.849172500079288,4.3757972493799135,309.46001587111255
maize,0.75,irrigation_field_mm,8,96,0.0,0.0,60.0
maize,1.0,yield_kg_ha,8,96,351.3621319464994,91.81840317847946,8768.975281417073
maize,1.0,et_mm,8,96,14.973209022089705,5.692188556379707,315.358101611314
maize,1.0,irrigation_field_mm,8,96,0.0,0.0,80.0
wheat,0.0,yield_kg_ha,8,96,1488.1416699241386,188.90607414896488,4515.484535801211
wheat,0.0,et_mm,8,96,51.66370855267637,-3.17986703100687,383.6164934692027
wheat,0.0,irrigation_field_mm,8,96,0.0,0.0,0.0
wheat,0.25,yield_kg_ha,8,96,1385.0080867193203,65.68916363540829,5624.734190424829
wheat,0.25,et_mm,8,96,43.322351287140435,-4.25947768322742,443.17631503906074
wheat,0.25,irrigation_field_mm,8,96,0.0,0.0,75.0
wheat,0.5,yield_kg_ha,8,96,1188.61690506002,-7.405576162515838,6923.33581324208
wheat,0.5,et_mm,8,96,37.968503941926954,-4.5629999682179045,489.3829119614061
wheat,0.5,irrigation_field_mm,8,96,0.0,0.0,150.0
wheat,0.75,yield_kg_ha,8,96,894.3208925688654,-13.132451288365042,7690.028186994775
wheat,0.75,et_mm,8,96,31.900764662076508,-2.0504419559386307,518.5851778637899
wheat,0.75,irrigation_field_mm,8,96,0.0,0.0,225.0
wheat,1.0,yield_kg_ha,8,96,636.1362761238375,113.03949903252506,7990.232028156671
wheat,1.0,et_mm,8,96,24.70223745533864,3.208930946952352,533.24407583605
wheat,1.0,irrigation_field_mm,8,96,0.0,0.0,300.0
