harvest_year,period,policy,reduction_fraction,grain_production_t,field_irrigation_m3,crop_et_volume_m3,modeled_total_et_volume_m3,bottom_drainage_volume_m3,runoff_volume_m3,mapped_rotation_area_ha
1997,training,conventional,0.0,188801135.16955605,37493086393.587296,88927185266.96521,91383659458.542,18679802630.253326,4286877057.1810493,9866601.682522975
1997,training,uniform_25pct,0.25,184215510.61840975,28119814795.190475,85846107586.21303,88218994401.95952,15403355466.014038,2802687978.4675035,9866601.682522975
1997,training,targeted_25pct,0.25,188510667.12033564,28119814795.190475,88231104638.3316,90626509849.52103,13510332468.714024,1996530385.6285727,9866601.682522975
1997,training,uniform_50pct,0.5,174830553.00601083,18746543196.79365,81477641537.98341,83766747319.47415,12596188535.415787,1885584284.5788286,9866601.682522975
1997,training,targeted_50pct,0.5,184885921.0502344,18746543196.79365,84899186908.96461,87181269854.25198,9799531980.730413,1392071733.4654784,9866601.682522975
1997,training,uniform_75pct,0.75,158165943.10986543,9373271598.396824,75749240297.57208,77966935707.51276,10118306013.001406,1564868079.8131227,9866601.682522975
1997,training,targeted_75pct,0.75,173744108.79843464,9373271598.396826,77699384422.22594,79860745593.15384,9087316474.77416,1374587304.2352042,9866601.682522975
1998,training,conventional,0.0,156258938.6044814,37493086393.587296,82829992993.71071,85379677574.9425,41796927854.925224,7650491388.501848,9866601.682522975
1998,training,uniform_25pct,0.25,152269910.1484262,28119814795.190475,81355407161.87016,83848398568.59917,34878159385.85949,5604633609.048514,9866601.682522975
1998,training,targeted_25pct,0.25,155034344.48504877,28119814795.190475,81916505079.73505,84455200804.59113,35486263858.908714,4356076083.72209,9866601.682522975
1998,training,uniform_50pct,0.5,144870403.8171502,18746543196.79365,79140556381.57121,81568388536.39145,28440533151.83571,4216210785.392247,9866601.682522975
1998,training,targeted_50pct,0.5,149588370.78849787,18746543196.79365,80560820603.59042,83048405370.431,27399365519.39792,3134807983.8035784,9866601.682522975
1998,training,uniform_75pct,0.75,135297196.69225654,9373271598.396824,76059954593.38708,78432585456.90427,22616808761.303577,3477847018.6471357,9866601.682522975
1998,training,targeted_75pct,0.75,141545788.1174798,9373271598.396826,78035916551.42264,80456676881.99658,19684793293.83852,3019459468.47703,9866601.682522975
1999,training,conventional,0.0,170789277.4134854,37493086393.587296,83280304834.25195,85317317850.48784,13239460123.022316,2860075684.4341683,9866601.682522975
1999,training,uniform_25pct,0.25,167776928.5995061,28119814795.190475,81070960472.61276,83028913670.55971,9048354434.822857,1271630388.2489805,9866601.682522975
1999,training,targeted_25pct,0.25,169501463.8131127,28119814795.190475,82183343145.49197,84163786911.3759,7719253030.258069,586278496.89724,9866601.682522975
1999,training,uniform_50pct,0.5,161172127.45324597,18746543196.79365,77491404398.83923,79365987533.69695,5527240858.99764,484811229.9608791,9866601.682522975
1999,training,targeted_50pct,0.5,166752676.20950225,18746543196.79365,79585412328.35349,81468475478.54759,4555313857.500962,219342627.3309071,9866601.682522975
1999,training,uniform_75pct,0.75,150613666.17064032,9373271598.396824,72714553163.0727,74504053985.9661,3586247229.7332735,268808655.35220516,9866601.682522975
1999,training,targeted_75pct,0.75,160451958.66355395,9373271598.396826,75264185061.01369,77044576736.63185,3372365427.1884847,94561414.56040666,9866601.682522975
2000,training,conventional,0.0,167608550.01186624,37493086393.587296,84921804504.5032,87164422562.60536,25539492887.76242,5018166717.99203,9866601.682522975
2000,training,uniform_25pct,0.25,160287042.0453565,28119814795.190475,81874968622.03438,84022872795.0452,20264157326.090504,3883085109.313209,9866601.682522975
2000,training,targeted_25pct,0.25,165410513.39087102,28119814795.190475,83618877314.152,85779565844.35538,18977068035.910717,3273089178.650654,9866601.682522975
2000,training,uniform_50pct,0.5,144746621.91782042,18746543196.79365,76887189444.867,78958250258.35236,15741802338.983421,3219852256.833945,9866601.682522975
2000,training,targeted_50pct,0.5,145609683.76438427,18746543196.79365,77889701681.87079,79957238539.58112,14016345344.735847,2468283873.8916183,9866601.682522975
2000,training,uniform_75pct,0.75,117840125.9428508,9373271598.396824,68994487666.631,71004945757.88892,12101356822.96579,2710780441.723244,9866601.682522975
2000,training,targeted_75pct,0.75,121475429.59281363,9373271598.396826,68892923693.91997,70901958345.7858,10610997360.422024,2393545461.356658,9866601.682522975
2001,training,conventional,0.0,178002469.16809982,37493086393.587296,90853462968.70715,92920881200.88553,23240096368.626564,2144801451.0856616,9866601.682522975
2001,training,uniform_25pct,0.25,176667614.01670682,28119814795.190475,89365294568.51134,91364361911.88484,16797901926.858511,785650589.170242,9866601.682522975
2001,training,targeted_25pct,0.25,177778724.74375287,28119814795.190475,89789153307.53812,91803344891.0463,17688180719.28287,274624377.43105775,9866601.682522975
2001,training,uniform_50pct,0.5,169404122.8569587,18746543196.79365,86275779271.75186,88198226824.65468,12634924303.902554,159857982.07964975,9866601.682522975
2001,training,targeted_50pct,0.5,174905603.2306825,18746543196.79365,86407791229.00253,88326014215.22867,12972422748.964462,71771399.06031652,9866601.682522975
2001,training,uniform_75pct,0.75,158903951.70367903,9373271598.396824,81536824056.64896,83389243947.26988,10390307671.217138,53676338.373367324,9866601.682522975
2001,training,targeted_75pct,0.75,165665291.95320714,9373271598.396826,81820510980.98123,83668132145.78723,10096215773.832329,27016126.03037035,9866601.682522975
2002,training,conventional,0.0,169923282.50671685,37493086393.587296,83868342762.2799,87082931074.27509,11805367553.054934,5824366075.461294,9866601.682522975
2002,training,uniform_25pct,0.25,164013081.57344353,28119814795.190475,80612274184.29239,83706967760.66452,8239341380.525692,4317814349.131493,9866601.682522975
2002,training,targeted_25pct,0.25,168356430.53406188,28119814795.190475,82602781254.31332,85744529336.59537,6439715439.029936,3408491916.0521483,9866601.682522975
2002,training,uniform_50pct,0.5,151225489.60560513,18746543196.79365,75274372938.25624,78240390796.52074,5288226305.851174,3276767130.9440727,9866601.682522975
2002,training,targeted_50pct,0.5,161301462.42173278,18746543196.79365,79059412336.42288,82062262013.37888,2257145986.827589,2360830491.889571,9866601.682522975
2002,training,uniform_75pct,0.75,134112182.99737282,9373271598.396824,68411319900.43148,71270174515.31786,2721467468.5090327,2702077601.663253,9866601.682522975
2002,training,targeted_75pct,0.75,144002190.02298504,9373271598.396826,71031222309.71243,73877998452.00533,1546156658.7637072,2284314146.457077,9866601.682522975
2003,training,conventional,0.0,143362434.32448095,37493086393.587296,73750589846.23781,76238077585.20456,43283183125.64213,8235512493.407207,9866601.682522975
2003,training,uniform_25pct,0.25,138381661.01198047,28119814795.190475,71429440598.71411,73846192929.67943,37496302087.87172,6604220101.947021,9866601.682522975
2003,training,targeted_25pct,0.25,142591175.88981745,28119814795.190475,72670907926.64343,75122936932.11154,36425123883.91311,5642106567.789269,9866601.682522975
2003,training,uniform_50pct,0.5,126721969.15675433,18746543196.79365,67200167893.63846,69543692236.41708,32204335434.667744,5422859061.797814,9866601.682522975
2003,training,targeted_50pct,0.5,136568947.34789667,18746543196.79365,69968120066.0404,72353123003.69193,28997228387.030735,5100944939.397174,9866601.682522975
2003,training,uniform_75pct,0.75,110976549.43232873,9373271598.396824,61589275864.81228,63880493621.09505,27223021476.85836,5169556513.524631,9866601.682522975
2003,training,targeted_75pct,0.75,118541738.25155652,9373271598.396826,63516025890.28568,65820794201.80826,24501826709.867523,4949264209.911514,9866601.682522975
2004,training,conventional,0.0,184705250.85183808,37493086393.587296,90290997239.2207,92734022606.23486,35612013101.70776,4303641806.133339,9866601.682522975
2004,training,uniform_25pct,0.25,183850416.94301385,28119814795.190475,89382246295.5693,91753683098.77713,27153587891.113415,2573350815.459422,9866601.682522975
2004,training,targeted_25pct,0.25,184650711.70201692,28119814795.190475,89660858931.12708,92047544308.79337,29643546138.132187,1782495303.7378025,9866601.682522975
2004,training,uniform_50pct,0.5,181610184.05280578,18746543196.79365,87949139007.7697,90236460777.65733,19752176899.21227,1674291901.4430606,9866601.682522975
2004,training,targeted_50pct,0.5,183301434.14570525,18746543196.79365,88096522113.19675,90390150216.12317,22098738357.597435,1034751080.3842978,9866601.682522975
2004,training,uniform_75pct,0.75,175047311.27826238,9373271598.396824,85424798910.84311,87628132825.42647,14497369801.93483,1160580709.2134688,9866601.682522975
2004,training,targeted_75pct,0.75,173986869.74299946,9373271598.396826,84540323018.1091,86761892524.3298,15837441484.439476,918337723.365406,9866601.682522975
2005,training,conventional,0.0,178008681.31911573,37493086393.587296,85164740617.84589,88460555141.28198,31311575000.17552,7691343734.011126,9866601.682522975
2005,training,uniform_25pct,0.25,175565253.42468977,28119814795.190475,83498952743.69707,86685772380.12476,26111588662.940998,6301399413.519297,9866601.682522975
2005,training,targeted_25pct,0.25,177191260.97358027,28119814795.190475,84031293069.2864,87247227272.56042,24873883098.40709,5784790421.128544,9866601.682522975
2005,training,uniform_50pct,0.5,168034772.736247,18746543196.79365,80392943158.98465,83462125805.32152,21156861474.333843,5781630885.273787,9866601.682522975
2005,training,targeted_50pct,0.5,171230243.79763132,18746543196.79365,81209044245.04501,84294284532.65167,19400338821.102604,4891347442.815404,9866601.682522975
2005,training,uniform_75pct,0.75,153593548.1622595,9373271598.396824,75272075398.74036,78232338075.2966,17151050278.789587,5204352443.92153,9866601.682522975
2005,training,targeted_75pct,0.75,155919814.18417084,9373271598.396826,75528737243.05734,78474313184.79794,16446887625.17963,4675784771.484055,9866601.682522975
2006,training,conventional,0.0,174492552.49250054,37493086393.587296,83355317142.17123,86062438701.62157,20858956505.146713,3162143386.188265,9866601.682522975
2006,training,uniform_25pct,0.25,171785730.18531144,28119814795.190475,81806909657.4975,84403995193.24323,14938876430.056028,2001985248.8032641,9866601.682522975
2006,training,targeted_25pct,0.25,174179057.30048105,28119814795.190475,82673362242.08037,85323395354.8469,14282037435.638866,1567481501.9139993,9866601.682522975
2006,training,uniform_50pct,0.5,163402686.63291743,18746543196.79365,78648962181.49954,81131549778.19919,10531774824.307547,1462812163.546648,9866601.682522975
2006,training,targeted_50pct,0.5,171201533.90086636,18746543196.79365,80264471500.81392,82792429292.6929,9080296627.040943,1015434966.5087746,9866601.682522975
2006,training,uniform_75pct,0.75,151432451.7095046,9373271598.396824,74020621338.76523,76400768096.22383,7699535104.066126,1108782235.5498853,9866601.682522975
2006,training,targeted_75pct,0.75,159655279.33234337,9373271598.396826,75621771134.09364,78011147620.56711,7217030461.383705,945022784.6257483,9866601.682522975
2007,training,conventional,0.0,181014286.2700485,37493086393.587296,85653574206.39017,87700368437.26402,26269302555.369534,4698711083.498349,9866601.682522975
2007,training,uniform_25pct,0.25,176958677.38576752,28119814795.190475,83006215418.91154,84971173630.27014,21096609013.305782,3618170665.328888,9866601.682522975
2007,training,targeted_25pct,0.25,180059167.32074812,28119814795.190475,84208285419.14687,86198641686.3512,19570313642.419456,3134785196.7894497,9866601.682522975
2007,training,uniform_50pct,0.5,163951476.0377432,18746543196.79365,78104312276.84529,79979364696.52164,16546603551.046413,3064350530.802319,9866601.682522975
2007,training,targeted_50pct,0.5,176471446.5885952,18746543196.79365,80833531285.31068,82724070482.67546,13964626075.184679,2663581017.7144,9866601.682522975
2007,training,uniform_75pct,0.75,144554042.68300915,9373271598.396824,71600612618.96072,73408165182.78152,12729683735.956335,2768042178.1370935,9866601.682522975
2007,training,targeted_75pct,0.75,154331775.99085486,9373271598.396826,72839455020.4296,74646702019.97989,11116161126.597452,2482704065.605368,9866601.682522975
2008,training,conventional,0.0,174985747.33711046,37493086393.587296,82024679012.18301,84361439911.76768,27219167090.949497,3696454797.584973,9866601.682522975
2008,training,uniform_25pct,0.25,170347539.04130986,28119814795.190475,80146636588.92972,82398083995.05125,20488956645.84478,2355726417.115077,9866601.682522975
2008,training,targeted_25pct,0.25,174398089.8945235,28119814795.190475,81314468835.82532,83603927206.00726,20594175451.69274,1765253617.0064902,9866601.682522975
2008,training,uniform_50pct,0.5,162151318.39572605,18746543196.79365,77158767476.15608,79319633622.84131,15604187635.969248,1588407749.7398708,9866601.682522975
2008,training,targeted_50pct,0.5,169894654.3166022,18746543196.79365,79103092262.826,81299112547.2271,13474683876.837116,1122319092.0581057,9866601.682522975
2008,training,uniform_75pct,0.75,150861981.22381184,9373271598.396824,72852678076.16797,74939050544.13591,11560031075.849562,1266011483.8548825,9866601.682522975
2008,training,targeted_75pct,0.75,157960819.80265892,9373271598.396826,74496842117.40219,76578307657.25568,9248687773.100807,1065537850.014452,9866601.682522975
2009,training,conventional,0.0,172187590.17867193,37493086393.587296,87041320102.1331,89652802301.4376,14456595349.787638,1464300601.7140434,9866601.682522975
2009,training,uniform_25pct,0.25,167913203.785217,28119814795.190475,84734617008.87973,87247100277.53401,8816759941.933271,638281379.5491313,9866601.682522975
2009,training,targeted_25pct,0.25,171583663.35870862,28119814795.190475,86065863783.81004,88594842759.16125,7910457576.845171,490222088.6660664,9866601.682522975
2009,training,uniform_50pct,0.5,158572984.74131957,18746543196.79365,80442653986.45087,82821540003.64717,4876150010.024358,475557871.3253131,9866601.682522975
2009,training,targeted_50pct,0.5,166386352.168539,18746543196.79365,82743322120.29672,85152080910.39885,4544342410.536975,282368228.7862348,9866601.682522975
2009,training,uniform_75pct,0.75,146096983.56243914,9373271598.396824,74608792272.44412,76873779047.82643,3381513991.2279058,339736308.78984106,9866601.682522975
2009,training,targeted_75pct,0.75,152299293.70462132,9373271598.396826,76080395311.47556,78349643669.23352,3278547149.067483,281378306.4724449,9866601.682522975
2010,training,conventional,0.0,164668673.59839,37493086393.587296,85733354668.94772,88895843735.96541,17423945524.8344,2627139626.0656166,9866601.682522975
2010,training,uniform_25pct,0.25,158866074.99423632,28119814795.190475,82804016076.04576,85816002076.08652,11853636308.16925,1153639489.0078518,9866601.682522975
2010,training,targeted_25pct,0.25,164341298.07573888,28119814795.190475,84654483475.8677,87748839995.7204,10562054190.385921,534406592.5740969,9866601.682522975
2010,training,uniform_50pct,0.5,144967929.89389837,18746543196.79365,77545051519.79875,80411373650.88605,6936718037.397682,494959146.67992187,9866601.682522975
2010,training,targeted_50pct,0.5,159224319.86120167,18746543196.79365,81029153134.19461,83944925151.77565,4472318261.971007,179596155.92793906,9866601.682522975
2010,training,uniform_75pct,0.75,126988156.41689816,9373271598.396824,69859513945.4383,72622291898.26753,3437545590.3425355,381549493.64444923,9866601.682522975
2010,training,targeted_75pct,0.75,135575649.415211,9373271598.396826,71573171088.5502,74323210255.80392,2734803824.1153407,166625803.9262338,9866601.682522975
2011,training,conventional,0.0,172392954.64393604,37493086393.587296,81839097844.515,84253141096.94211,12768998988.401747,1244754499.7906587,9866601.682522975
2011,training,uniform_25pct,0.25,166769509.5100127,28119814795.190475,78788930397.89783,81112287456.52344,8695253872.81215,607476384.1586213,9866601.682522975
2011,training,targeted_25pct,0.25,168282513.92963946,28119814795.190475,79401772923.65991,81742367151.55118,8416910940.282584,453294757.6689731,9866601.682522975
2011,training,uniform_50pct,0.5,152829840.36755377,18746543196.79365,73369275147.3887,75621468965.22061,6284045143.841288,445684503.82431495,9866601.682522975
2011,training,targeted_50pct,0.5,150204502.1766863,18746543196.79365,72733502069.19337,75012476251.511,5903442253.854905,334662424.9024529,9866601.682522975
2011,training,uniform_75pct,0.75,130939833.47893439,9373271598.396824,65641381359.58626,67857024460.59061,5096701287.584429,363420739.99013233,9866601.682522975
2011,training,targeted_75pct,0.75,133624573.58659382,9373271598.396826,64792509692.4919,67020094422.10124,4965335448.933324,325508594.21068484,9866601.682522975
2012,training,conventional,0.0,167299840.32973823,37493086393.587296,83904019300.16298,86571188537.04044,17674356066.373894,1846524706.3540168,9866601.682522975
2012,training,uniform_25pct,0.25,164224090.83972967,28119814795.190475,81921991853.4673,84467939922.66025,10202091406.449593,661530179.5693458,9866601.682522975
2012,training,targeted_25pct,0.25,167220144.48640838,28119814795.190475,82633401056.118,85199247365.94624,10316768268.471167,251784913.70258886,9866601.682522975
2012,training,uniform_50pct,0.5,156539616.56534755,18746543196.79365,78354726757.44757,80741737436.72092,5049751566.345811,277065470.5440163,9866601.682522975
2012,training,targeted_50pct,0.5,160350689.81698108,18746543196.79365,78342033416.67932,80748104491.92747,5867172097.85499,56521742.301416665,9866601.682522975
2012,training,uniform_75pct,0.75,139603200.01536873,9373271598.396824,72155405783.05711,74430789219.83546,2965642171.437411,125294808.69736627,9866601.682522975
2012,training,targeted_75pct,0.75,146784618.1559038,9373271598.396826,72100500097.5272,74361553216.93933,3457414332.5134773,56521742.301416665,9866601.682522975
2013,training,conventional,0.0,169110307.27000257,37493086393.587296,90547080994.55261,93642931577.92545,15290286493.193592,2044124249.368725,9866601.682522975
2013,training,uniform_25pct,0.25,166234477.71593076,28119814795.190475,88702943765.52916,91637863785.52458,8950902300.436277,1096442162.7099946,9866601.682522975
2013,training,targeted_25pct,0.25,166816683.9097146,28119814795.190475,88765710140.81374,91738672072.94936,9813537761.38174,847873500.721817,9866601.682522975
2013,training,uniform_50pct,0.5,155619107.91086397,18746543196.79365,84407120091.0449,87129838424.28525,4384571224.910878,743006402.9064208,9866601.682522975
2013,training,targeted_50pct,0.5,154500149.74939898,18746543196.79365,83631436385.3894,86416312753.95676,5887586044.903227,343608304.4433398,9866601.682522975
2013,training,uniform_75pct,0.75,136179462.43290913,9373271598.396824,77392296223.64775,79962413134.41963,2344877424.79548,433909932.0494468,9866601.682522975
2013,training,targeted_75pct,0.75,139378786.39637837,9373271598.396826,76049163162.77386,78676521288.8918,3570140025.0390825,308837846.23231655,9866601.682522975
2014,testing,conventional,0.0,162364082.10706115,37493086393.587296,83148995629.78514,85575700280.18796,7693806768.661214,1904041984.767805,9866601.682522975
2014,testing,uniform_25pct,0.25,154845880.4385931,28119814795.190475,79202827255.71956,81555827129.45886,5306633237.304678,925138719.6164427,9866601.682522975
2014,testing,targeted_25pct,0.25,155712913.81476983,28119814795.190475,79758058648.94339,82124084861.28691,3701085523.862957,636043623.4247948,9866601.682522975
2014,testing,uniform_50pct,0.5,137896831.6330601,18746543196.79365,71783728329.92984,74068022509.28491,3302019885.434999,652897113.946369,9866601.682522975
2014,testing,targeted_50pct,0.5,139827571.25649735,18746543196.79365,72464088462.87659,74746634850.57578,1916070438.9392538,462446697.28467655,9866601.682522975
2014,testing,uniform_75pct,0.75,115900927.09072918,9373271598.396824,62608945016.096176,64843567619.505554,2042755211.9797153,544644585.6145005,9866601.682522975
2014,testing,targeted_75pct,0.75,117623186.75453049,9373271598.396826,62639231494.87319,64872083828.3071,1489568901.2465475,466609700.03465164,9866601.682522975
2015,testing,conventional,0.0,165088870.69489625,37493086393.587296,81883225266.08107,84249847528.65506,16946725534.436886,3890401086.648013,9866601.682522975
2015,testing,uniform_25pct,0.25,158180713.0659988,28119814795.190475,78421488839.94759,80668711848.74942,11950291368.057966,2507823482.018812,9866601.682522975
2015,testing,targeted_25pct,0.25,163585115.93919587,28119814795.190475,80649135712.49661,82948587023.72296,9058698552.494892,1974412761.994376,9866601.682522975
2015,testing,uniform_50pct,0.5,145345544.92239282,18746543196.79365,73407455726.45892,75573484279.06172,7607462089.788263,1868218803.3768845,9866601.682522975
2015,testing,targeted_50pct,0.5,158494403.76185143,18746543196.79365,77405091828.53473,79554107057.27896,4252335956.530414,1254411617.2488334,9866601.682522975
2015,testing,uniform_75pct,0.75,130433944.85652547,9373271598.396824,67512807722.18841,69619225701.89133,4814197531.397084,1523226486.7237363,9866601.682522975
2015,testing,targeted_75pct,0.75,147112350.6995612,9373271598.396826,71583335682.192,73617521956.09755,3515334140.875206,1184458105.627512,9866601.682522975
2016,testing,conventional,0.0,163851992.2011141,37493086393.587296,86506383901.28857,89517437994.17615,17767484463.23752,3295395020.0670867,9866601.682522975
2016,testing,uniform_25pct,0.25,155902061.84726924,28119814795.190475,83245363013.28867,86165930694.98003,11620383539.916687,2075754611.587403,9866601.682522975
2016,testing,targeted_25pct,0.25,162626080.63922715,28119814795.190475,85159949539.61967,88096370696.80519,11240321139.347786,1674026758.2741542,9866601.682522975
2016,testing,uniform_50pct,0.5,143753796.57490757,18746543196.79365,78901035698.12717,81723528834.61334,7169869220.612469,1628327209.3233852,9866601.682522975
2016,testing,targeted_50pct,0.5,156048785.87032664,18746543196.79365,81390445395.50131,84160192031.26181,5858571586.814885,1331389609.1040282,9866601.682522975
2016,testing,uniform_75pct,0.75,129676591.03952448,9373271598.396824,73204699920.95421,75931213643.80598,4293534131.16198,1411700852.3868623,9866601.682522975
2016,testing,targeted_75pct,0.75,133348507.89897202,9373271598.396826,73125801990.94397,75815449287.22266,3645430893.7351036,1235322486.7088296,9866601.682522975
2017,testing,conventional,0.0,163438064.00449404,37493086393.587296,88001632602.34296,90340160765.92892,20716094271.067142,4217333746.4843597,9866601.682522975
2017,testing,uniform_25pct,0.25,161285104.64895827,28119814795.190475,86074072381.12364,88367986846.33104,15946788979.07362,2711149179.8513947,9866601.682522975
2017,testing,targeted_25pct,0.25,163201034.58387157,28119814795.190475,87146597684.38484,89453302298.37134,14703817547.257946,2079593258.0472217,9866601.682522975
2017,testing,uniform_50pct,0.5,153764204.13820565,18746543196.79365,82203534338.87025,84450768466.50175,12047772634.331142,1982424968.2697704,9866601.682522975
2017,testing,targeted_50pct,0.5,159819235.22475028,18746543196.79365,84233008170.57326,86497816053.92639,8820594986.84839,1458801511.1158252,9866601.682522975
2017,testing,uniform_75pct,0.75,139132249.71134374,9373271598.396824,76491097823.85727,78701974599.9185,8691096499.179258,1752347282.2635632,9866601.682522975
2017,testing,targeted_75pct,0.75,147319030.866025,9373271598.396826,77874146085.28174,80088712322.06247,6892227452.348742,1420891384.0750294,9866601.682522975
2018,testing,conventional,0.0,159704637.6267265,37493086393.587296,85875416035.5389,88781699452.23065,21876140448.890842,6103841703.51766,9866601.682522975
2018,testing,uniform_25pct,0.25,154374902.81937698,28119814795.190475,83639709007.4975,86438640103.95612,15539506834.306135,4363010878.042365,9866601.682522975
2018,testing,targeted_25pct,0.25,159015926.09944177,28119814795.190475,85287372400.76114,88127555763.71095,15400324199.400642,3361527859.3167124,9866601.682522975
2018,testing,uniform_50pct,0.5,145492695.5726474,18746543196.79365,79868950005.8172,82529587333.7427,10945691981.191797,3198426061.770768,9866601.682522975
2018,testing,targeted_50pct,0.5,154138103.02668023,18746543196.79365,82828799805.6517,85542907388.05072,8611646616.223106,2360290892.6560044,9866601.682522975
2018,testing,uniform_75pct,0.75,132788398.14769635,9373271598.396824,74671849273.8961,77220452633.00424,7372049925.459404,2602392520.0273657,9866601.682522975
2018,testing,targeted_75pct,0.75,139846973.53647038,9373271598.396826,76032311019.41113,78593451255.32489,5888514582.639486,2288600082.117534,9866601.682522975
2019,testing,conventional,0.0,176431309.95600632,37493086393.587296,88315185980.76517,90152038899.85638,6413602405.653839,2132765669.5625603,9866601.682522975
2019,testing,uniform_25pct,0.25,168493827.61709148,28119814795.190475,83701012725.06592,85450617039.34164,3869477103.7853394,980812441.9355519,9866601.682522975
2019,testing,targeted_25pct,0.25,174353643.46612373,28119814795.190475,85742272720.8503,87505920000.04028,3339262210.352784,625383360.8270122,9866601.682522975
2019,testing,uniform_50pct,0.5,152024203.54075983,18746543196.79365,76186605810.42651,77859100852.15599,2075742768.120706,466166193.56068146,9866601.682522975
2019,testing,targeted_50pct,0.5,164080638.98527217,18746543196.79365,79165951399.67688,80819598118.6907,2123684349.4628468,503270728.38519627,9866601.682522975
2019,testing,uniform_75pct,0.75,125636016.06562595,9373271598.396824,66426225151.83496,68037565013.698265,1350406598.184174,483866378.25892746,9866601.682522975
2019,testing,targeted_75pct,0.75,136149327.03025335,9373271598.396826,68203149539.35661,69788936688.68451,1373394320.8214316,441608624.12456,9866601.682522975
2020,testing,conventional,0.0,161048609.8246955,37493086393.587296,79308644575.60182,81530373411.17896,18254216499.290016,5964821608.675808,9866601.682522975
2020,testing,uniform_25pct,0.25,152126378.9119133,28119814795.190475,75680442102.54941,77828151199.95468,13522469694.840565,4489150999.941068,9866601.682522975
2020,testing,targeted_25pct,0.25,155939434.58611012,28119814795.190475,76855549372.78964,79049801920.4698,11530158291.704002,3690577350.212618,9866601.682522975
2020,testing,uniform_50pct,0.5,137217735.87358707,18746543196.79365,70568749553.19667,72670798207.4515,9803433371.97138,3643942272.8027296,9866601.682522975
2020,testing,targeted_50pct,0.5,137797669.28073382,18746543196.79365,71220582911.17245,73357630891.3599,7165593919.27825,3050418280.2050867,9866601.682522975
2020,testing,uniform_75pct,0.75,119135919.4107973,9373271598.396824,64720946625.8938,66801698043.32935,7047930075.431501,3133797393.16087,9866601.682522975
2020,testing,targeted_75pct,0.75,119568103.31525795,9373271598.396826,64860650323.74988,66950509589.73982,5643847039.157849,2973234821.711624,9866601.682522975
2021,testing,conventional,0.0,158690391.39445698,37493086393.587296,81527612615.5107,83342704029.77788,32952537894.992237,6301287697.3005085,9866601.682522975
2021,testing,uniform_25pct,0.25,154129238.41200468,28119814795.190475,79093632266.98737,80862981002.23244,26274995779.959354,4428344305.215545,9866601.682522975
2021,testing,targeted_25pct,0.25,157972801.27442804,28119814795.190475,80506718952.89636,82294548130.17908,26791012758.62,3755375093.0141807,9866601.682522975
2021,testing,uniform_50pct,0.5,144425646.2801031,18746543196.79365,75246020798.05756,76975187407.19865,20795501597.753403,3561503112.1150293,9866601.682522975
2021,testing,targeted_50pct,0.5,155404321.16433364,18746543196.79365,78237182839.59615,79970621410.17686,19114176816.596794,3134247160.90117,9866601.682522975
2021,testing,uniform_75pct,0.75,132113437.93818758,9373271598.396824,70049597182.01064,71740955279.76202,16589745298.622128,3197524099.0234237,9866601.682522975
2021,testing,targeted_75pct,0.75,143026008.4960997,9373271598.396826,72590271128.09796,74274346263.26187,14432673298.269058,2842166065.3913107,9866601.682522975
2022,testing,conventional,0.0,176074054.3788449,37493086393.587296,86722813683.51651,88906121433.25696,24479666522.548428,2680488117.4720426,9866601.682522975
2022,testing,uniform_25pct,0.25,175320653.22703284,28119814795.190475,85644017064.9041,87775623222.88794,18191821359.443584,1445863817.1237278,9866601.682522975
2022,testing,targeted_25pct,0.25,175937703.27237335,28119814795.190475,85802645664.85373,87939566606.31207,18741116267.657257,752105213.0964416,9866601.682522975
2022,testing,uniform_50pct,0.5,171478421.57731986,18746543196.79365,83726604189.21292,85811745337.53339,13043481350.78432,713347646.4811361,9866601.682522975
2022,testing,targeted_50pct,0.5,174797692.54216754,18746543196.79365,83522558046.74332,85600062816.42944,13759996250.624418,254098211.42686796,9866601.682522975
2022,testing,uniform_75pct,0.75,159200203.54570568,9373271598.396824,79788647538.78923,81836001294.2514,9689174591.651463,394765939.5332582,9866601.682522975
2022,testing,targeted_75pct,0.75,162617874.7438183,9373271598.396826,78552554182.31146,80596046940.49034,10707999731.098845,238094780.3391043,9866601.682522975
2023,testing,conventional,0.0,165511919.97251216,37493086393.587296,87671054883.43839,89880558002.06735,14946990301.94101,3037002195.2785687,9866601.682522975
2023,testing,uniform_25pct,0.25,162325767.01948926,28119814795.190475,85439689094.68315,87563632016.27612,9979431748.123232,1842990033.552935,9866601.682522975
2023,testing,targeted_25pct,0.25,163658154.7204837,28119814795.190475,86551485261.90247,88696676518.90398,8380796568.989348,1396812129.2009416,9866601.682522975
2023,testing,uniform_50pct,0.5,153719013.57598376,18746543196.79365,80909453377.69804,82945663292.35342,5876855185.730473,1330129760.3539941,9866601.682522975
2023,testing,targeted_50pct,0.5,157516173.15869644,18746543196.79365,82978843343.58931,85014194725.25786,4031556539.501326,1005384190.47649,9866601.682522975
2023,testing,uniform_75pct,0.75,137183210.91088802,9373271598.396824,74184952181.09703,76149123495.69858,3241727914.5037336,1116011185.3253605,9866601.682522975
2023,testing,targeted_75pct,0.75,145848230.63192326,9373271598.396826,75990742412.67102,77944623039.87616,2900652838.504244,973380880.7543449,9866601.682522975
2024,testing,conventional,0.0,163631451.666233,37493086393.587296,85493401222.2877,87509737837.32834,24077302767.057434,4385959022.534796,9866601.682522975
2024,testing,uniform_25pct,0.25,156859858.36454725,28119814795.190475,82199660019.29225,84141483097.89462,19152456155.633636,3020006244.0849895,9866601.682522975
2024,testing,targeted_25pct,0.25,163011497.0720678,28119814795.190475,84245610353.74803,86212320364.18295,17443767050.35442,2277843240.272284,9866601.682522975
2024,testing,uniform_50pct,0.5,144606466.77330342,18746543196.79365,77315380668.90678,79200607455.12526,14447693165.511923,2113124671.4170384,9866601.682522975
2024,testing,targeted_50pct,0.5,156621513.02568743,18746543196.79365,80181032049.54291,82059103222.7353,11621849275.61471,1428861411.8994868,9866601.682522975
2024,testing,uniform_75pct,0.75,127030897.6805059,9373271598.396824,70357436925.93413,72201998456.24661,10690205587.910858,1568430108.539506,9866601.682522975
2024,testing,targeted_75pct,0.75,136067146.02834752,9373271598.396826,71760968410.22,73589759315.5997,9305078359.717398,1293084409.6646235,9866601.682522975
2025,testing,conventional,0.0,168021889.48246154,37493086393.587296,90412833766.66776,90925423167.3128,13225530741.154938,2641441676.0908575,9866601.682522975
2025,testing,uniform_25pct,0.25,161490954.14686728,28119814795.190475,86720160034.87946,87164306784.26347,9597443941.676352,1656165396.8361359,9866601.682522975
2025,testing,targeted_25pct,0.25,165931149.59873623,28119814795.190475,88134898788.99315,88587801012.42209,8732675140.11641,1295029661.5269055,9866601.682522975
2025,testing,uniform_50pct,0.5,149754713.6370829,18746543196.79365,81208507466.40262,81600636054.98987,6952797310.408612,1327539688.9829776,9866601.682522975
2025,testing,targeted_50pct,0.5,151556528.85231152,18746543196.79365,82274310017.58359,82666563607.72452,6306494338.931178,846478632.3155425,9866601.682522975
2025,testing,uniform_75pct,0.75,132093239.82334258,9373271598.396824,74576353593.11096,74928272566.97577,5537316888.6301,1016590070.2591907,9866601.682522975
2025,testing,targeted_75pct,0.75,131164115.22321948,9373271598.396826,74240245738.0086,74591774195.70695,5253993430.618125,834757279.5844367,9866601.682522975
