grouping,relative_class,fraction,training_grain_retention_pct,n_unit_years,n_training_years,selection_uses_testing_outcomes
relative_class,higher_storage_dry,0.0,64.50153742021647,68,6,False
relative_class,higher_storage_dry,0.25,73.98167935171155,68,6,False
relative_class,higher_storage_dry,0.5,85.9146967436624,68,6,False
relative_class,higher_storage_dry,0.75,95.53666542023275,68,6,False
relative_class,higher_storage_dry,1.0,100.0,68,6,False
relative_class,higher_storage_wet,0.0,84.52908546519318,124,6,False
relative_class,higher_storage_wet,0.25,91.90523750732616,124,6,False
relative_class,higher_storage_wet,0.5,97.09312221310435,124,6,False
relative_class,higher_storage_wet,0.75,99.31963244584645,124,6,False
relative_class,higher_storage_wet,1.0,100.0,124,6,False
relative_class,lower_storage_dry,0.0,65.98634331510178,109,5,False
relative_class,lower_storage_dry,0.25,74.87617552722693,109,5,False
relative_class,lower_storage_dry,0.5,87.70428648688063,109,5,False
relative_class,lower_storage_dry,0.75,96.61726178267995,109,5,False
relative_class,lower_storage_dry,1.0,100.0,109,5,False
relative_class,lower_storage_wet,0.0,84.81871811228092,51,5,False
relative_class,lower_storage_wet,0.25,91.29128708137607,51,5,False
relative_class,lower_storage_wet,0.5,97.43139191598401,51,5,False
relative_class,lower_storage_wet,0.75,99.52738751947493,51,5,False
relative_class,lower_storage_wet,1.0,100.0,51,5,False
relative_precipitation,dry,0.0,65.42485793334217,177,11,False
relative_precipitation,dry,0.25,74.53791816421277,177,11,False
relative_precipitation,dry,0.5,87.0275458545695,177,11,False
relative_precipitation,dry,0.75,96.20862987787221,177,11,False
relative_precipitation,dry,1.0,100.0,177,11,False
relative_precipitation,wet,0.0,84.60389169299953,175,11,False
relative_precipitation,wet,0.25,91.74666658693019,175,11,False
relative_precipitation,wet,0.5,97.1804904041838,175,11,False
relative_precipitation,wet,0.75,99.37329136006778,175,11,False
relative_precipitation,wet,1.0,100.0,175,11,False
