version,crop,split,variable,n,rmse,bias,nrmse_percent,nse,r_squared
management_refit,maize,calibration,seasonal_et,12,37.44369882876473,3.6044407911438916,12.685612251416622,0.5329894339105217,0.619383486956901
management_refit,maize,calibration,yield,12,2266.7490028353022,-1738.4599718437294,18.78113215692868,-2.940495121337078,0.12838820880986473
management_refit,maize,calibration,biomass,12,4688.413480572278,-4188.488155657676,21.78968310103305,-5.624729633597548,0.07254960756939086
management_refit,maize,validation,seasonal_et,4,55.63675866698126,-35.90231352797284,14.129970455106351,-0.3457376474604412,0.3429641711125568
management_refit,maize,validation,yield,4,1699.7482797998036,1403.1576464351797,15.965973287829309,-3.6407931710011425,0.9722097431193658
management_refit,maize,validation,biomass,4,2037.6906881883672,725.8902572444822,10.43631594462672,-0.31320287510720113,0.1230796235478702
management_refit,wheat,calibration,seasonal_et,12,40.18751710627392,-12.649014269998622,8.973766380262134,0.6889957307578397,0.7576682671772913
management_refit,wheat,calibration,yield,12,1248.8303781383474,-444.7333222873533,16.74324370865295,0.7462147769163537,0.8171262414034682
management_refit,wheat,calibration,biomass,12,4221.704959408589,-2479.695827063688,25.483128527617236,0.4956130593086733,0.7806685947293555
management_refit,wheat,validation,seasonal_et,4,73.8046544136082,48.929252480431074,21.982026631007656,0.5031891772087866,0.9147167812872316
management_refit,wheat,validation,yield,4,3160.685059115145,3107.927445242849,83.26612676240802,-4.654386069664725,0.8698927371760308
management_refit,wheat,validation,biomass,4,5426.749026203555,4908.212496978349,55.65896437131851,-0.7521704592236342,0.9243735197496591
reference,maize,calibration,seasonal_et,12,36.77730270764134,3.802423124571289,12.459842814559458,0.549464550272663,0.6434185939425681
reference,maize,calibration,yield,12,2369.951811241749,-1861.982343499861,19.636218265369994,-3.3074769131606567,0.13551094116805193
reference,maize,calibration,biomass,12,4878.411574472535,-4397.251552097687,22.672710648206976,-6.172544007016438,0.05978075155624686
reference,maize,validation,seasonal_et,4,52.38544088533684,-32.804426355975224,13.30423895500618,-0.1930481392282677,0.40406275255218027
reference,maize,validation,yield,4,1662.7258872967827,1327.6311538042655,15.618216777774549,-3.4408316507109697,0.9540788659546086
reference,maize,validation,biomass,4,2049.878107164245,589.9071106059973,10.498735504042228,-0.32895837255782356,0.17597306091670323
reference,wheat,calibration,seasonal_et,12,41.29361591635388,-14.788686773778243,9.220755321850515,0.6716403164741624,0.7442850117434343
reference,wheat,calibration,yield,12,1337.1888870995858,-581.2900545177745,17.927878607970975,0.709032193856977,0.8120058736139605
reference,wheat,calibration,biomass,12,4475.724403508366,-2832.5892971924163,27.016445091599792,0.43308917544354797,0.7861342337895337
reference,wheat,validation,seasonal_et,4,71.94462058225739,47.37595048018571,21.428032935892,0.5279150022995345,0.9066838683402978
reference,wheat,validation,yield,4,3086.135935558167,3036.543458620833,81.30218013184448,-4.390798689173059,0.8762069773305596
reference,wheat,validation,biomass,4,5212.9882736273275,4717.931707533958,53.46654639617772,-0.6168524016644967,0.93335477039604
management_refit,maize,calibration,seasonal_et_response,3,66.83793280953246,-31.015213029492447,,0.3101982747098072,0.9986654381692439
management_refit,maize,validation,seasonal_et_response,1,52.7360175980927,52.7360175980927,,,
management_refit,wheat,calibration,seasonal_et_response,3,45.79143178096567,-35.79709744438401,,-1.2270116852675819,0.15601104243359187
management_refit,wheat,validation,seasonal_et_response,1,116.37456720775799,-116.37456720775799,,,
reference,maize,calibration,seasonal_et_response,3,64.44858810555002,-29.11577317559418,,0.3586352712625742,0.9678178955098223
reference,maize,validation,seasonal_et_response,1,52.494934896564814,52.494934896564814,,,
reference,wheat,calibration,seasonal_et_response,3,43.626739599341896,-33.78915540971688,,-1.0214339948807027,0.35603974654608855
reference,wheat,validation,seasonal_et_response,1,111.79327277359994,-111.79327277359994,,,
