Crop,Partition,Target,n,Unit,RMSE,Bias,nRMSE_pct,NSE,R²
Maize,Calibration (2016–2018),Seasonal ET,12,mm,37.443698828764724,3.6044407911438903,12.685612251416622,0.5329894339105218,0.619383486956901
Maize,Calibration (2016–2018),Annual grain,12,t ha⁻¹ at 13% moisture,2.2667490028353026,-1.7384599718437295,18.781132156928678,-2.940495121337077,0.12838820880986493
Maize,Calibration (2016–2018),Aboveground biomass,12,t ha⁻¹ dry mass,4.688413480572279,-4.188488155657676,21.789683101033052,-5.624729633597549,0.07254960756939079
Maize,Retrospective testing (2019),Seasonal ET,4,mm,55.63675866698126,-35.90231352797284,14.129970455106351,-0.3457376474604412,0.34296417111255684
Maize,Retrospective testing (2019),Annual grain,4,t ha⁻¹ at 13% moisture,1.6997482797998034,1.403157646435179,15.965973287829309,-3.640793171001139,0.9722097431193667
Maize,Retrospective testing (2019),Aboveground biomass,4,t ha⁻¹ dry mass,2.037690688188366,0.7258902572444823,10.436315944626715,-0.3132028751072,0.12307962354786876
Wheat,Calibration (2016–2018),Seasonal ET,12,mm,40.18751710627392,-12.64901426999862,8.973766380262134,0.6889957307578398,0.7576682671772912
Wheat,Calibration (2016–2018),Annual grain,12,t ha⁻¹ at 13% moisture,1.2488303781383479,-0.44473332228735374,16.743243708652958,0.7462147769163536,0.8171262414034683
Wheat,Calibration (2016–2018),Aboveground biomass,12,t ha⁻¹ dry mass,4.22170495940859,-2.4796958270636873,25.48312852761725,0.49561305930867317,0.7806685947293559
Wheat,Retrospective testing (2019),Seasonal ET,4,mm,73.8046544136082,48.92925248043106,21.982026631007656,0.5031891772087866,0.9147167812872316
Wheat,Retrospective testing (2019),Annual grain,4,t ha⁻¹ at 13% moisture,3.160685059115145,3.107927445242849,83.26612676240802,-4.6543860696647235,0.8698927371760311
Wheat,Retrospective testing (2019),Aboveground biomass,4,t ha⁻¹ dry mass,5.426749026203554,4.908212496978348,55.658964371318504,-0.7521704592236329,0.9243735197496591
