site,crop,split,variable,records,cases,site_years,first_date,last_date
Fengqiu,maize,calibration,biomass,40,9,3,2004-06-27,2006-09-01
Fengqiu,maize,calibration,et,143,2,2,2005-06-08,2006-09-11
Fengqiu,maize,calibration,lai,40,9,3,2004-06-27,2006-09-01
Fengqiu,maize,validation,biomass,32,8,2,2007-06-25,2008-08-27
Fengqiu,maize,validation,et,64,1,1,2007-06-04,2007-09-12
Fengqiu,maize,validation,lai,32,8,2,2007-06-25,2008-08-27
Fengqiu,wheat,calibration,biomass,67,9,3,2003-11-24,2006-05-17
Fengqiu,wheat,calibration,et,360,2,2,2005-01-01,2006-05-29
Fengqiu,wheat,calibration,lai,67,9,3,2003-11-24,2006-05-17
Fengqiu,wheat,validation,biomass,24,4,1,2007-11-27,2008-05-25
Fengqiu,wheat,validation,et,395,2,2,2006-10-15,2008-04-07
Fengqiu,wheat,validation,lai,20,4,1,2007-11-27,2008-05-10
Gucheng,maize,calibration,lai,144,8,2,2018-06-16,2019-10-10
Gucheng,maize,validation,lai,72,4,1,2020-06-15,2020-10-08
Luancheng,maize,calibration,biomass,20,2,2,2004-07-01,2005-08-31
Luancheng,maize,calibration,lai,14,2,2,2004-07-01,2005-08-31
Luancheng,maize,validation,biomass,42,2,2,2006-06-11,2008-10-02
Luancheng,maize,validation,lai,30,2,2,2006-06-11,2008-08-31
Luancheng,wheat,calibration,biomass,34,2,2,2004-03-01,2005-06-13
Luancheng,wheat,calibration,lai,28,2,2,2004-03-01,2005-05-31
Luancheng,wheat,validation,biomass,69,3,3,2005-11-01,2008-06-11
Luancheng,wheat,validation,lai,51,3,3,2005-11-01,2008-06-11
Shangqiu,maize,calibration,biomass,8,2,2,2002-06-10,2004-09-30
Shangqiu,maize,calibration,lai,8,2,2,2002-06-10,2004-09-30
Shangqiu,maize,validation,biomass,32,6,3,2005-06-12,2007-09-26
Shangqiu,maize,validation,lai,32,6,3,2005-06-12,2007-09-26
Shangqiu,wheat,calibration,biomass,52,9,4,2000-10-18,2004-06-07
Shangqiu,wheat,calibration,lai,34,9,4,2000-10-18,2004-06-07
Shangqiu,wheat,validation,biomass,56,8,3,2004-10-12,2007-06-04
Shangqiu,wheat,validation,lai,40,8,3,2004-10-12,2007-06-04
Yucheng,maize,calibration,biomass,27,7,7,1998-09-20,2006-09-09
Yucheng,maize,calibration,et,807,9,9,2005-06-19,2013-09-28
Yucheng,maize,calibration,harvest_biomass,42,7,7,2005-10-11,2011-10-04
Yucheng,maize,calibration,lai,48,10,10,2004-07-15,2013-09-28
Yucheng,maize,calibration,yield,42,7,7,2005-10-11,2011-10-04
Yucheng,maize,validation,et,765,9,9,2014-06-19,2022-10-06
Yucheng,maize,validation,harvest_biomass,48,8,8,2014-10-02,2022-10-06
Yucheng,maize,validation,lai,35,9,9,2014-07-08,2022-10-06
Yucheng,maize,validation,yield,48,8,8,2014-10-02,2022-10-06
Yucheng,wheat,calibration,biomass,40,5,5,1999-06-06,2006-06-11
Yucheng,wheat,calibration,et,1548,9,9,2005-01-01,2013-06-12
Yucheng,wheat,calibration,harvest_biomass,48,8,8,2005-06-10,2013-06-12
Yucheng,wheat,calibration,lai,62,10,10,2004-03-12,2013-05-13
Yucheng,wheat,calibration,yield,48,8,8,2005-06-10,2013-06-12
Yucheng,wheat,validation,et,1593,9,9,2013-10-19,2022-06-10
Yucheng,wheat,validation,harvest_biomass,54,9,9,2014-06-05,2022-06-12
Yucheng,wheat,validation,lai,38,9,9,2013-11-27,2022-05-05
Yucheng,wheat,validation,yield,54,9,9,2014-06-05,2022-06-12
