crop,site,split,variable,bin,das,observed,predicted,site_years,observed_SE
maize,Fengqiu,calibration,biomass,2,16.875,44.2375,665.4152591674929,2,1.0624999999999998
maize,Fengqiu,calibration,biomass,3,24.0,66.05,1428.2702815029243,2,17.549999999999994
maize,Fengqiu,calibration,biomass,4,32.375,656.625,3167.391919633905,2,58.974999999999966
maize,Fengqiu,calibration,biomass,5,38.25,1012.7250000000001,4460.872055613945,2,378.075
maize,Fengqiu,calibration,biomass,7,55.0,5302.5,8518.041958359441,1,
maize,Fengqiu,calibration,biomass,8,58.30555555555555,6851.902777777777,9050.525703182546,3,691.4796920027082
maize,Fengqiu,calibration,biomass,9,68.0,10079.2,12682.634351277224,1,
maize,Fengqiu,calibration,biomass,11,77.0,15907.7,13075.966280187611,1,
maize,Fengqiu,calibration,biomass,12,88.66666666666667,14493.791666666666,16170.518460294712,3,1744.383598410274
maize,Fengqiu,calibration,et,0,3.0,1.8128571428571427,0.7066297864049288,2,0.20428571428571451
maize,Fengqiu,calibration,et,1,10.0,2.150714285714286,1.36526543671375,2,0.29785714285714293
maize,Fengqiu,calibration,et,2,17.0,2.0028571428571427,2.048144537642317,2,0.22285714285714284
maize,Fengqiu,calibration,et,3,24.0,3.585714285714286,2.9258944528383326,2,1.2085714285714286
maize,Fengqiu,calibration,et,4,31.0,4.310714285714285,3.417840235749778,2,0.26357142857142835
maize,Fengqiu,calibration,et,5,37.25,4.96875,4.507453726676001,2,0.6312500000000001
maize,Fengqiu,calibration,et,6,45.0,4.207142857142857,3.5634538317156688,1,
maize,Fengqiu,calibration,et,7,52.0,3.422857142857143,4.396120056627564,1,
maize,Fengqiu,calibration,et,8,57.5,3.9025,4.687259464213501,1,
maize,Fengqiu,calibration,et,10,73.5,2.24,3.080199490200851,1,
maize,Fengqiu,calibration,et,11,80.75,4.295,3.721884860913444,2,0.125
maize,Fengqiu,calibration,et,12,86.75,2.4566666666666666,3.2108741589740504,2,0.19666666666666674
maize,Fengqiu,calibration,et,13,94.0,4.198571428571428,3.2867919526425524,1,
maize,Fengqiu,calibration,et,14,98.5,4.54,4.10082174436959,1,
maize,Fengqiu,calibration,et,15,108.0,3.3879999999999995,2.0871005839702637,1,
maize,Fengqiu,calibration,lai,2,16.875,0.09749999999999995,0.6409992182053235,2,0.012500000000000053
maize,Fengqiu,calibration,lai,3,24.0,0.28,1.2251045904067124,2,0.15
maize,Fengqiu,calibration,lai,4,32.375,0.79,2.29208759104006,2,0.15999999999999995
maize,Fengqiu,calibration,lai,5,38.25,1.1975,2.8653075070642386,2,0.3425
maize,Fengqiu,calibration,lai,7,55.0,5.12,4.44032879146794,1,
maize,Fengqiu,calibration,lai,8,58.30555555555555,4.368333333333333,4.322759609046213,3,0.09892477501167823
maize,Fengqiu,calibration,lai,9,68.0,3.83,4.845165970344422,1,
maize,Fengqiu,calibration,lai,11,77.0,4.29,4.563418891283968,1,
maize,Fengqiu,calibration,lai,12,88.66666666666667,3.573333333333333,3.446495936576697,3,0.2711639008258864
maize,Fengqiu,validation,biomass,2,17.75,86.82499999999999,448.3975508490236,2,46.124999999999986
maize,Fengqiu,validation,biomass,3,22.5,81.35,910.3598773592123,2,28.499999999999996
maize,Fengqiu,validation,biomass,4,32.5,1335.0249999999999,2332.850732190819,2,607.575
maize,Fengqiu,validation,biomass,5,38.0,1278.425,3394.9612119354415,2,49.024999999999864
maize,Fengqiu,validation,biomass,7,55.0,6383.9,6763.296521685638,1,
maize,Fengqiu,validation,biomass,8,58.58333333333333,5632.0125,7848.056235502836,2,3119.8875
maize,Fengqiu,validation,biomass,9,69.0,12253.1,10102.956143573543,1,
maize,Fengqiu,validation,biomass,10,75.0,12273.466666666664,11800.929662904402,1,
maize,Fengqiu,validation,biomass,11,80.5,6707.5,13095.936502358902,1,
maize,Fengqiu,validation,et,0,3.0,2.0614285714285714,0.6569110683118955,1,
maize,Fengqiu,validation,et,1,10.0,2.0885714285714285,1.1942272581671172,1,
maize,Fengqiu,validation,et,2,17.0,1.4214285714285713,1.064337855297793,1,
maize,Fengqiu,validation,et,3,24.0,2.9271428571428575,2.498623242929488,1,
maize,Fengqiu,validation,et,4,31.0,4.702857142857143,2.4525399391733793,1,
maize,Fengqiu,validation,et,5,38.0,1.5971428571428572,3.5366688067344705,1,
maize,Fengqiu,validation,et,6,45.0,3.325714285714286,3.1762110442710765,1,
maize,Fengqiu,validation,et,7,49.5,4.055,3.816714037992363,1,
maize,Fengqiu,validation,et,12,89.0,4.27,3.0977110247624053,1,
maize,Fengqiu,validation,et,13,94.0,2.414285714285714,3.2961697454896703,1,
maize,Fengqiu,validation,et,14,99.0,6.3066666666666675,3.2716354013418183,1,
maize,Fengqiu,validation,lai,2,17.75,0.17,0.4480350297986126,2,0.055
maize,Fengqiu,validation,lai,3,22.5,0.14250000000000002,0.7987085411794405,2,0.012499999999999997
maize,Fengqiu,validation,lai,4,32.5,0.8,1.640062319359382,2,0.26
maize,Fengqiu,validation,lai,5,38.0,1.115,2.123536020060321,2,0.5
maize,Fengqiu,validation,lai,7,55.0,5.73,3.217823079670713,1,
maize,Fengqiu,validation,lai,8,58.58333333333333,4.0375,3.4411226012639182,2,0.30249999999999994
maize,Fengqiu,validation,lai,9,69.0,3.96,3.3806831154364456,1,
maize,Fengqiu,validation,lai,10,75.0,4.286666666666666,3.511658383664742,1,
maize,Fengqiu,validation,lai,11,80.5,3.8175,3.1974500661162617,1,
maize,Gucheng,calibration,lai,0,6.0,0.0134456273491666,0.09938005523486235,2,0.0021262940158333003
maize,Gucheng,calibration,lai,1,7.25,0.0116881190815624,0.13191307583506934,2,0.0017018809184374997
maize,Gucheng,calibration,lai,2,15.75,0.23050273104446867,0.43477692638897925,2,0.0046687310444687566
maize,Gucheng,calibration,lai,3,23.666666666666664,0.9616758116023958,1.1265994461911149,2,0.24388314493572918
maize,Gucheng,calibration,lai,6,46.66666666666667,4.386987033216666,2.6472544043324664,2,0.3581136998833338
maize,Gucheng,calibration,lai,7,50.5,4.7590933277375,3.6357648514677114,2,0.6775253277375003
maize,Gucheng,calibration,lai,9,69.0,4.7304176452375,2.526207641004248,2,0.3735176452375
maize,Gucheng,calibration,lai,10,72.16666666666666,4.442510922595833,2.8782885821985573,2,0.24368425592916676
maize,Gucheng,calibration,lai,12,87.5,4.1062008604816675,1.9768980845479875,2,0.1405008604816671
maize,Gucheng,calibration,lai,13,94.0,3.104512453800001,1.6250188754419894,2,0.5571524538000003
maize,Gucheng,validation,lai,1,7.0,0.0138684999999999,0.1212547821369867,1,
maize,Gucheng,validation,lai,2,16.5,0.1606624999999999,0.447418808093808,1,
maize,Gucheng,validation,lai,3,24.0,0.784346,0.952136904285671,1,
maize,Gucheng,validation,lai,6,48.0,4.07276,2.55233627368984,1,
maize,Gucheng,validation,lai,7,51.333333333333336,4.3894400000000005,2.856468462761042,1,
maize,Gucheng,validation,lai,9,68.0,4.4308000000000005,2.6125712042960214,1,
maize,Gucheng,validation,lai,10,72.0,4.42259,2.5852596793803393,1,
maize,Gucheng,validation,lai,11,77.0,4.81792,2.6686660543113434,1,
maize,Gucheng,validation,lai,12,88.66666666666667,4.353666666666666,1.8417010489374448,1,
maize,Gucheng,validation,lai,13,92.0,3.752460000000001,1.8979071424932008,1,
maize,Luancheng,calibration,biomass,2,17.5,120.0,814.2291406640536,1,
maize,Luancheng,calibration,biomass,6,48.0,748.0,6627.955588789383,1,
maize,Luancheng,calibration,biomass,7,49.0,3052.2000000000003,5789.583289407597,1,
maize,Luancheng,calibration,biomass,11,79.5,8999.4125,13982.5297327253,2,2939.0125
maize,Luancheng,calibration,biomass,15,109.5,7700.0,19840.095196791022,1,
maize,Luancheng,calibration,lai,2,17.5,0.3,0.6579634275370316,1,
maize,Luancheng,calibration,lai,6,48.0,1.1,3.719401700435971,1,
maize,Luancheng,calibration,lai,7,49.0,3.2,3.2210858466161447,1,
maize,Luancheng,calibration,lai,11,79.5,4.35,4.753982083904225,2,0.14999999999999988
maize,Luancheng,calibration,lai,15,109.5,3.75,3.331143485289861,1,
maize,Luancheng,validation,biomass,0,5.5,210.6833333333333,66.01296791910677,1,
maize,Luancheng,validation,biomass,1,9.5,139.025,203.62746270803436,1,
maize,Luancheng,validation,biomass,3,27.0,987.25,1771.9347133745905,1,
maize,Luancheng,validation,biomass,5,35.0,1153.025,3091.4121298922355,1,
maize,Luancheng,validation,biomass,8,58.0,6613.483333333334,8294.21583208757,1,
maize,Luancheng,validation,biomass,9,66.0,7668.625,9870.130875688004,1,
maize,Luancheng,validation,biomass,13,93.5,14998.933333333334,15676.415375114784,1,
maize,Luancheng,validation,biomass,14,104.5,16921.866666666665,18086.05973107119,1,
maize,Luancheng,validation,lai,0,5.5,0.2616666666666666,0.0726899697852134,1,
maize,Luancheng,validation,lai,1,9.5,0.3,0.1978193847011543,1,
maize,Luancheng,validation,lai,3,27.0,1.255,1.222684151148144,1,
maize,Luancheng,validation,lai,5,35.0,1.675,1.967450813364192,1,
maize,Luancheng,validation,lai,8,58.0,3.965,3.513707988800158,1,
maize,Luancheng,validation,lai,9,66.0,4.175,3.559809762997261,1,
maize,Shangqiu,calibration,biomass,1,9.25,38.0,203.96492974265186,2,0.0
maize,Shangqiu,calibration,biomass,4,33.0,3205.0,3780.3669947953103,1,
maize,Shangqiu,calibration,biomass,5,36.0,2890.0,3709.676711904899,1,
maize,Shangqiu,calibration,biomass,9,65.5,6358.0,11139.4424530681,2,108.99999999999999
maize,Shangqiu,calibration,biomass,13,95.75,19263.5,18056.607593441528,2,501.5
maize,Shangqiu,calibration,lai,1,9.25,0.25,0.20361006230135495,2,0.04999999999999999
maize,Shangqiu,calibration,lai,4,33.0,2.6,2.5934300470799485,1,
maize,Shangqiu,calibration,lai,5,36.0,2.6,2.2997591211338486,1,
maize,Shangqiu,calibration,lai,9,65.5,5.3,4.462773492002578,2,0.5
maize,Shangqiu,calibration,lai,13,95.75,0.4,3.2388007478618994,2,0.1
maize,Shangqiu,validation,biomass,1,10.527777777777779,96.33333333333333,265.83892045191095,3,60.34438204542693
maize,Shangqiu,validation,biomass,4,34.0,3122.0,3064.0250258002056,1,
maize,Shangqiu,validation,biomass,5,38.58333333333333,2795.2166666666662,3542.004265365712,2,32.28333333333353
maize,Shangqiu,validation,biomass,9,66.5,7132.75,9018.023123385972,2,674.75
maize,Shangqiu,validation,biomass,10,70.25,4779.5,10537.787070347134,2,1405.9999999999998
maize,Shangqiu,validation,biomass,13,96.16666666666666,16267.783333333333,14634.613855598882,2,2716.216666666667
maize,Shangqiu,validation,biomass,14,99.0,18501.0,16737.21681441094,1,
maize,Shangqiu,validation,lai,1,10.527777777777779,0.35555555555555557,0.25865673353312246,3,0.1313510046392988
maize,Shangqiu,validation,lai,4,34.0,2.8,2.0310542703400754,1,
maize,Shangqiu,validation,lai,5,38.58333333333333,2.493,2.1783810021523387,2,0.09299999999999996
maize,Shangqiu,validation,lai,9,66.5,4.654875,3.29696504436602,2,0.9451249999999998
maize,Shangqiu,validation,lai,10,70.25,4.2212499999999995,3.438642596568569,2,0.7287500000000001
maize,Shangqiu,validation,lai,13,96.16666666666666,1.6864166666666667,2.2988694079419796,2,1.2864166666666665
maize,Shangqiu,validation,lai,14,99.0,0.75,2.2101026140304567,1,
maize,Yucheng,calibration,biomass,2,17.5,126.5,711.7740448197931,1,
maize,Yucheng,calibration,biomass,3,23.0,161.5,1115.6681667692342,2,88.5
maize,Yucheng,calibration,biomass,4,31.5,1218.0,2745.403418074353,1,
maize,Yucheng,calibration,biomass,5,38.5,2756.5,4385.0291037192155,2,395.49999999999994
maize,Yucheng,calibration,biomass,6,44.0,3795.0,4411.714871480556,2,977.0
maize,Yucheng,calibration,biomass,7,53.0,7229.5,8189.663870234832,2,999.4999999999999
maize,Yucheng,calibration,biomass,8,60.5,8192.5,7766.266813305881,2,299.5
maize,Yucheng,calibration,biomass,9,68.0,11867.0,11850.34874210363,2,324.0
maize,Yucheng,calibration,biomass,10,75.0,13259.0,11809.27228673227,1,
maize,Yucheng,calibration,biomass,11,82.0,14841.5,15104.740609857668,2,763.4999999999999
maize,Yucheng,calibration,biomass,12,86.5,13418.0,14949.625562152538,2,384.99999999999994
maize,Yucheng,calibration,biomass,14,101.0,15909.0,18993.722576292195,4,769.4443882872021
maize,Yucheng,calibration,biomass,15,106.0,16368.0,15026.678267062607,1,
maize,Yucheng,calibration,et,0,2.9629629629629632,2.617979961378013,0.63982271873462,9,0.4303751873054065
maize,Yucheng,calibration,et,1,9.988888888888887,2.8272915189378893,1.032538352401128,9,0.3488978656397825
maize,Yucheng,calibration,et,2,16.733333333333334,2.979279800278869,1.8400026860687038,9,0.347777842800239
maize,Yucheng,calibration,et,3,24.022222222222226,3.00732746715715,2.614921140634463,9,0.3205397465362369
maize,Yucheng,calibration,et,4,31.100000000000005,3.60437055832143,3.1548510468816886,9,0.4695646168702452
maize,Yucheng,calibration,et,5,37.72222222222222,3.8957997990386803,4.002115276688504,9,0.22449067215365168
maize,Yucheng,calibration,et,6,45.12962962962963,4.310826458424237,3.9733637685098353,9,0.4407389273764537
maize,Yucheng,calibration,et,7,52.47962962962963,4.3809148347816285,4.189311687452628,9,0.5968249265229136
maize,Yucheng,calibration,et,8,58.50740740740741,4.903957744750266,4.251536419865129,9,0.5702657842781985
maize,Yucheng,calibration,et,9,66.07777777777778,4.9453074963877635,3.827008362126241,9,0.6745240277015127
maize,Yucheng,calibration,et,10,72.95925925925926,4.494950833888369,3.8588252024148773,9,0.351097760233932
maize,Yucheng,calibration,et,11,79.98148148148147,3.6811408804831256,3.431801364639102,9,0.3886559774616318
maize,Yucheng,calibration,et,12,86.88888888888889,3.2300309750088854,3.270105839791112,9,0.3058096185488635
maize,Yucheng,calibration,et,13,93.64074074074074,2.917557830618783,2.9900587666759217,9,0.3042166018312988
maize,Yucheng,calibration,et,14,100.625,1.9223756843241242,2.541399006467341,8,0.1162871181386714
maize,Yucheng,calibration,et,15,106.375,2.2108161937813398,2.808457873544196,4,0.5856050345558963
maize,Yucheng,calibration,lai,2,18.875,0.1062171757291526,0.534807043216745,4,0.02755194526288968
maize,Yucheng,calibration,lai,3,23.0,0.30017765273561103,1.0130106843120605,6,0.07666668230806849
maize,Yucheng,calibration,lai,4,31.25,1.670051876911947,2.2092069542830037,2,0.07994812308805299
maize,Yucheng,calibration,lai,5,38.285714285714285,1.8140314971886105,2.278869902345169,7,0.4103232439468614
maize,Yucheng,calibration,lai,6,43.666666666666664,3.3606962367840167,2.598288931507131,3,0.6694118752112586
maize,Yucheng,calibration,lai,7,53.666666666666664,4.077925258501394,3.7708600336219997,3,0.6297380589127466
maize,Yucheng,calibration,lai,8,58.125,3.398063203015526,3.4274144080175875,8,0.27061106580091365
maize,Yucheng,calibration,lai,9,68.0,4.333669912562382,3.860709413941029,2,0.06633008743761915
maize,Yucheng,calibration,lai,10,75.0,4.3,3.84262525578826,1,
maize,Yucheng,calibration,lai,11,82.0,3.845264471953116,3.3434470654341584,2,0.3547355280468842
maize,Yucheng,calibration,lai,12,86.0,3.8,3.5784823363170983,1,
maize,Yucheng,calibration,lai,14,101.66666666666667,2.4462854974646726,2.4721890124873984,3,0.36124045571038144
maize,Yucheng,calibration,lai,15,106.66666666666667,1.7730311570920498,1.646904454005939,3,0.6852365188402937
maize,Yucheng,validation,et,0,3.65925925925926,2.8681937760177636,0.6784338267390511,9,0.41108721568774076
maize,Yucheng,validation,et,1,9.922222222222224,3.1263216687138575,0.9799607214253643,9,0.34127222500226834
maize,Yucheng,validation,et,2,17.081481481481482,3.6443092717622543,1.8058439431024738,9,0.46914706585391003
maize,Yucheng,validation,et,3,23.977777777777778,3.1149468017185233,2.432936477858153,9,0.24352539739852175
maize,Yucheng,validation,et,4,30.86111111111111,4.4350174161533396,3.1999330668281027,9,0.3168077322776896
maize,Yucheng,validation,et,5,38.21851851851852,4.9327858265356594,3.871599211056833,9,0.5291969709782431
maize,Yucheng,validation,et,6,44.67407407407407,4.413727925264213,3.7838888656344696,9,0.617912429614604
maize,Yucheng,validation,et,7,52.33148148148148,4.785224540124442,3.923295403045044,9,0.42184143583872885
maize,Yucheng,validation,et,8,59.12962962962964,4.706774610386147,3.5516734426483954,9,0.5894470979280385
maize,Yucheng,validation,et,9,66.41296296296295,4.885320912058578,3.990460011796616,9,0.522648040412688
maize,Yucheng,validation,et,10,72.96296296296296,4.42169254532718,3.536896682851458,9,0.49441460232647527
maize,Yucheng,validation,et,11,80.11111111111111,4.703385627765011,3.847237715003958,9,0.3614923508474641
maize,Yucheng,validation,et,12,87.14814814814814,3.875363652017787,3.2970795742388423,9,0.32652535203826166
maize,Yucheng,validation,et,13,94.08148148148149,2.685541642933643,2.9415523704556543,9,0.3235285857438677
maize,Yucheng,validation,et,14,100.55833333333334,2.855760412495636,2.8006594447383777,8,0.7156143268197334
maize,Yucheng,validation,et,15,106.27777777777777,3.3998559651728044,1.9696717769917964,3,1.5955925403942162
maize,Yucheng,validation,lai,2,18.6,0.18563943117848608,0.6466555128221441,5,0.074983518109445
maize,Yucheng,validation,lai,3,22.0,0.14393389952979385,0.869544397455641,4,0.03088954780334025
maize,Yucheng,validation,lai,4,32.0,2.3051783060604536,1.8206457523645128,1,
maize,Yucheng,validation,lai,5,37.75,1.8760475734803381,2.4042925283353522,8,0.23131831102217112
maize,Yucheng,validation,lai,7,52.0,3.902314518090363,3.719424736202084,1,
maize,Yucheng,validation,lai,8,58.714285714285715,3.7096025033296978,3.8927443810366498,7,0.21937912476000693
maize,Yucheng,validation,lai,9,64.0,3.010738465985383,2.9727518600063556,1,
maize,Yucheng,validation,lai,13,97.0,1.5973876195348318,2.2657063955348407,1,
maize,Yucheng,validation,lai,14,103.5,2.3046126795031605,2.058930962403898,2,0.8640688579089393
maize,Yucheng,validation,lai,15,106.6,1.976559123951019,2.053202362239758,5,0.42316725830312363
wheat,Fengqiu,calibration,biomass,1,25.0,32.2,98.86929211700313,1,
wheat,Fengqiu,calibration,biomass,2,40.0,38.1,152.6990567650769,1,
wheat,Fengqiu,calibration,biomass,4,72.0,87.0,283.97074599812294,1,
wheat,Fengqiu,calibration,biomass,6,94.0,114.6,348.77533218553515,1,
wheat,Fengqiu,calibration,biomass,7,112.83333333333334,272.56666666666666,703.5500397355182,2,118.76666666666664
wheat,Fengqiu,calibration,biomass,8,130.75,807.875,1306.902208408808,2,385.92499999999995
wheat,Fengqiu,calibration,biomass,9,139.0,1327.5,1318.1622869331918,1,
wheat,Fengqiu,calibration,biomass,10,155.875,2293.25,2983.1291478172698,2,809.1499999999997
wheat,Fengqiu,calibration,biomass,11,171.04166666666666,3520.401388888889,5629.415358058247,3,986.0886399836007
wheat,Fengqiu,calibration,biomass,12,190.45833333333334,6959.879166666667,8980.322153965686,3,1533.7982787894116
wheat,Fengqiu,calibration,biomass,13,199.91666666666666,9116.525,10035.487470577444,3,2557.949202282628
wheat,Fengqiu,calibration,biomass,14,218.75,8072.2375,10258.001767056474,1,
wheat,Fengqiu,calibration,biomass,15,230.75,9240.4,11617.113896096194,1,
wheat,Fengqiu,calibration,et,0,7.0,2.0613333333333332,1.6084810748093272,1,
wheat,Fengqiu,calibration,et,1,22.0,1.4246666666666667,0.7363186139098185,1,
wheat,Fengqiu,calibration,et,2,37.0,1.274,0.354519307810843,1,
wheat,Fengqiu,calibration,et,3,52.0,0.7253333333333334,0.3370110260763787,1,
wheat,Fengqiu,calibration,et,4,67.0,0.7813333333333332,0.3458494790649961,1,
wheat,Fengqiu,calibration,et,5,84.5,0.8613333333333335,0.6972541144196704,2,0.2113333333333334
wheat,Fengqiu,calibration,et,6,97.0,0.5656666666666667,0.7225562578141353,2,0.18833333333333332
wheat,Fengqiu,calibration,et,7,112.0,0.7876666666666668,0.5930459007700517,2,0.27166666666666683
wheat,Fengqiu,calibration,et,8,127.0,1.22,1.0210093750370128,2,0.7893333333333333
wheat,Fengqiu,calibration,et,9,142.0,2.3049999999999997,2.303537748125307,2,1.3116666666666663
wheat,Fengqiu,calibration,et,10,157.0,2.408666666666667,2.603820352312269,2,0.9
wheat,Fengqiu,calibration,et,11,172.0,3.888,3.0819613193270485,2,0.2433333333333334
wheat,Fengqiu,calibration,et,12,187.0,4.811666666666667,3.3073358005411797,2,0.5296666666666668
wheat,Fengqiu,calibration,et,13,202.0,4.823333333333333,3.8649814635974833,2,0.19266666666666676
wheat,Fengqiu,calibration,et,14,213.5,4.466666666666667,3.9173759218946724,2,0.6733333333333329
wheat,Fengqiu,calibration,et,15,229.0,4.202222222222222,3.7183254675607462,1,
wheat,Fengqiu,calibration,lai,1,25.0,0.03,0.1628617838259415,1,
wheat,Fengqiu,calibration,lai,2,40.0,0.05,0.1749840713197524,1,
wheat,Fengqiu,calibration,lai,4,72.0,0.11,0.2026309013481967,1,
wheat,Fengqiu,calibration,lai,6,94.0,0.14,0.2089292587541635,1,
wheat,Fengqiu,calibration,lai,7,112.83333333333334,0.30166666666666664,0.40202633078619243,2,0.10166666666666666
wheat,Fengqiu,calibration,lai,8,130.75,1.2000000000000002,0.9321897222876713,2,0.6099999999999999
wheat,Fengqiu,calibration,lai,9,139.0,1.7766666666666666,0.7452354621506747,1,
wheat,Fengqiu,calibration,lai,10,155.875,2.3,2.0221827837227724,2,1.3349999999999997
wheat,Fengqiu,calibration,lai,11,171.04166666666666,2.552222222222222,3.107551411032928,3,0.6541784028199413
wheat,Fengqiu,calibration,lai,12,190.45833333333334,2.7687500000000003,2.948073173459266,3,0.2300916936788463
wheat,Fengqiu,calibration,lai,13,199.91666666666666,2.042222222222222,1.9886827886795018,3,0.28504764600646526
wheat,Fengqiu,calibration,lai,14,218.75,1.2525,1.477670009249521,1,
wheat,Fengqiu,calibration,lai,15,230.75,0.2375,0.4243473606489731,1,
wheat,Fengqiu,validation,biomass,2,42.5,248.325,808.5041435075286,1,
wheat,Fengqiu,validation,biomass,10,154.5,397.9249999999999,3632.702227137742,1,
wheat,Fengqiu,validation,biomass,12,192.0,3438.3,11872.18128889438,1,
wheat,Fengqiu,validation,biomass,13,204.0,5370.1875,12441.446752790112,1,
wheat,Fengqiu,validation,biomass,14,222.5,7763.525,16006.592926801257,1,
wheat,Fengqiu,validation,et,0,7.0,1.7886666666666666,1.4443655674224218,2,0.7406666666666666
wheat,Fengqiu,validation,et,1,22.0,1.524,0.7159650376313822,2,0.02800000000000002
wheat,Fengqiu,validation,et,2,37.0,0.5593333333333333,0.7834958137960781,2,0.2406666666666667
wheat,Fengqiu,validation,et,3,52.0,0.847,0.844610169504994,2,0.21300000000000002
wheat,Fengqiu,validation,et,4,67.0,0.6193333333333333,0.6132245423292846,2,0.04133333333333333
wheat,Fengqiu,validation,et,5,82.0,0.5596666666666666,0.4940800078733237,2,0.0030000000000000027
wheat,Fengqiu,validation,et,6,96.88888888888889,0.32299999999999995,0.5656732241557905,2,0.21299999999999994
wheat,Fengqiu,validation,et,7,112.0,0.4089999999999999,0.7300670973888483,2,0.31633333333333336
wheat,Fengqiu,validation,et,8,127.0,0.5356666666666666,0.7295289321546186,2,0.44433333333333336
wheat,Fengqiu,validation,et,9,142.0,0.7026428571428571,2.3757043792648602,2,0.17335714285714288
wheat,Fengqiu,validation,et,10,156.85714285714286,1.5525238095238096,2.6634349621240396,2,0.8268095238095238
wheat,Fengqiu,validation,et,11,171.0,2.159818181818182,2.40557755934884,2,1.726181818181818
wheat,Fengqiu,validation,et,12,187.0,3.656,2.7992814249403746,1,
wheat,Fengqiu,validation,et,13,202.0,4.284666666666666,2.9148931856464486,1,
wheat,Fengqiu,validation,et,14,217.0,4.128,5.720044928484474,1,
wheat,Fengqiu,validation,et,15,225.5,1.965,2.941614658431801,1,
wheat,Fengqiu,validation,lai,2,42.5,0.485,0.7286080207186705,1,
wheat,Fengqiu,validation,lai,10,154.5,1.2275,2.4320057278967626,1,
wheat,Fengqiu,validation,lai,12,192.0,2.5250000000000004,6.782100461320624,1,
wheat,Fengqiu,validation,lai,13,204.0,1.93,4.0391095902789855,1,
wheat,Luancheng,calibration,biomass,2,39.5,746.2,824.400189421672,1,
wheat,Luancheng,calibration,biomass,10,160.5,937.05,2876.772976589117,2,365.49999999999994
wheat,Luancheng,calibration,biomass,12,191.0,1635.7416666666668,5706.779582879697,2,424.4749999999999
wheat,Luancheng,calibration,biomass,14,221.5,7225.075000000001,11205.448797498711,2,2880.6416666666664
wheat,Luancheng,calibration,biomass,16,243.5,10983.266666666666,14306.979536429819,2,5741.666666666667
wheat,Luancheng,calibration,lai,2,39.5,0.8,0.7624438006126107,1,
wheat,Luancheng,calibration,lai,10,160.5,1.7999999999999998,1.4064334817080308,2,0.7499999999999998
wheat,Luancheng,calibration,lai,12,191.0,4.941666666666666,3.259432265217638,2,0.8250000000000001
wheat,Luancheng,calibration,lai,14,221.5,5.175000000000001,2.599286534454106,2,0.5749999999999997
wheat,Luancheng,calibration,lai,16,244.0,2.6,0.1263466220636315,1,
wheat,Luancheng,validation,biomass,1,27.5,717.125,361.2017770962768,1,
wheat,Luancheng,validation,biomass,2,38.5,603.9,707.7146212983521,1,
wheat,Luancheng,validation,biomass,9,149.0,1760.2,1815.6894062184056,1,
wheat,Luancheng,validation,biomass,10,159.0,999.1,2680.458647593667,1,
wheat,Luancheng,validation,biomass,11,179.5,6875.633333333334,4354.911037800013,1,
wheat,Luancheng,validation,biomass,12,190.5,5437.881249999999,4751.098592553405,2,1489.5312499999995
wheat,Luancheng,validation,biomass,14,215.0,8761.783333333333,11917.569635195283,2,652.2833333333338
wheat,Luancheng,validation,biomass,15,231.0,14156.6,13677.105886321306,1,
wheat,Luancheng,validation,biomass,16,243.0,12449.241666666667,15541.534282018976,2,223.09166666666712
wheat,Luancheng,validation,lai,1,27.5,0.5775,0.3689182710414119,1,
wheat,Luancheng,validation,lai,2,38.5,0.75,0.6583590168266362,1,
wheat,Luancheng,validation,lai,9,149.0,1.7183333333333335,0.8578880506754233,1,
wheat,Luancheng,validation,lai,10,159.0,1.0425,1.2907238050388008,1,
wheat,Luancheng,validation,lai,11,179.5,5.898333333333333,2.7190928972322017,1,
wheat,Luancheng,validation,lai,12,190.5,4.47625,3.386408347978999,2,0.35624999999999973
wheat,Luancheng,validation,lai,14,215.0,4.877166666666667,3.228720221813628,2,0.05116666666666702
wheat,Luancheng,validation,lai,15,231.0,0.54,0.3991384277557446,1,
wheat,Shangqiu,calibration,biomass,0,7.333333333333333,26.583333333333332,71.8010223795719,4,0.9166666666666667
wheat,Shangqiu,calibration,biomass,1,28.333333333333336,463.66666666666663,328.0251157556606,2,16.333333333333343
wheat,Shangqiu,calibration,biomass,2,31.833333333333332,445.0,422.2166416517841,3,16.441816606851365
wheat,Shangqiu,calibration,biomass,7,118.08333333333334,5970.0,1179.9440744363087,2,40.0
wheat,Shangqiu,calibration,biomass,8,122.33333333333333,5686.0,1756.389868251459,3,77.18376340483363
wheat,Shangqiu,calibration,biomass,9,147.83333333333331,8518.333333333332,2956.10117844954,2,68.33333333333303
wheat,Shangqiu,calibration,biomass,10,152.0,8371.888888888889,3566.619373789201,3,161.75224920679398
wheat,Shangqiu,calibration,biomass,11,178.33333333333331,10101.333333333332,7054.366586407814,2,58.33333333333303
wheat,Shangqiu,calibration,biomass,12,182.5,9900.22222222222,8212.328390458291,3,76.36276320916015
wheat,Shangqiu,calibration,biomass,15,229.10416666666669,19729.875,15527.883661848336,4,166.59036274146632
wheat,Shangqiu,calibration,lai,0,7.333333333333333,0.1,0.08374562763780698,4,0.0
wheat,Shangqiu,calibration,lai,1,28.333333333333336,1.5666666666666664,0.35265974073442097,2,0.13333333333333341
wheat,Shangqiu,calibration,lai,2,31.833333333333332,1.4333333333333333,0.415452922399814,3,0.06666666666666667
wheat,Shangqiu,calibration,lai,7,118.08333333333334,5.366666666666667,0.6553612047923772,2,0.16666666666666693
wheat,Shangqiu,calibration,lai,8,122.33333333333333,5.01111111111111,0.9790832358143016,3,0.24062675364119687
wheat,Shangqiu,calibration,lai,15,229.10416666666669,0.1,0.04799897877433135,4,0.0
wheat,Shangqiu,validation,biomass,0,6.388888888888889,25.694444444444443,77.57432946462761,3,0.5364779976618881
wheat,Shangqiu,validation,biomass,1,26.166666666666668,366.77777777777777,422.71487647625935,3,75.34232574975846
wheat,Shangqiu,validation,biomass,2,34.5,480.0,823.6134154855571,2,41.99999999999999
wheat,Shangqiu,validation,biomass,7,117.16666666666667,5338.222222222223,1838.7967204236859,3,352.9286116741907
wheat,Shangqiu,validation,biomass,8,125.5,5105.0,2810.6851115436775,2,681.0
wheat,Shangqiu,validation,biomass,9,146.66666666666666,7975.722222222222,3483.875938729819,3,213.33559749955884
wheat,Shangqiu,validation,biomass,10,155.0,8021.0,4548.246092545604,2,293.0
wheat,Shangqiu,validation,biomass,11,177.16666666666666,9536.888888888889,9241.769952412813,3,280.0623166985659
wheat,Shangqiu,validation,biomass,12,185.5,9593.5,10385.432070240153,2,537.5
wheat,Shangqiu,validation,biomass,13,206.0,15407.5,18433.261978235103,1,
wheat,Shangqiu,validation,biomass,14,221.33333333333331,18699.416666666664,19989.519012728088,2,953.0833333333339
wheat,Shangqiu,validation,biomass,15,230.5,19379.333333333332,21160.6921796609,3,125.38119653458587
wheat,Shangqiu,validation,lai,0,6.388888888888889,0.10000000000000002,0.0776396935737325,3,9.813077866773593e-18
wheat,Shangqiu,validation,lai,1,26.166666666666668,1.3666666666666665,0.44706404766354685,3,0.10929064207170004
wheat,Shangqiu,validation,lai,2,34.5,1.925,0.7913946650324719,2,0.425
wheat,Shangqiu,validation,lai,7,117.16666666666667,5.55,1.019494334820293,3,0.4252450274057692
wheat,Shangqiu,validation,lai,8,125.5,5.300000000000001,1.5380424626624603,2,1.0999999999999999
wheat,Shangqiu,validation,lai,9,145.0,5.5,2.6635049507716246,1,
wheat,Shangqiu,validation,lai,13,206.0,4.1,2.006185115136515,1,
wheat,Shangqiu,validation,lai,14,222.5,0.1,0.0,2,0.0
wheat,Shangqiu,validation,lai,15,230.5,0.13333333333333333,0.16886562491395873,3,0.03333333333333334
wheat,Yucheng,calibration,biomass,3,57.0,202.0,224.90913511425157,1,
wheat,Yucheng,calibration,biomass,5,81.5,588.5,578.0363071081975,2,397.49999999999994
wheat,Yucheng,calibration,biomass,7,107.0,909.0,822.769018767251,1,
wheat,Yucheng,calibration,biomass,8,127.0,311.0,572.1548442097215,1,
wheat,Yucheng,calibration,biomass,9,142.83333333333334,701.1666666666666,868.2895227017985,3,131.03572456056062
wheat,Yucheng,calibration,biomass,10,158.16666666666669,1419.3333333333335,1503.9920202956628,2,348.3333333333333
wheat,Yucheng,calibration,biomass,11,170.0,3265.8333333333335,3381.481463438846,3,737.8641662106772
wheat,Yucheng,calibration,biomass,12,186.83333333333334,11787.833333333334,7085.574891514584,3,2610.512981729411
wheat,Yucheng,calibration,biomass,13,203.5,12122.166666666666,11467.092608244837,3,3355.5371941182702
wheat,Yucheng,calibration,biomass,14,218.11111111111111,14476.388888888889,14909.155559834267,3,3505.0672185837075
wheat,Yucheng,calibration,biomass,15,230.33333333333334,13362.5,16356.78350350947,3,2302.581323210974
wheat,Yucheng,calibration,biomass,16,241.0,13115.0,15723.087119153832,1,
wheat,Yucheng,calibration,et,0,7.332771395271395,1.2693779593264205,2.7254296990421905,8,0.17036833180361793
wheat,Yucheng,calibration,et,1,22.012903762903765,1.2686093465090025,1.7264898919332616,7,0.18654142969861084
wheat,Yucheng,calibration,et,2,37.00915750915751,1.1146313316276157,1.055801757603812,7,0.16042690409172783
wheat,Yucheng,calibration,et,3,51.3449407735122,1.0140017377261927,0.7874612003842989,7,0.23889211721389383
wheat,Yucheng,calibration,et,4,66.10606060606061,0.7403823952222264,0.7619049245803656,6,0.11598195949400124
wheat,Yucheng,calibration,et,5,82.70437538651825,0.5407998675171797,0.5494353397159959,7,0.07195280432253794
wheat,Yucheng,calibration,et,6,97.04904817404817,0.6574125953247063,0.48975986809657873,6,0.15560203747883905
wheat,Yucheng,calibration,et,7,111.66200466200466,0.8440853576117786,0.5582810691155995,6,0.16992390221061437
wheat,Yucheng,calibration,et,8,127.24489795918369,1.2025693784249387,0.8288937698022758,7,0.2102471602730857
wheat,Yucheng,calibration,et,9,141.9707792207792,1.5561155118282832,1.002269903582245,8,0.18775848448024735
wheat,Yucheng,calibration,et,10,157.33539377289378,2.519963582259058,1.7145179662232124,8,0.3881393227179352
wheat,Yucheng,calibration,et,11,172.70238095238093,3.6783683841412533,3.021317394576921,9,0.278688591614173
wheat,Yucheng,calibration,et,12,187.10540077206744,4.442643005007792,4.486463507189963,9,0.30248874690980626
wheat,Yucheng,calibration,et,13,202.0530118030118,4.869532191364986,4.974138452906835,9,0.4025943605498685
wheat,Yucheng,calibration,et,14,217.0448717948718,4.1424569944581835,5.464875771275849,9,0.30526754165745545
wheat,Yucheng,calibration,et,15,229.68248541581872,3.3051914962249533,5.0067837495129375,9,0.6242156319455588
wheat,Yucheng,calibration,et,16,240.875,1.970564880176365,5.1294152165043645,4,0.5399123340248201
wheat,Yucheng,calibration,lai,1,26.0,0.1445316717283267,0.3616310685313986,2,0.10786500506166008
wheat,Yucheng,calibration,lai,2,35.4,0.17299948729476583,0.44259053469972215,5,0.04562698873170533
wheat,Yucheng,calibration,lai,3,58.0,0.5528419070823031,0.4557564657686778,1,
wheat,Yucheng,calibration,lai,5,81.5,0.319348287680161,0.3612557235960232,2,0.27880418191093026
wheat,Yucheng,calibration,lai,7,107.0,0.4974490866399075,0.3870595739277859,1,
wheat,Yucheng,calibration,lai,9,141.4375,0.4522938645629738,0.5027489940753881,8,0.09488227789698424
wheat,Yucheng,calibration,lai,10,157.83333333333334,1.41001623786806,0.8310348151643391,4,0.5104642996822301
wheat,Yucheng,calibration,lai,11,170.9,3.6858684040685374,2.5427929824430335,5,0.8182326402343529
wheat,Yucheng,calibration,lai,12,185.85714285714286,4.062023612167912,2.9438414251327756,7,0.4180124860665997
wheat,Yucheng,calibration,lai,13,202.6875,3.998550261734228,4.238375827705973,8,0.562188152362502
wheat,Yucheng,calibration,lai,14,214.8666666666667,3.1225925301176876,2.8998514780110893,5,0.6537366563564102
wheat,Yucheng,calibration,lai,15,230.5,2.5966609964733633,2.236532285037345,2,0.03333900352663698
wheat,Yucheng,validation,et,0,7.710405643738978,2.1090414789550653,2.79298906340989,9,0.4286937803609642
wheat,Yucheng,validation,et,1,21.75850168350168,1.7052554065727485,1.6531281997411749,9,0.2439647817077697
wheat,Yucheng,validation,et,2,36.59315221815222,1.4989615603185424,1.1492487948602552,9,0.1870387251411829
wheat,Yucheng,validation,et,3,51.9345592678926,1.2336228019012825,0.8863224279028183,9,0.21192309945617327
wheat,Yucheng,validation,et,4,67.06049783549784,1.6307753829634963,0.6987338193983454,9,0.4360861292629008
wheat,Yucheng,validation,et,5,81.88147654814321,1.2849778165199666,0.5888877054681033,9,0.22386881976969586
wheat,Yucheng,validation,et,6,96.70155122655122,1.3218908613647677,0.6382789415260751,9,0.19097862768631405
wheat,Yucheng,validation,et,7,112.12584175084174,1.4568317597415483,0.7603653465271216,9,0.20094863659940654
wheat,Yucheng,validation,et,8,126.53265993265993,1.6596074419953302,1.0430628433382103,9,0.2483215439512858
wheat,Yucheng,validation,et,9,142.20637695637697,1.9409513054030991,1.4263560678421654,9,0.16944472467132676
wheat,Yucheng,validation,et,10,156.92336059002727,3.2222705448002893,2.4984409953794233,9,0.2242799882114702
wheat,Yucheng,validation,et,11,172.1019536019536,3.713443110561549,3.6741861793657073,9,0.18838921821151608
wheat,Yucheng,validation,et,12,187.10952380952378,3.656354431687454,4.175664229350978,9,0.31239501121782254
wheat,Yucheng,validation,et,13,202.02258852258853,3.9422046243083875,4.973557865236954,9,0.17362231491104665
wheat,Yucheng,validation,et,14,216.69139194139194,2.739522555491771,4.9032037414022644,9,0.3009372555250232
wheat,Yucheng,validation,et,15,229.0713141025641,1.8910280329668225,3.472632444764357,8,0.27562141984221267
wheat,Yucheng,validation,lai,1,22.8,0.24955939024363077,0.3246944923504332,5,0.049857759282616605
wheat,Yucheng,validation,lai,2,33.8,0.18449724935175074,0.32700843196009827,5,0.038032099873213474
wheat,Yucheng,validation,lai,3,53.0,0.14797323560442,0.3866058449426232,1,
wheat,Yucheng,validation,lai,8,123.0,0.3737667593498128,0.5490939298660427,1,
wheat,Yucheng,validation,lai,9,142.8,1.3074858286242264,0.7529135455993554,5,0.9008550602917473
wheat,Yucheng,validation,lai,10,158.25,2.784150180591285,1.994305364197767,4,0.4891945173735918
wheat,Yucheng,validation,lai,11,172.5,3.7178834786035964,3.044896990033896,6,0.8209166661745533
wheat,Yucheng,validation,lai,12,187.4,3.6830534255936866,4.1221989944478485,5,0.31042390761215866
wheat,Yucheng,validation,lai,13,202.66666666666666,3.7446487204908885,3.94061015607346,6,0.37356571305095937
