harvest_year,period,policy,reduction_fraction,grain_production_t,field_irrigation_m3,crop_et_volume_m3,modeled_total_et_volume_m3,bottom_drainage_volume_m3,runoff_volume_m3,mapped_rotation_area_ha,grain_t_ha,et_mm
2014,testing,conventional,0.0,162364082.10706115,37493086393.587296,83148995629.78514,85575700280.18796,7693806768.661214,1904041984.767805,9866601.682522977,16.455927515008717,867.3269990393035
2014,testing,uniform_25pct,0.25,154845880.4385931,28119814795.190475,79202827255.71956,81555827129.45886,5306633237.304678,925138719.6164428,9866601.682522977,15.693942597568977,826.5847730928601
2014,testing,targeted_25pct,0.25,155712913.81476983,28119814795.190475,79758058648.94339,82124084861.28691,3701085523.862957,636043623.4247948,9866601.682522977,15.781818180680085,832.3441799293054
2014,testing,uniform_50pct,0.5,137896831.6330601,18746543196.79365,71783728329.92984,74068022509.28491,3302019885.434999,652897113.946369,9866601.682522977,13.976122283047172,750.6943615701437
2014,testing,targeted_50pct,0.5,139827571.25649735,18746543196.79365,72464088462.87659,74746634850.57578,1916070438.9392536,462446697.28467655,9866601.682522977,14.171806641812484,757.5722346527564
2014,testing,uniform_75pct,0.75,115900927.09072918,9373271598.396824,62608945016.096176,64843567619.505554,2042755211.979715,544644585.6145005,9866601.682522977,11.746792950609139,657.2026489562766
2014,testing,targeted_75pct,0.75,117623186.75453047,9373271598.396826,62639231494.87319,64872083828.3071,1489568901.2465477,466609700.0346517,9866601.682522977,11.921347444569506,657.4916664895582
2015,testing,conventional,0.0,165088870.69489625,37493086393.587296,81883225266.08107,84249847528.65506,16946725534.436886,3890401086.648013,9866601.682522977,16.73209033940464,853.8892137288716
2015,testing,uniform_25pct,0.25,158180713.0659988,28119814795.190475,78421488839.94759,80668711848.74942,11950291368.057966,2507823482.018812,9866601.682522977,16.031934616980564,817.5936806250166
2015,testing,targeted_25pct,0.25,163585115.93919587,28119814795.190475,80649135712.49661,82948587023.72296,9058698552.494892,1974412761.994376,9866601.682522977,16.5796817590153,840.7006758026162
2015,testing,uniform_50pct,0.5,145345544.92239282,18746543196.79365,73407455726.45892,75573484279.06172,7607462089.788263,1868218803.3768845,9866601.682522977,14.731064412972906,765.9525205413676
2015,testing,targeted_50pct,0.5,158494403.76185143,18746543196.79365,77405091828.53473,79554107057.27896,4252335956.530414,1254411617.2488334,9866601.682522977,16.06372780230883,806.2969360382275
2015,testing,uniform_75pct,0.75,130433944.85652548,9373271598.396824,67512807722.18841,69619225701.89133,4814197531.397084,1523226486.7237363,9866601.682522977,13.219743641578969,705.6049077689034
2015,testing,targeted_75pct,0.75,147112350.6995612,9373271598.396826,71583335682.192,73617521956.09755,3515334140.875206,1184458105.627512,9866601.682522977,14.910133745456246,746.1284475129729
2016,testing,conventional,0.0,163851992.2011141,37493086393.587296,86506383901.28857,89517437994.17615,17767484463.23752,3295395020.0670867,9866601.682522977,16.606730206951628,907.2773065597775
2016,testing,uniform_25pct,0.25,155902061.84726924,28119814795.190475,83245363013.28867,86165930694.98003,11620383539.916689,2075754611.587403,9866601.682522977,15.800988715640916,873.3091034536081
2016,testing,targeted_25pct,0.25,162626080.63922715,28119814795.190475,85159949539.61967,88096370696.80519,11240321139.347786,1674026758.2741542,9866601.682522977,16.48248159518711,892.8745026046108
2016,testing,uniform_50pct,0.5,143753796.57490757,18746543196.79365,78901035698.12717,81723528834.61334,7169869220.612469,1628327209.3233852,9866601.682522977,14.569737504407744,828.2844637315482
2016,testing,targeted_50pct,0.5,156048785.87032664,18746543196.79365,81390445395.50131,84160192031.26181,5858571586.814885,1331389609.1040282,9866601.682522977,15.815859491595853,852.9805371624296
2016,testing,uniform_75pct,0.75,129676591.03952448,9373271598.396824,73204699920.95421,75931213643.80598,4293534131.16198,1411700852.3868625,9866601.682522977,13.142984303220096,769.5781798742859
2016,testing,targeted_75pct,0.75,133348507.89897202,9373271598.396826,73125801990.94397,75815449287.22266,3645430893.735104,1235322486.7088296,9866601.682522977,13.515140490081448,768.4048847488893
2017,testing,conventional,0.0,163438064.00449404,37493086393.587296,88001632602.34296,90340160765.92892,20716094271.067142,4217333746.48436,9866601.682522977,16.564777748553187,915.6157679492759
2017,testing,uniform_25pct,0.25,161285104.64895827,28119814795.190475,86074072381.12364,88367986846.33104,15946788979.07362,2711149179.8513947,9866601.682522977,16.34657097130491,895.6273871160731
2017,testing,targeted_25pct,0.25,163201034.58387157,28119814795.190475,87146597684.38484,89453302298.37134,14703817547.257946,2079593258.0472217,9866601.682522977,16.54075433823935,906.6272783345739
2017,testing,uniform_50pct,0.5,153764204.13820565,18746543196.79365,82203534338.87025,84450768466.50175,12047772634.331142,1982424968.2697704,9866601.682522977,15.584312520750993,855.9255879974569
2017,testing,targeted_50pct,0.5,159819235.22475028,18746543196.79365,84233008170.57326,86497816053.92639,8820594986.84839,1458801511.1158252,9866601.682522977,16.19800214574823,876.6728285701723
2017,testing,uniform_75pct,0.75,139132249.71134374,9373271598.396824,76491097823.85727,78701974599.9185,8691096499.179258,1752347282.2635632,9866601.682522977,14.101334399441004,797.6604015476352
2017,testing,targeted_75pct,0.75,147319030.866025,9373271598.396826,77874146085.28174,80088712322.06247,6892227452.348742,1420891384.0750294,9866601.682522977,14.931081197589627,811.7152683271499
2018,testing,conventional,0.0,159704637.6267265,37493086393.587296,85875416035.5389,88781699452.23065,21876140448.89084,6103841703.51766,9866601.682522977,16.186387447829823,899.8204479004406
2018,testing,uniform_25pct,0.25,154374902.81937698,28119814795.190475,83639709007.4975,86438640103.95612,15539506834.306135,4363010878.042365,9866601.682522977,15.646208065014534,876.0730683703144
2018,testing,targeted_25pct,0.25,159015926.09944177,28119814795.190475,85287372400.76114,88127555763.71095,15400324199.400642,3361527859.3167124,9866601.682522977,16.11658514411418,893.1905695535888
2018,testing,uniform_50pct,0.5,145492695.5726474,18746543196.79365,79868950005.8172,82529587333.7427,10945691981.191795,3198426061.770768,9866601.682522977,14.745978428455585,836.454029353693
2018,testing,targeted_50pct,0.5,154138103.02668023,18746543196.79365,82828799805.6517,85542907388.05072,8611646616.223106,2360290892.6560044,9866601.682522977,15.622207927954559,866.994636457004
2018,testing,uniform_75pct,0.75,132788398.14769636,9373271598.396824,74671849273.8961,77220452633.00424,7372049925.459404,2602392520.0273657,9866601.682522977,13.458372235995768,782.6448773115801
2018,testing,targeted_75pct,0.75,139846973.53647038,9373271598.396826,76032311019.41113,78593451255.32489,5888514582.639486,2288600082.117534,9866601.682522977,14.17377310205861,796.5604955406272
2019,testing,conventional,0.0,176431309.95600632,37493086393.587296,88315185980.76517,90152038899.85638,6413602405.653839,2132765669.5625603,9866601.682522977,17.881669457532137,913.7091148570996
2019,testing,uniform_25pct,0.25,168493827.61709148,28119814795.190475,83701012725.06592,85450617039.34164,3869477103.7853394,980812441.935552,9866601.682522977,17.07718959766562,866.0592551405316
2019,testing,targeted_25pct,0.25,174353643.46612373,28119814795.190475,85742272720.8503,87505920000.04028,3339262210.352784,625383360.8270122,9866601.682522977,17.671093764225006,886.8901655880392
2019,testing,uniform_50pct,0.5,152024203.54075983,18746543196.79365,76186605810.42651,77859100852.15599,2075742768.120706,466166193.56068146,9866601.682522977,15.407959947348955,789.1177059480397
2019,testing,targeted_50pct,0.5,164080638.98527217,18746543196.79365,79165951399.67688,80819598118.6907,2123684349.4628468,503270728.38519627,9866601.682522977,16.629904020136273,819.1229434329858
2019,testing,uniform_75pct,0.75,125636016.06562597,9373271598.396824,66426225151.83496,68037565013.698265,1350406598.184174,483866378.25892746,9866601.682522977,12.733463872182963,689.5744573758902
2019,testing,targeted_75pct,0.75,136149327.03025335,9373271598.396826,68203149539.35661,69788936688.68451,1373394320.8214316,441608624.12456,9866601.682522977,13.799009163552123,707.3249628826494
2020,testing,conventional,0.0,161048609.8246955,37493086393.587296,79308644575.60182,81530373411.17896,18254216499.290016,5964821608.675808,9866601.682522977,16.32260174341141,826.3267945192952
2020,testing,uniform_25pct,0.25,152126378.9119133,28119814795.190475,75680442102.54941,77828151199.95468,13522469694.840565,4489150999.941068,9866601.682522977,15.418315627495085,788.8040249746186
2020,testing,targeted_25pct,0.25,155939434.58611012,28119814795.190475,76855549372.78964,79049801920.4698,11530158291.704002,3690577350.212618,9866601.682522977,15.804776518173483,801.1857016635547
2020,testing,uniform_50pct,0.5,137217735.87358707,18746543196.79365,70568749553.19667,72670798207.4515,9803433371.97138,3643942272.8027296,9866601.682522977,13.90729455681232,736.5332111883628
2020,testing,targeted_50pct,0.5,137797669.28073382,18746543196.79365,71220582911.17245,73357630891.3599,7165593919.27825,3050418280.2050867,9866601.682522977,13.9660719784421,743.4943991029919
2020,testing,uniform_75pct,0.75,119135919.4107973,9373271598.396824,64720946625.8938,66801698043.32935,7047930075.431501,3133797393.16087,9866601.682522977,12.07466595330655,677.048696124597
2020,testing,targeted_75pct,0.75,119568103.31525797,9373271598.396826,64860650323.74988,66950509589.73982,5643847039.157849,2973234821.711624,9866601.682522977,12.118468664550706,678.5569311907196
2021,testing,conventional,0.0,158690391.39445698,37493086393.587296,81527612615.5107,83342704029.77788,32952537894.992237,6301287697.3005085,9866601.682522977,16.083591544548746,844.6951312264429
2021,testing,uniform_25pct,0.25,154129238.41200468,28119814795.190475,79093632266.98737,80862981002.23244,26274995779.95935,4428344305.215545,9866601.682522977,15.621309481360605,819.5626377161611
2021,testing,targeted_25pct,0.25,157972801.27442804,28119814795.190475,80506718952.89636,82294548130.17908,26791012758.62,3755375093.0141807,9866601.682522977,16.01086233715609,834.0718595740012
2021,testing,uniform_50pct,0.5,144425646.2801031,18746543196.79365,75246020798.05756,76975187407.19865,20795501597.753403,3561503112.1150293,9866601.682522977,14.637830828412664,780.1590647319557
2021,testing,targeted_50pct,0.5,155404321.16433364,18746543196.79365,78237182839.59615,79970621410.17686,19114176816.59679,3134247160.90117,9866601.682522977,15.750541692547113,810.5183930940615
2021,testing,uniform_75pct,0.75,132113437.93818758,9373271598.396824,70049597182.01064,71740955279.76202,16589745298.622128,3197524099.0234237,9866601.682522977,13.389963656098967,727.109065392181
2021,testing,targeted_75pct,0.75,143026008.4960997,9373271598.396826,72590271128.09796,74274346263.26187,14432673298.269058,2842166065.3913107,9866601.682522977,14.495974713304399,752.7854944709724
2022,testing,conventional,0.0,176074054.3788449,37493086393.587296,86722813683.51651,88906121433.25696,24479666522.548428,2680488117.4720426,9866601.682522977,17.845460883530997,901.0814897974363
2022,testing,uniform_25pct,0.25,175320653.22703284,28119814795.190475,85644017064.9041,87775623222.88794,18191821359.443584,1445863817.1237278,9866601.682522977,17.769102155768977,889.6236622014211
2022,testing,targeted_25pct,0.25,175937703.27237335,28119814795.190475,85802645664.85373,87939566606.31207,18741116267.657257,752105213.0964416,9866601.682522977,17.8316414236137,891.2852614906124
2022,testing,uniform_50pct,0.5,171478421.57731986,18746543196.79365,83726604189.21292,85811745337.53339,13043481350.78432,713347646.4811361,9866601.682522977,17.379684221069247,869.7193633501436
2022,testing,targeted_50pct,0.5,174797692.54216754,18746543196.79365,83522558046.74332,85600062816.42944,13759996250.624418,254098211.42686796,9866601.682522977,17.716099034563463,867.5739182626126
2022,testing,uniform_75pct,0.75,159200203.54570568,9373271598.396824,79788647538.78923,81836001294.2514,9689174591.651464,394765939.5332582,9866601.682522977,16.135262035326917,829.4243948168101
2022,testing,targeted_75pct,0.75,162617874.7438183,9373271598.396826,78552554182.31146,80596046940.49034,10707999731.098845,238094780.3391043,9866601.682522977,16.481649911120716,816.8572071096442
2023,testing,conventional,0.0,165511919.97251216,37493086393.587296,87671054883.43839,89880558002.06735,14946990301.94101,3037002195.2785687,9866601.682522977,16.77496723777637,910.9576011492957
2023,testing,uniform_25pct,0.25,162325767.01948926,28119814795.190475,85439689094.68315,87563632016.27612,9979431748.123232,1842990033.552935,9866601.682522977,16.452044203529773,887.475088523948
2023,testing,targeted_25pct,0.25,163658154.7204837,28119814795.190475,86551485261.90247,88696676518.90398,8380796568.989348,1396812129.2009416,9866601.682522977,16.587084386955294,898.9587233060721
2023,testing,uniform_50pct,0.5,153719013.57598376,18746543196.79365,80909453377.69804,82945663292.35342,5876855185.730473,1330129760.353994,9866601.682522977,15.579732366035522,840.6710431949199
2023,testing,targeted_50pct,0.5,157516173.15869644,18746543196.79365,82978843343.58931,85014194725.25786,4031556539.501326,1005384190.47649,9866601.682522977,15.964582155749717,861.6360268789019
2023,testing,uniform_75pct,0.75,137183210.91088802,9373271598.396824,74184952181.09703,76149123495.69858,3241727914.5037336,1116011185.3253603,9866601.682522977,13.903795382141043,771.7867402165826
2023,testing,targeted_75pct,0.75,145848230.63192326,9373271598.396826,75990742412.67102,77944623039.87616,2900652838.504244,973380880.7543448,9866601.682522977,14.782012624495508,789.9844905864796
2024,testing,conventional,0.0,163631451.666233,37493086393.587296,85493401222.2877,87509737837.32834,24077302767.05743,4385959022.534796,9866601.682522977,16.584377978496747,886.9288601397288
2024,testing,uniform_25pct,0.25,156859858.36454725,28119814795.190475,82199660019.29225,84141483097.89462,19152456155.633636,3020006244.0849895,9866601.682522977,15.89806332634245,852.7909183456458
2024,testing,targeted_25pct,0.25,163011497.0720678,28119814795.190475,84245610353.74803,86212320364.18295,17443767050.35442,2277843240.272284,9866601.682522977,16.521544328764705,873.7792721164934
2024,testing,uniform_50pct,0.5,144606466.77330342,18746543196.79365,77315380668.90678,79200607455.12526,14447693165.511925,2113124671.4170384,9866601.682522977,14.656157350453238,802.7141462031026
2024,testing,targeted_50pct,0.5,156621513.02568743,18746543196.79365,80181032049.54291,82059103222.7353,11621849275.61471,1428861411.8994868,9866601.682522977,15.873906545058574,831.6855779035774
2024,testing,uniform_75pct,0.75,127030897.6805059,9373271598.396824,70357436925.93413,72201998456.24661,10690205587.910858,1568430108.539506,9866601.682522977,12.874837939948437,731.7818310648975
2024,testing,targeted_75pct,0.75,136067146.02834752,9373271598.396826,71760968410.22,73589759315.5997,9305078359.717398,1293084409.6646235,9866601.682522977,13.790679953095458,745.8470675465857
2025,testing,conventional,0.0,168021889.48246154,37493086393.587296,90412833766.66776,90925423167.3128,13225530741.154938,2641441676.0908575,9866601.682522977,17.02935771493482,921.5475205447067
2025,testing,uniform_25pct,0.25,161490954.14686728,28119814795.190475,86720160034.87946,87164306784.26347,9597443941.676352,1656165396.836136,9866601.682522977,16.367434233503243,883.4278466785618
2025,testing,targeted_25pct,0.25,165931149.59873623,28119814795.190475,88134898788.99315,88587801012.42209,8732675140.11641,1295029661.5269055,9866601.682522977,16.817457006768127,897.8552480672292
2025,testing,uniform_50pct,0.5,149754713.6370829,18746543196.79365,81208507466.40262,81600636054.98987,6952797310.408612,1327539688.9829776,9866601.682522977,15.177942563785479,827.0389205994974
2025,testing,targeted_50pct,0.5,151556528.85231152,18746543196.79365,82274310017.58359,82666563607.72452,6306494338.931178,846478632.3155425,9866601.682522977,15.360560173496047,837.8423115443529
2025,testing,uniform_75pct,0.75,132093239.82334258,9373271598.396824,74576353593.11096,74928272566.97577,5537316888.6301,1016590070.2591908,9866601.682522977,13.387916536381873,759.41316957893
2025,testing,targeted_75pct,0.75,131164115.22321948,9373271598.396826,74240245738.0086,74591774195.70695,5253993430.618125,834757279.5844367,9866601.682522977,13.293747882369127,756.0026906511664
