crop,split,year,treatment,observed,predicted
maize,calibration,2016,W1,0.8426966292134821,0.2921887667994015
maize,calibration,2016,W2,-0.4494382022471928,0.8929658239396832
maize,calibration,2016,W3,-0.33707865168539686,0.6675677703866277
maize,calibration,2017,W1,-1.0112359550561796,-1.3972749512816773
maize,calibration,2017,W2,0.8426966292134803,-1.2765854633858345
maize,calibration,2017,W3,0.0,-0.35150163083672853
maize,calibration,2018,W1,0.9550561797752817,-0.5441601901190388
maize,calibration,2018,W2,-3.1460674157303368,0.26685740098594396
maize,calibration,2018,W3,-1.4044943820224727,0.40740287669655484
maize,validation,2019,W1,1.7415730337078585,-0.4228234777911075
maize,validation,2019,W2,0.5056179775280889,-0.170815683161185
maize,validation,2019,W3,-0.3370786516853932,-0.00386479417406008
wheat,calibration,2016,W1,-0.17069494046113506,0.1287538509345177
wheat,calibration,2016,W2,1.6642756694960672,1.5079178409187444
wheat,calibration,2016,W3,2.3043816962253287,1.5483029767158278
wheat,calibration,2017,W1,1.0241696427668112,0.2522138667947302
wheat,calibration,2017,W2,2.816466517608734,2.954376882682808
wheat,calibration,2017,W3,2.9018139878393003,3.4834973741291932
wheat,calibration,2018,W1,0.5974322916139736,1.3282178707606964
wheat,calibration,2018,W2,3.8406361603755443,4.343350963322379
wheat,calibration,2018,W3,4.096678571067248,4.100890643268316
wheat,validation,2019,W1,0.89614843742096,-0.31621327152135564
wheat,validation,2019,W2,3.0298351931851517,1.7598553364191012
wheat,validation,2019,W3,3.0298351931851517,1.5760707774394551
