crop,split,variable,n_sites,n_site_years,comparison,unit,n,observed_mean,predicted_mean,rmse,bias,nrmse_percent,nse,r_squared,partition_label
maize,calibration,biomass,4,14,Conditional transfer with inherited growth calibration,t ha⁻¹ dry mass,95,8.193683669871794,10.866145484061377,4.384045860633065,2.6724618141895826,53.50518810914336,0.5215304498605116,0.7341354942182444,Prior calibration partition
maize,calibration,et,2,11,Conditional transfer with inherited growth calibration,mm/day,950,3.384229355785152,2.9598945502864713,2.11490526369883,-0.4243348054986804,62.49296490746164,0.1668240271672078,0.2187022754449812,Prior calibration partition
maize,calibration,harvest_biomass,1,7,Conditional transfer with inherited growth calibration,t ha⁻¹ dry mass,42,15.63951786255702,17.494632818056306,3.07450081916624,1.8551149554992872,19.658539644159895,-0.9162269222085582,0.08288003189922695,Prior calibration partition
maize,calibration,lai,5,19,Conditional transfer with inherited growth calibration,m2/m2,254,2.525817740181984,2.6881656080643808,1.1375225433424512,0.16234786788239636,45.03581257056549,0.6208452466184298,0.629856429024743,Prior calibration partition
maize,calibration,yield,1,7,Conditional transfer with inherited growth calibration,t ha⁻¹ dry mass,42,7.439339195204302,8.09663539002846,1.4021133515242379,0.657296194824157,18.847283538679036,0.06923182545663542,0.4148391283374883,Prior calibration partition
maize,validation,biomass,3,7,Conditional transfer with inherited growth calibration,t ha⁻¹ dry mass,106,5.765991043871252,6.923599078269422,2.7887583096251616,1.1576080343981703,48.36563720627643,0.7964991255174169,0.8326344775126436,Retrospective evaluation
maize,validation,et,2,10,Conditional transfer with inherited growth calibration,mm/day,829,3.411844122529482,2.677808274911408,2.5721574363047757,-0.7340358476180742,75.38906655553252,0.0116820842212072,0.12101981521424202,Retrospective evaluation
maize,validation,harvest_biomass,1,8,Conditional transfer with inherited growth calibration,t ha⁻¹ dry mass,48,18.937011093072783,17.804894763643958,3.7186573859675147,-1.1321163294288192,19.636981610724256,-0.39720883237856297,0.013129470373698956,Retrospective evaluation
maize,validation,lai,5,17,Conditional transfer with inherited growth calibration,m2/m2,201,2.156369399572295,1.9567383694136482,0.9946262076503002,-0.19963103015864675,46.12503812415346,0.6894282544617004,0.7250350791188165,Retrospective evaluation
maize,validation,yield,1,8,Conditional transfer with inherited growth calibration,t ha⁻¹ dry mass,48,9.78673663737562,8.200938090392196,2.2855840217587216,-1.5857985469834228,23.35389319694227,-1.5659462432971272,0.0014092377529595261,Retrospective evaluation
wheat,calibration,biomass,4,14,Conditional transfer with inherited growth calibration,t ha⁻¹ dry mass,193,6.662036189928536,7.415511243167024,4.013566205812114,0.7534750532384887,60.24533778245909,0.5434230148681436,0.5991817004866233,Prior calibration partition
wheat,calibration,et,2,11,Conditional transfer with inherited growth calibration,mm/day,1908,2.3624852541844064,2.2522133980294505,1.7697639319280623,-0.11027185615495538,74.9111101876076,0.41235880589527296,0.43933534910150107,Prior calibration partition
wheat,calibration,harvest_biomass,1,8,Conditional transfer with inherited growth calibration,t ha⁻¹ dry mass,48,15.011780156249307,16.891812363209606,2.771445170877685,1.8800322069603,18.461802278152536,-0.8158440032358611,0.12015448073922205,Prior calibration partition
wheat,calibration,lai,4,19,Conditional transfer with inherited growth calibration,m2/m2,191,2.4075743414368356,1.6335598130089288,1.7272522450061287,-0.7740145284279065,71.74242619545896,0.28195876330439207,0.4343340651897283,Prior calibration partition
wheat,calibration,yield,1,8,Conditional transfer with inherited growth calibration,t ha⁻¹ dry mass,48,6.350380930887617,7.301239106024123,1.255567344517228,0.9508581751365052,19.771528010395,-0.7226054350366578,0.33398136786961996,Prior calibration partition
wheat,validation,biomass,3,7,Conditional transfer with inherited growth calibration,t ha⁻¹ dry mass,149,5.756116725455614,7.070177684465385,4.412994356066407,1.3140609590097703,76.66617211827138,0.34942760977232135,0.6206128791276634,Retrospective evaluation
wheat,validation,et,2,11,Conditional transfer with inherited growth calibration,mm/day,1988,1.7710341869010098,1.9116524525686742,1.8092048539319678,0.14061826566766464,102.15527556233964,0.12051486849160864,0.25406808044831397,Retrospective evaluation
wheat,validation,harvest_biomass,1,9,Conditional transfer with inherited growth calibration,t ha⁻¹ dry mass,54,14.66367889618753,16.789557872084632,2.735629938337105,2.1258789758971046,18.6558227147783,-1.0492842976832621,0.34077352482264944,Retrospective evaluation
wheat,validation,lai,4,16,Conditional transfer with inherited growth calibration,m2/m2,149,2.2594784373758445,1.9210318787668024,1.843413449248793,-0.33844655860904205,81.5857951443755,0.18429652739796087,0.31406296561466307,Retrospective evaluation
wheat,validation,yield,1,9,Conditional transfer with inherited growth calibration,t ha⁻¹ dry mass,54,6.897744126996699,7.382472167810374,0.8340334928342521,0.4847280408136759,12.091395063060903,0.09934888671257991,0.48986016349853045,Retrospective evaluation
