reduction_fraction,outcome_group,mapped_source_cell_count,representative_unit_count,rotation_area_ha,rotation_area_Mha,area_fraction,area_pct,mean_delta_grain_kg_ha_yr,mean_delta_grain_t_ha_yr,mean_delta_irrigation_mm_yr,mean_delta_total_et_mm_yr,mean_delta_bottom_drainage_mm_yr,regional_grain_contribution_t_yr,regional_grain_contribution_Mt_yr,regional_irrigation_contribution_m3_yr,regional_total_et_contribution_m3_yr,mean_grain_gain_years,mean_grain_loss_years,grain_gain_years_min,grain_gain_years_max,grain_loss_years_min,grain_loss_years_max
0.25,loss,1606,11,3236360.105113975,3.2363601051139748,0.32801163047319953,32.80116304731995,-182.40452646673026,-0.18240452646673025,-109.54990297264816,-18.739973386161275,-73.74790918279712,-590326.732449132,-0.5903267324491319,-3545429354.9978533,-606493022.3786999,0.09433688483354287,10.368141771714402,0,2,9,12
0.25,unchanged,839,8,2898210.6774112573,2.8982106774112575,0.2937395032927041,29.373950329270407,0.0,0.0,0.0,0.0,0.0,0.0,0.0,0.0,0.0,0.0,0.0,0,0,0,0
0.25,gain,1196,13,3732030.899997741,3.732030899997741,0.37824886623409615,37.82488662340962,1176.6166275380212,1.1766166275380212,95.00000000000001,54.32824006235734,37.406599986931624,4391169.611423028,4.391169611423028,3545429354.997854,2027546706.5521278,12.0,0.0,12,12,0,0
0.5,loss,1639,12,3710269.2639402286,3.7102692639402286,0.37604328048555424,37.60432804855543,-902.7598900281209,-0.902759890028121,-139.03645106717664,-55.06885398937871,-73.89604542085736,-3349482.272689398,-3.349482272689398,-5158626709.618751,-2043202763.5720408,0.6992281433237618,11.288115489334263,0,2,9,12
0.5,unchanged,621,6,1822925.9726074177,1.8229259726074176,0.1847572275909774,18.47572275909774,0.0,0.0,0.0,0.0,0.0,0.0,0.0,0.0,0.0,0.0,0.0,0,0,0,0
0.5,gain,1381,14,4333406.445975328,4.333406445975328,0.4391994919234683,43.91994919234683,2438.750186165318,2.438750186165318,119.04322324553361,94.41905176761679,23.874900332864957,10568095.776852319,10.568095776852319,5158626709.618753,4091561275.526688,11.999999999999998,0.0,12,12,0,0
0.75,loss,2403,18,5927657.752224135,5.927657752224135,0.6007800804124873,60.07800804124873,-1262.9962886146986,-1.2629962886146986,-95.0,-69.516850617097,-22.387455280341367,-7486609.74123723,-7.486609741237229,-5631274864.612928,-4120720984.706422,0.7184285025825642,11.273649560506612,0,2,9,12
0.75,unchanged,127,1,284165.7542616725,0.2841657542616725,0.028800772890733427,2.8800772890733426,0.0,0.0,0.0,0.0,0.0,0.0,0.0,0.0,0.0,0.0,0.0,0,0,0,0
0.75,gain,1111,13,3654778.1760371663,3.6547781760371665,0.3704191466967792,37.041914669677915,3858.0803847380666,3.8580803847380665,154.07979892007717,141.7318533819625,12.79876006596511,14100427.99153776,14.10042799153776,5631274864.61293,5179984845.89696,12.0,0.0,12,12,0,0
