reduction_fraction,harvest_year,outcome_group,representative_unit_count,rotation_area_ha,area_pct
0.25,2014,loss,11,3236360.1051139757,32.80116304731997
0.25,2014,unchanged,8,2898210.6774112573,29.373950329270407
0.25,2014,gain,13,3732030.899997741,37.82488662340962
0.25,2015,loss,7,2005165.2405996895,20.322754532105034
0.25,2015,unchanged,11,4023710.007409604,40.78111326351533
0.25,2015,gain,14,3837726.4345136797,38.89613220437961
0.25,2016,loss,11,3236360.1051139757,32.80116304731997
0.25,2016,unchanged,8,2898210.6774112573,29.373950329270407
0.25,2016,gain,13,3732030.899997741,37.82488662340962
0.25,2017,loss,4,1123492.7578347314,11.386825920264013
0.25,2017,unchanged,15,5011078.024690501,50.78828745632636
0.25,2017,gain,13,3732030.899997741,37.82488662340962
0.25,2018,loss,6,1451795.5149400258,14.714240643884889
0.25,2018,unchanged,12,4635816.736843141,46.984938543274836
0.25,2018,gain,14,3778989.430739807,38.30082081284026
0.25,2019,loss,11,3236360.1051139757,32.80116304731997
0.25,2019,unchanged,8,2898210.6774112573,29.373950329270407
0.25,2019,gain,13,3732030.899997741,37.82488662340962
0.25,2020,loss,11,3236360.1051139757,32.80116304731997
0.25,2020,unchanged,8,2898210.6774112573,29.373950329270407
0.25,2020,gain,13,3732030.899997741,37.82488662340962
0.25,2021,loss,11,3236360.1051139757,32.80116304731997
0.25,2021,unchanged,8,2898210.6774112573,29.373950329270407
0.25,2021,gain,13,3732030.899997741,37.82488662340962
0.25,2022,loss,11,3236360.1051139757,32.80116304731997
0.25,2022,unchanged,8,2898210.6774112573,29.373950329270407
0.25,2022,gain,13,3732030.899997741,37.82488662340962
0.25,2023,loss,11,3236360.1051139757,32.80116304731997
0.25,2023,unchanged,8,2898210.6774112573,29.373950329270407
0.25,2023,gain,13,3732030.899997741,37.82488662340962
0.25,2024,loss,9,3083706.0398559705,31.253983276919318
0.25,2024,unchanged,8,2898210.6774112573,29.373950329270407
0.25,2024,gain,15,3884684.9652557457,39.37206639381026
0.25,2025,loss,11,3236360.1051139757,32.80116304731997
0.25,2025,unchanged,8,2898210.6774112573,29.373950329270407
0.25,2025,gain,13,3732030.899997741,37.82488662340962
0.5,2014,loss,12,3710269.2639402286,37.60432804855543
0.5,2014,unchanged,6,1822925.9726074177,18.47572275909774
0.5,2014,gain,14,4333406.445975328,43.91994919234683
0.5,2015,loss,11,3604573.7294242904,36.53308246758544
0.5,2015,unchanged,6,1822925.9726074177,18.47572275909774
0.5,2015,gain,15,4439101.980491267,44.99119477331683
0.5,2016,loss,11,3075590.151223355,31.171727107127932
0.5,2016,unchanged,6,1822925.9726074177,18.47572275909774
0.5,2016,gain,15,4968085.558692202,50.35255013377432
0.5,2017,loss,11,3663310.7331981626,37.128393859124785
0.5,2017,unchanged,7,1869884.503349484,18.951656948528385
0.5,2017,gain,14,4333406.445975328,43.91994919234683
0.5,2018,loss,11,3663310.7331981626,37.128393859124785
0.5,2018,unchanged,6,1822925.9726074177,18.47572275909774
0.5,2018,gain,15,4380364.976717395,44.39588338177748
0.5,2019,loss,12,3710269.2639402286,37.60432804855543
0.5,2019,unchanged,6,1822925.9726074177,18.47572275909774
0.5,2019,gain,14,4333406.445975328,43.91994919234683
0.5,2020,loss,12,3710269.2639402286,37.60432804855543
0.5,2020,unchanged,6,1822925.9726074177,18.47572275909774
0.5,2020,gain,14,4333406.445975328,43.91994919234683
0.5,2021,loss,12,3710269.2639402286,37.60432804855543
0.5,2021,unchanged,6,1822925.9726074177,18.47572275909774
0.5,2021,gain,14,4333406.445975328,43.91994919234683
0.5,2022,loss,9,2258204.15068546,22.887354971321976
0.5,2022,unchanged,6,1822925.9726074177,18.47572275909774
0.5,2022,gain,17,5785471.559230097,58.636922269580275
0.5,2023,loss,11,3507996.9317717343,35.55425712568858
0.5,2023,unchanged,6,1822925.9726074177,18.47572275909774
0.5,2023,gain,15,4535678.778143822,45.97002011521367
0.5,2024,loss,10,3557615.1986822244,36.057148278154784
0.5,2024,unchanged,6,1822925.9726074177,18.47572275909774
0.5,2024,gain,16,4486060.511233332,45.46712896274746
0.5,2025,loss,12,3710269.2639402286,37.60432804855543
0.5,2025,unchanged,6,1822925.9726074177,18.47572275909774
0.5,2025,gain,14,4333406.445975328,43.91994919234683
0.75,2014,loss,18,5927657.752224135,60.07800804124873
0.75,2014,unchanged,1,284165.7542616725,2.8800772890733426
0.75,2014,gain,13,3654778.1760371653,37.041914669677915
0.75,2015,loss,15,4633644.037601089,46.962917797814924
0.75,2015,unchanged,1,284165.7542616725,2.8800772890733426
0.75,2015,gain,16,4948791.890660212,50.15700491311173
0.75,2016,loss,17,5292978.639507261,53.64540709982123
0.75,2016,unchanged,1,284165.7542616725,2.8800772890733426
0.75,2016,gain,14,4289457.288754039,43.4745156111054
0.75,2017,loss,17,5880699.221482069,59.60207385181809
0.75,2017,unchanged,2,331124.2850037387,3.3560114785039885
0.75,2017,gain,13,3654778.1760371653,37.041914669677915
0.75,2018,loss,17,5880699.221482069,59.60207385181809
0.75,2018,unchanged,1,284165.7542616725,2.8800772890733426
0.75,2018,gain,14,3701736.7067792322,37.51784885910856
0.75,2019,loss,18,5927657.752224135,60.07800804124873
0.75,2019,unchanged,1,284165.7542616725,2.8800772890733426
0.75,2019,gain,13,3654778.1760371653,37.041914669677915
0.75,2020,loss,17,5816492.130579748,58.95132202288743
0.75,2020,unchanged,1,284165.7542616725,2.8800772890733426
0.75,2020,gain,14,3765943.7976815524,38.168600688039206
0.75,2021,loss,18,5927657.752224135,60.07800804124873
0.75,2021,unchanged,1,284165.7542616725,2.8800772890733426
0.75,2021,gain,13,3654778.1760371653,37.041914669677915
0.75,2022,loss,14,4110802.8466246934,41.66381677195188
0.75,2022,unchanged,1,284165.7542616725,2.8800772890733426
0.75,2022,gain,17,5471633.081636608,55.456105938974765
0.75,2023,loss,17,5725385.420055641,58.027937118381885
0.75,2023,unchanged,1,284165.7542616725,2.8800772890733426
0.75,2023,gain,14,3857050.5082056597,39.09198559254475
0.75,2024,loss,16,5775003.6869661305,58.53082827084809
0.75,2024,unchanged,1,284165.7542616725,2.8800772890733426
0.75,2024,gain,15,3807432.241295171,38.58909444007856
0.75,2025,loss,18,5927657.752224135,60.07800804124873
0.75,2025,unchanged,1,284165.7542616725,2.8800772890733426
0.75,2025,gain,13,3654778.1760371653,37.041914669677915
