site,crop,split,variable,n_sites,n_site_years,unit,n,observed_mean,predicted_mean,rmse,bias,nrmse_percent,nse,r_squared
Fengqiu,maize,calibration,biomass,1,3,kg/ha,40,5868.746309523809,7788.759879951722,2956.1296770782205,1920.013570427912,50.37071839825499,0.751235787888145,0.8566941421720015
Fengqiu,maize,calibration,et,1,2,mm/day,143,3.234627976190476,2.867825368879152,2.1875794662425427,-0.36680260731132386,67.63001749644557,0.2365272655394436,0.2589922455905682
Fengqiu,maize,calibration,lai,1,3,m2/m2,40,2.458589285714286,2.9834544138662746,0.9570485802636094,0.5248651281519892,38.926736800838256,0.7051518256213445,0.8109262290745334
Fengqiu,maize,validation,biomass,1,2,kg/ha,32,4053.690625,5881.161666213702,3434.3648400080306,1827.4710412137017,84.72192768800727,0.4130344229187116,0.6287618756904912
Fengqiu,maize,validation,et,1,1,mm/day,64,2.8689062499999998,2.3729889074519006,2.4932023680992432,-0.4959173425480997,86.90428166132105,0.08967747409436522,0.13745391715542338
Fengqiu,maize,validation,lai,1,2,m2/m2,32,2.3340625,2.314467001680601,0.9331409190236526,-0.019595498319399024,39.97926015364424,0.7656279615309559,0.8533967081974502
Fengqiu,wheat,calibration,biomass,1,3,kg/ha,67,4713.553293650793,6157.389243170548,2501.871996724326,1443.8359495197553,53.07825839360667,0.6635460096612407,0.8554974664836301
Fengqiu,wheat,calibration,et,1,2,mm/day,360,2.3292168962117117,1.96179139383685,1.8067361494946976,-0.3674255023748616,77.56839444335185,0.43842950415696136,0.46248063817487317
Fengqiu,wheat,calibration,lai,1,3,m2/m2,67,1.7263690476190474,1.9359823059858003,1.0354159188190266,0.2096132583667527,59.976510830464605,0.4173924544765374,0.6754671894321166
Fengqiu,wheat,validation,biomass,1,1,kg/ha,24,2984.6208333333334,7374.386513504768,6394.656150051648,4389.765680171435,214.2535520302545,-3.103219890640858,0.8142989704924107
Fengqiu,wheat,validation,et,1,2,mm/day,395,1.2619467170127963,1.4461212672033286,1.5186737113707287,0.18417455019053236,120.34372694955306,0.19865349325357307,0.26875355173703325
Fengqiu,wheat,validation,lai,1,1,m2/m2,20,1.229,2.5929085168329076,2.1093480818297707,1.3639085168329075,171.63125157280476,-3.9229411963488934,0.8379099211792131
Gucheng,maize,calibration,lai,1,2,m2/m2,144,2.336587536351656,1.522496039180906,1.411974632135621,-0.8140914971707507,60.428920815878186,0.5202216173639378,0.7737475373325098
Gucheng,maize,validation,lai,1,1,m2/m2,72,2.3326645,1.4616562727796838,1.4051561180665186,-0.8710082272203162,60.23824335074841,0.5247849849699324,0.9009205818673527
Luancheng,maize,calibration,biomass,1,2,kg/ha,20,8200.25119047619,13682.41257153001,7194.563886217034,5482.16138105382,87.73589636586784,-1.2652469408664668,0.24191655302500883
Luancheng,maize,calibration,lai,1,2,m2/m2,14,3.716666666666667,4.092143859633177,0.794891045112418,0.3754771929665104,21.387203007509004,0.5862738477701557,0.6837286970881471
Luancheng,maize,validation,biomass,1,2,kg/ha,42,6587.113194444443,7602.810520107718,1817.3460806540957,1015.6973256632735,27.589416289169606,0.924671702685603,0.9496282870503396
Luancheng,maize,validation,lai,1,2,m2/m2,30,1.938611111111111,1.7556936784660202,0.3681512955286732,-0.18291743264509078,18.990466598412716,0.9466398084878378,0.9697867859047345
Luancheng,wheat,calibration,biomass,1,2,kg/ha,34,4918.789555555555,8075.392565334383,5234.377298818923,3156.6030097788275,106.41596351498563,0.019558953404133606,0.4110353041484911
Luancheng,wheat,calibration,lai,1,2,m2/m2,28,3.9002923976608184,2.297444167109001,1.9916690054097914,-1.6028482305518175,51.064607530560664,-0.18730535422249117,0.6150380715259753
Luancheng,wheat,validation,biomass,1,3,kg/ha,69,7349.884435626102,7739.003365918913,3353.860615507312,389.11893029281106,45.63147413924764,0.5243563938242319,0.6500118376590694
Luancheng,wheat,validation,lai,1,3,m2/m2,51,3.699505772005772,2.4400894898053367,1.6982876751788332,-1.2594162822004353,45.905798769927785,0.2431769592360835,0.7270901834351506
Shangqiu,maize,calibration,biomass,1,2,kg/ha,8,7176.75,8286.259207400595,2597.246512804088,1109.509207400596,36.189730906107755,0.8745341203369408,0.8974687373809523
Shangqiu,maize,calibration,lai,1,2,m2/m2,8,2.1375,2.5879447215681823,1.5011570041529192,0.4504447215681827,70.22956744575059,0.4716166679922641,0.5203758564180602
Shangqiu,maize,validation,biomass,1,3,kg/ha,32,6657.1693121693115,7286.825048486848,2869.479063760177,629.6557363175356,43.103591469647114,0.8222038171404555,0.8325122924507332
Shangqiu,maize,validation,lai,1,3,m2/m2,32,2.2384947089947085,2.021012851658221,1.2043261713133788,-0.2174818573364879,53.80071556453367,0.5804337734974006,0.612412699253814
Shangqiu,wheat,calibration,biomass,1,4,kg/ha,52,7856.694444444443,5038.6743094643025,3659.171167430386,-2818.0201349801414,46.573927410627846,0.692723372477492,0.8847196431286026
Shangqiu,wheat,calibration,lai,1,4,m2/m2,34,1.8239583333333331,0.34859515005853225,2.370828849825177,-1.4753631832748009,129.98262112119758,-0.19875093171064795,0.7773225987068823
Shangqiu,wheat,validation,biomass,1,3,kg/ha,56,6933.844907407408,6097.143173972472,2506.700870542282,-836.7017334349356,36.15167203789603,0.859051577560999,0.8987173306840188
Shangqiu,wheat,validation,lai,1,3,m2/m2,40,1.8592195767195767,0.5570655434880667,2.2224684200588665,-1.30215403323151,119.5377053839014,0.013254987052991885,0.650801652620823
Yucheng,maize,calibration,biomass,1,7,kg/ha,27,11528.98717948718,13707.150277363184,3103.754307882909,2178.163097876005,26.921309387915958,0.6929143910795788,0.8988324420221425
Yucheng,maize,calibration,et,1,9,mm/day,807,3.5338307353798273,3.0519637316937906,2.0396432599148384,-0.48186700368603685,57.71762748833557,0.0596354655288992,0.17903951570357113
Yucheng,maize,calibration,harvest_biomass,1,7,kg/ha,42,15639.517862557019,17494.632818056307,3074.50081916624,1855.1149554992871,19.658539644159895,-0.9162269222085582,0.08288003189922695
Yucheng,maize,calibration,lai,1,10,m2/m2,48,1.979745212177312,2.254789006073362,0.8214920642130401,0.27504379389605016,41.49483777811833,0.6789981947699248,0.7209432551491392
Yucheng,maize,calibration,yield,1,7,kg/ha,42,7439.339195204303,8096.635390028459,1402.113351524238,657.296194824157,18.847283538679033,0.06923182545663542,0.4148391283374883
Yucheng,maize,validation,et,1,9,mm/day,765,3.9547819950589638,2.9826276423709155,2.648760031784728,-0.9721543526880485,66.97613256796564,-0.17511569303119034,0.0686507538241032
Yucheng,maize,validation,harvest_biomass,1,8,kg/ha,48,18937.011093072782,17804.894763643963,3718.6573859675145,-1132.1163294288192,19.636981610724256,-0.39720883237856297,0.013129470373698951
Yucheng,maize,validation,lai,1,9,m2/m2,35,1.938014177755654,2.230862042483714,0.7178118628987914,0.29284786472805985,37.038524853830744,0.7281300277495484,0.7754468497210646
Yucheng,maize,validation,yield,1,8,kg/ha,48,9786.73663737562,8200.938090392196,2285.5840217587215,-1585.7985469834227,23.35389319694227,-1.5659462432971272,0.0014092377529595261
Yucheng,wheat,calibration,biomass,1,5,kg/ha,40,9159.10746606335,10390.588854698864,4169.802384623293,1231.4813886355141,45.52629609460739,0.5236866465282288,0.6293744788537949
Yucheng,wheat,calibration,et,1,9,mm/day,1548,2.395753612157101,2.542635402222052,1.7320026661688557,0.14688179006495083,72.29469079708018,0.3808104878726385,0.46618494135560773
Yucheng,wheat,calibration,harvest_biomass,1,8,kg/ha,48,15011.780156249306,16891.812363209607,2771.4451708776846,1880.0322069602998,18.461802278152536,-0.8158440032358611,0.12015448073922205
Yucheng,wheat,calibration,lai,1,10,m2/m2,62,2.179677587134142,1.9522176288823816,1.1286896315186017,-0.22745995825176082,51.78241214117415,0.6523891548264892,0.666971745318523
Yucheng,wheat,calibration,yield,1,8,kg/ha,48,6350.380930887617,7301.2391060241225,1255.5673445172279,950.8581751365051,19.771528010395,-0.7226054350366578,0.33398136786961996
Yucheng,wheat,validation,et,1,9,mm/day,1593,2.2801216567892233,2.37718363793402,2.0591441341910586,0.09706198114479686,90.30852051511425,-0.04769817001740484,0.19026613217093366
Yucheng,wheat,validation,harvest_biomass,1,9,kg/ha,54,14663.678896187532,16789.557872084635,2735.629938337105,2125.8789758971047,18.655822714778296,-1.0492842976832626,0.3407735248226494
Yucheng,wheat,validation,lai,1,9,m2/m2,38,2.2501884007780286,2.0940639649408985,1.1488238957051309,-0.15612443583713043,51.05456482256827,0.6381629338987068,0.647967683542958
Yucheng,wheat,validation,yield,1,9,kg/ha,54,6897.7441269966985,7382.472167810374,834.0334928342521,484.7280408136759,12.091395063060903,0.09934888671257991,0.48986016349853045
