case_id,version,crop,predicted_et_mm,predicted_biomass_kg_ha,grain_13pct_kg_ha,germination_start_date,anthesis_date,maturity_date,final_storage_mm,lai_max,transpiration_mm,soil_evaporation_mm,canopy_evaporation_mm,water_residual_max_mm,carbon_residual_max_kg_ha,site,split,source_group_id,harvest_year,treatment,observed_et_mm,et_eligible,yield_13pct_kg_ha,observed_biomass_kg_ha,standard_error_kg_ha,digitization_tolerance_kg_ha
yang2024_maize_2015_2016_W0,management_refit,maize,271.52984233326157,16505.587979889562,10289.035177736112,2016-06-16,2016-08-10,2016-09-23,595.568513055776,3.1421600841584016,166.4829277966068,9.328117655736955,95.71879688091784,2.55351295663786e-13,2.8137492336099967e-12,Wuqiao,calibration,Wuqiao-2016,2016.0,W0,248.0,True,12247.19101123594,22900.0,56.179775280898824,56.179775280898824
yang2024_maize_2015_2016_W1,management_refit,maize,282.97962343530276,16985.65692562168,10581.223944535514,2016-06-16,2016-08-10,2016-09-23,602.1166676350456,3.3152540760156515,176.03523171637423,9.11495777803824,97.82943394089033,3.0198066269804263e-13,5.1443294069031245e-12,Wuqiao,calibration,Wuqiao-2016,2016.0,W1,294.0,True,13089.887640449422,22200.0,168.53932584269648,56.179775280898824
yang2024_maize_2015_2016_W2,management_refit,maize,309.6664139160196,17969.09923900382,11182.001001675795,2016-06-16,2016-08-10,2016-09-23,636.3933137462075,3.694819501057462,199.20073955766483,8.639677058811122,101.82599729954366,6.408207298136405e-13,5.5138116294983774e-12,Wuqiao,calibration,Wuqiao-2016,2016.0,W2,346.0,True,11797.752808988747,21600.0,196.6292134831459,56.179775280898824
yang2024_maize_2015_2016_W3,management_refit,maize,299.30898864201487,17610.566617671913,10956.60294812274,2016-06-16,2016-08-10,2016-09-23,614.7788661666539,3.559003772313898,190.20023072733235,8.706476987005196,100.40228092767732,4.405364961712621e-13,3.467448550509289e-12,Wuqiao,calibration,Wuqiao-2016,2016.0,W3,356.0,True,11910.112359550543,20800.0,252.80898876404473,56.179775280898824
yang2024_maize_2016_2017_W0,management_refit,maize,316.38895515389925,18428.652297969744,10611.5813331895,2017-06-16,2017-08-11,2017-09-24,519.2887216841534,4.0002587575174235,223.927463807634,9.018198121355004,83.44329322491025,4.2876813211023546e-13,3.637978807091713e-12,Wuqiao,calibration,Wuqiao-2017,2017.0,W0,341.0,True,12640.449438202231,23300.0,505.61797752808945,56.179775280898824
yang2024_maize_2016_2017_W1,management_refit,maize,253.94142990499728,16549.44414268361,9214.306381907823,2017-06-16,2017-08-11,2017-09-24,479.7583404687715,3.4802554646399964,163.68700450106672,9.810832692059543,80.443592711871,2.944311461305915e-13,1.9184653865522705e-12,Wuqiao,calibration,Wuqiao-2017,2017.0,W1,239.0,True,11629.213483146052,22900.0,393.2584269662918,56.179775280898824
yang2024_maize_2016_2017_W2,management_refit,maize,258.54150573197484,16711.39937392741,9334.995869803666,2017-06-16,2017-08-11,2017-09-24,482.15815387370264,3.523304724714229,168.09459475044062,9.713814378202391,80.73309660333179,2.804423360203146e-13,3.865352482534945e-12,Wuqiao,calibration,Wuqiao-2017,2017.0,W2,175.0,True,13483.146067415712,23300.0,786.5168539325836,56.179775280898824
yang2024_maize_2016_2017_W3,management_refit,maize,297.6464220918972,17922.209342714497,10260.079702352772,2017-06-16,2017-08-11,2017-09-24,503.0477032935085,3.820465850022726,205.8321292587318,9.178720934997228,82.63557189816817,2.771116669464391e-13,3.609557097661309e-12,Wuqiao,calibration,Wuqiao-2017,2017.0,W3,270.0,True,12640.449438202231,22400.0,421.3483146067412,56.179775280898824
yang2024_maize_2017_2018_W0,management_refit,maize,320.5441560693394,17290.52696254107,10352.503641286245,2018-06-16,2018-08-10,2018-09-23,573.7831033341229,3.5611339903603216,225.7729387917084,10.160838770147995,84.61037850748305,2.842170943040401e-13,1.9326762412674725e-12,Wuqiao,calibration,Wuqiao-2018,2018.0,W0,289.0,True,12247.19101123594,22000.0,337.07865168539297,56.179775280898824
yang2024_maize_2017_2018_W1,management_refit,maize,294.38671707831503,16286.546173585826,9808.343451167206,2018-06-16,2018-08-10,2018-09-23,562.096331182016,3.1942557876615205,203.01330326066167,10.6957831393051,80.6776306783483,2.831068712794149e-13,2.614797267597169e-12,Wuqiao,calibration,Wuqiao-2018,2018.0,W1,300.0,True,13202.247191011222,20900.0,505.61797752808945,56.179775280898824
yang2024_maize_2017_2018_W2,management_refit,maize,334.85733140259407,17705.730558750147,10619.361042272189,2018-06-16,2018-08-10,2018-09-23,590.8295404721616,3.718681683131777,239.9656835681727,9.099294044847738,85.7923537895736,6.918909889463977e-13,4.149569576838985e-12,Wuqiao,calibration,Wuqiao-2018,2018.0,W2,305.0,True,9101.123595505604,17000.0,196.6292134831459,56.179775280898824
yang2024_maize_2017_2018_W3,management_refit,maize,345.4619037341108,17972.72251774862,10759.9065179828,2018-06-16,2018-08-10,2018-09-23,641.2253038458915,3.857663476249742,249.46701208861649,9.375200859062264,86.61969078643206,7.753797603982093e-13,3.637978807091713e-12,Wuqiao,calibration,Wuqiao-2018,2018.0,W3,379.0,True,10842.696629213468,18900.0,308.98876404494354,56.179775280898824
yang2024_maize_2018_2019_W0,management_refit,maize,368.8742282239054,20519.648749358144,12198.60105094709,2019-06-16,2019-08-12,2019-09-27,629.9134312437524,4.564408546938386,268.6183572105838,11.249239064020037,89.0066319493016,7.256417688950023e-13,3.865352482534945e-12,Wuqiao,validation,Wuqiao-2019,2019.0,W0,460.0,True,10168.539325842685,18500.0,365.16853932584235,56.179775280898824
yang2024_maize_2018_2019_W1,management_refit,maize,341.56387508153114,19788.129366146743,11775.777573155983,2019-06-16,2019-08-12,2019-09-27,548.1888407501127,4.176301506998961,243.6754411420887,10.644770825686996,87.24366311375545,2.6556534749033744e-13,4.234834705130197e-12,Wuqiao,validation,Wuqiao-2019,2019.0,W1,384.0,True,11910.112359550543,19200.0,224.7191011235953,56.179775280898824
yang2024_maize_2018_2019_W2,management_refit,maize,354.34239676067403,20184.14305492487,12027.785367785906,2019-06-16,2019-08-12,2019-09-27,563.6172098469103,4.360481828299395,256.9128727681002,9.322402648418636,88.10712134415522,6.536993168992923e-13,4.206412995699793e-12,Wuqiao,validation,Wuqiao-2019,2019.0,W2,326.0,True,10674.157303370774,22500.0,421.3483146067412,56.179775280898824
yang2024_maize_2018_2019_W3,management_refit,maize,366.6102458219981,20511.639858548173,12194.73625677303,2019-06-16,2019-08-12,2019-09-27,625.8775935754616,4.559052146276068,268.3417813541726,9.28355403731868,88.98491043050684,6.359357485052898e-13,4.718003765447065e-12,Wuqiao,validation,Wuqiao-2019,2019.0,W3,405.0,True,9831.460674157292,17900.0,561.7977528089882,56.179775280898824
yang2024_wheat_2015_2016_W0,management_refit,wheat,376.91528168474946,13818.83605329846,6975.493167205737,2015-10-21,2016-04-27,2016-06-04,365.61213709977744,3.9491965866785375,220.5629972860922,143.8289308388908,12.523353559766417,2.247091401841317e-13,2.614797267597169e-12,Wuqiao,calibration,Wuqiao-2016,2016.0,W0,428.0,True,7561.840494521616,15700.0,192.03180801877727,42.67373511528383
yang2024_wheat_2015_2016_W1,management_refit,wheat,412.98917225861186,14161.854216577116,7104.247018140255,2015-10-21,2016-04-27,2016-06-04,365.1624874197496,4.185248177577948,225.6387495196801,174.61211722108143,12.738305517850318,2.5091040356528543e-13,2.330580173293129e-12,Wuqiao,calibration,Wuqiao-2016,2016.0,W1,433.0,True,7391.145554060481,14800.0,469.4110862681222,42.67373511528383
yang2024_wheat_2015_2016_W2,management_refit,wheat,462.8069900767257,16801.717717902407,8483.411008124482,2015-10-21,2016-04-27,2016-06-04,389.5967589914151,4.858351919764562,253.8642473643517,195.7506090461003,13.192133666273666,2.97983859809392e-13,3.467448550509289e-12,Wuqiao,calibration,Wuqiao-2016,2016.0,W2,446.0,True,9226.116164017683,18100.0,213.3686755764192,42.67373511528383
yang2024_wheat_2015_2016_W3,management_refit,wheat,487.2439790722388,16874.977665100767,8523.796143921565,2015-10-21,2016-04-27,2016-06-04,443.8105000255215,4.890872872024463,254.77020246660703,219.2591133550553,13.214663250576486,2.6645352591003757e-13,3.637978807091713e-12,Wuqiao,calibration,Wuqiao-2016,2016.0,W3,561.0,True,9866.222190746945,20700.0,277.37927824934496,42.67373511528383
yang2024_wheat_2016_2017_W0,management_refit,wheat,370.43860041878537,12429.594666827234,5960.834044914826,2016-10-12,2017-04-28,2017-06-05,351.52273869212763,3.7053092242443046,204.5869513612263,143.1266473696837,22.725001687875384,2.260414078136819e-13,2.1458390619955026e-12,Wuqiao,calibration,Wuqiao-2017,2017.0,W0,307.0,True,7561.840494521616,17200.0,426.7373511528384,42.67373511528383
yang2024_wheat_2016_2017_W1,management_refit,wheat,416.88056701123065,13323.686037782189,6213.0479117095565,2016-10-12,2017-04-28,2017-06-05,351.5541126076038,4.2672181968436105,216.06872785054512,177.09449630344997,23.71734285723553,2.0228263508670355e-13,2.557953848736361e-12,Wuqiao,calibration,Wuqiao-2017,2017.0,W1,457.0,True,8586.010137288427,19800.0,576.0954240563317,42.67373511528383
yang2024_wheat_2016_2017_W2,management_refit,wheat,475.4050982486323,17861.451891828023,8915.210927597635,2016-10-12,2017-04-28,2017-06-05,375.9643524673792,5.016848441101888,264.3723539120855,186.52633070359485,24.506413632952032,1.8607337892717626e-13,4.007461029686965e-12,Wuqiao,calibration,Wuqiao-2017,2017.0,W2,534.0,True,10378.30701213035,26200.0,170.69494046113533,42.67373511528383
yang2024_wheat_2016_2017_W3,management_refit,wheat,495.0041487800709,18355.135980774987,9444.33141904402,2016-10-12,2017-04-28,2017-06-05,392.0363039198105,4.884716381784974,268.4375748313382,202.21231811641147,24.354255832321257,2.2293278334473146e-13,2.9842794901924208e-12,Wuqiao,calibration,Wuqiao-2017,2017.0,W3,507.0,True,10463.654482360917,25500.0,277.37927824934496,42.67373511528383
yang2024_wheat_2017_2018_W0,management_refit,wheat,353.2028034982277,6766.459754511185,3193.7291576146126,2017-10-15,2018-04-30,,424.22812847418413,1.497448048871291,126.73919956263144,209.43744655811315,17.0261573774831,1.9895196601282805e-13,1.552535877635819e-12,Wuqiao,calibration,Wuqiao-2018,2018.0,W0,325.0,True,2483.6660158028394,6200.0,64.01060267292576,42.67373511528383
yang2024_wheat_2017_2018_W1,management_refit,wheat,410.799134777974,9291.427191292702,4521.947028375309,2017-10-15,2018-04-30,,423.643805828358,2.113880110228459,164.2866204705198,225.22004706650893,21.29246724094528,1.755817713444685e-13,2.515321284590755e-12,Wuqiao,calibration,Wuqiao-2018,2018.0,W1,421.0,True,3081.098307416813,6800.0,234.7055431340611,42.67373511528383
yang2024_wheat_2017_2018_W2,management_refit,wheat,479.60878751646896,14921.811131793778,7537.080120936992,2017-10-15,2018-04-30,,499.4193435468147,3.713675454626074,229.03979179128015,223.3460559097335,27.222939815455305,2.2026824808563106e-13,2.7853275241795927e-12,Wuqiao,calibration,Wuqiao-2018,2018.0,W2,493.0,True,6324.302176178384,13600.0,106.6843377882096,42.67373511528383
yang2024_wheat_2017_2018_W3,management_refit,wheat,480.9172654163008,14436.697767546902,7294.619800882928,2017-10-15,2018-04-30,,531.824258966321,3.5148281062893676,222.27440846045695,232.0320545202744,26.61080243556943,2.424727085781342e-13,2.188471626141109e-12,Wuqiao,calibration,Wuqiao-2018,2018.0,W3,462.0,True,6580.344586870088,14200.0,384.06361603755454,42.67373511528383
yang2024_wheat_2018_2019_W0,management_refit,wheat,311.74801200192786,13068.58807147728,6148.882605256366,2018-10-15,2019-04-29,,371.0227861263744,2.978103022293289,215.68586439959327,81.47213531311053,14.590012289224084,1.9539925233402758e-13,2.245315045001917e-12,Wuqiao,validation,Wuqiao-2019,2019.0,W0,170.0,True,2056.928664650002,4800.0,0.0,42.67373511528383
yang2024_wheat_2018_2019_W1,management_refit,wheat,354.2330019021673,12441.3819598249,5832.669333735011,2018-10-15,2019-04-29,,363.69330818522405,3.1050884129215977,214.75224856141017,124.53607523107976,14.944678109677373,2.260414078136819e-13,2.7853275241795927e-12,Wuqiao,validation,Wuqiao-2019,2019.0,W1,322.0,True,2953.0771020709617,6600.0,192.03180801877727,42.67373511528383
yang2024_wheat_2018_2019_W2,management_refit,wheat,428.36255122345926,16728.811674974757,7908.7379416754675,2018-10-15,2019-04-29,,400.8391148573813,3.9369218108200226,263.67072481046193,148.26905233922412,16.42277407377325,2.708944180085382e-13,2.685851541173179e-12,Wuqiao,validation,Wuqiao-2019,2019.0,W2,432.0,True,5086.763857835153,13800.0,170.69494046113533,42.67373511528383
yang2024_wheat_2018_2019_W3,management_refit,wheat,444.3734447941698,16394.068281636457,7724.953382695821,2018-10-15,2019-04-29,,449.5727758314325,3.7972752962686567,258.86340111035867,169.33068832738192,16.17935535642931,2.415845301584341e-13,1.9326762412674725e-12,Wuqiao,validation,Wuqiao-2019,2019.0,W3,419.0,True,5086.763857835153,13800.0,149.35807290349342,42.67373511528383
